date,type,debit,credit,amount,reference,balance
2026-04-01,credit,0.0,7805.71,7805.71,TXN100142,1741533.56
2026-04-01,credit,0.0,10390.38,10390.38,TXN100243,2747009.44
2026-04-01,credit,0.0,16153.77,16153.77,TXN100269,3054253.83
2026-04-01,credit,0.0,21762.02,21762.02,TXN1O0885,9385992.1
2026-04-01,credit,0.0,18664.64,18664.64,TXN100970,10260683.88
2026-04-01,credit,0.0,23735.07,23735.07,TXN101042,11040136.86
2026-04-01,credit,0.0,8731.52,8731.52,TXN1O1243,13075652.37
2026-04-01,credit,0.0,22455.13,22455.13,TXN1O1410,14711779.57
2026-04-01,credit,0.0,24398.45,24398.45,TXN101445,15061907.15
2026-04-01,credit,0.0,9955.71,9955.71,TXN102276,23258279.83
2026-04-01,credit,0.0,7788.48,7788.48,TXN102869,29152747.8
2026-04-01,credit,0.0,5321.01,5321.01,TXN1O3131,31752749.81
2026-04-01,credit,0.0,24709.49,24709.49,TXN103231,32769314.82
2026-04-01,credit,0.0,12361.19,12361.19,TXN103396,34468080.36
2026-04-01,credit,0.0,7797.29,7797.29,TXN103827,38678168.8
2026-04-01,credit,0.0,15380.99,15380.99,TXN103886,39317368.98
2026-04-01,credit,0.0,6387.81,6387.81,TXN104040,40782878.82
2026-04-01,credit,0.0,14198.98,14198.98,TXN1O4393,44423400.94
2026-04-01,credit,0.0,10994.34,10994.34,TXN104483,45410223.7
2026-04-01,credit,0.0,24897.19,24897.19,TXN104632,46789269.77
2026-04-01,credit,0.0,22361.63,22361.63,TXN104661,47127298.12
2026-04-01,credit,0.0,1943.7,1943.7,TXN1O4763,48178940.15
2026-04-01,credit,0.0,11938.84,11938.84,TXN104907,49625117.27
2026-04-01,credit,0.0,23853.56,23853.56,TXN104979,50441014.52
2026-04-02,credit,0.0,19042.54,19042.54,TXN100008,310882.42
2026-04-02,credit,0.0,2005.07,2005.07,TXN100058,867673.52
2026-04-02,credit,0.0,6741.4,6741.4,TXN100660,6990040.42
2026-04-02,credit,0.0,14576.28,14576.28,TXN101419,14806674.53
2026-04-02,credit,0.0,9563.24,9563.24,TXN101420,14816237.77
2026-04-02,credit,0.0,3049.53,3049.53,TXN101769,18306892.81
2026-04-02,credit,0.0,7981.24,7981.24,TXN101796,18598341.43
2026-04-02,credit,0.0,4731.5,4731.5,TXN101971,20183299.48
2026-04-02,credit,0.0,6410.38,6410.38,TXN102308,23615349.86
2026-04-02,credit,0.0,12978.88,12978.88,TXN102330,23776589.95
2026-04-02,credit,0.0,5143.34,5143.34,TXN1O2554,26009981.01
2026-04-02,credit,0.0,602.45,602.45,TXN102787,28322997.2
2026-04-02,credit,0.0,17939.75,17939.75,TXN102978,30198242.41
2026-04-02,credit,0.0,4144.07,4144.07,TXN102997,30350934.17
2026-04-02,credit,0.0,23372.53,23372.53,TXN1O3346,33956307.21
2026-04-02,credit,0.0,10928.97,10928.97,TXN103426,34760467.05
2026-04-02,credit,0.0,6923.18,6923.18,TXN103748,37917579.95
2026-04-02,debit,15380.99,0.0,-15380.99,TXN103886-R,39301987.99
2026-04-02,credit,0.0,10357.41,10357.41,TXN103933,39751838.09
2026-04-02,credit,0.0,18790.63,18790.63,TXN103983,40256060.17
2026-04-02,credit,0.0,8929.72,8929.72,TXN104587,46384678.06
2026-04-02,credit,0.0,6435.95,6435.95,TXN104653,47020952.59
2026-04-03,credit,0.0,11619.65,11619.65,TXN100091,1145378.25
2026-04-03,credit,0.0,3063.28,3063.28,TXN100108,1325241.6
2026-04-03,credit,0.0,2735.58,2735.58,TXN100818,8622274.4
2026-04-03,credit,0.0,12269.84,12269.84,TXN100855,9007729.28
2026-04-03,credit,0.0,4346.67,4346.67,TXN100942,9898668.35
2026-04-03,credit,0.0,9412.31,9412.31,TXN100963,10162976.7
2026-04-03,credit,0.0,21344.37,21344.37,TXN101207,12716168.45
2026-04-03,credit,0.0,16191.95,16191.95,TXN101226,12879111.19
2026-04-03,credit,0.0,17610.22,17610.22,TXN101463,15285229.49
2026-04-03,credit,0.0,16942.16,16942.16,TXN101535,16000180.13
2026-04-03,credit,0.0,6050.42,6050.42,TXN101551,16115380.42
2026-04-03,credit,0.0,15580.42,15580.42,TXN101637,16971642.28
2026-04-03,credit,0.0,11600.67,11600.67,TXN101873,19238027.71
2026-04-03,credit,0.0,18937.39,18937.39,TXN1O2141,21975788.99
2026-04-03,credit,0.0,3314.04,3314.04,TXN102547,25946633.89
2026-04-03,credit,0.0,20651.12,20651.12,TXN103073,31174134.61
2026-04-03,credit,0.0,23953.16,23953.16,TXN103095,31407829.16
2026-04-03,credit,0.0,9889.03,9889.03,TXN103149,31854560.3
2026-04-03,credit,0.0,3726.74,3726.74,TXN103342,33894769.6
2026-04-03,debit,10928.97,0.0,-10928.97,TXN103426-R,34749538.08
2026-04-03,credit,0.0,14639.29,14639.29,TXN103477,35235640.14
2026-04-03,credit,0.0,24058.33,24058.33,TXN103481,35303808.95
2026-04-03,credit,0.0,5910.01,5910.01,TXN103545,35916105.61
2026-04-03,credit,0.0,11821.06,11821.06,TXN103588,36379715.55
2026-04-03,credit,0.0,8146.89,8146.89,TXN103767,38145802.38
2026-04-03,credit,0.0,5034.41,5034.41,TXN103802,38432434.83
2026-04-03,credit,0.0,4136.72,4136.72,TXN103854,38976059.75
2026-04-03,debit,10994.34,0.0,-10994.34,TXN104483-R,45399229.36
2026-04-03,credit,0.0,7664.97,7664.97,TXN104555,46120639.36
2026-04-03,credit,0.0,9261.06,9261.06,TXN104716,47643804.54
2026-04-03,credit,0.0,3052.37,3052.37,TXN104774,48298170.03
2026-04-03,credit,0.0,15898.99,15898.99,TXN104945,50103147.07
2026-04-04,credit,0.0,17788.06,17788.06,TXN100225,2531093.56
2026-04-04,credit,0.0,13940.61,13940.61,TXN100276,3134770.28
2026-04-04,credit,0.0,17781.47,17781.47,TXN100296,3386303.29
2026-04-04,credit,0.0,6832.13,6832.13,TXN100338,3851685.56
2026-04-04,credit,0.0,6213.61,6213.61,TXN100953,10005942.42
2026-04-04,credit,0.0,13211.43,13211.43,TXN101273,13427145.67
2026-04-04,credit,0.0,18668.65,18668.65,TXN101284,13534475.79
2026-04-04,credit,0.0,18502.06,18502.06,TXN101448,15109890.61
2026-04-04,credit,0.0,7433.17,7433.17,TXN1O1897,19465888.79
2026-04-04,credit,0.0,10211.03,10211.03,TXN101907,19556223.09
2026-04-04,credit,0.0,4554.55,4554.55,TXN101956,20045407.51
2026-04-04,credit,0.0,24469.1,24469.1,TXN102163,22239176.52
2026-04-04,credit,0.0,4451.02,4451.02,TXN102373,24167001.4
2026-04-04,credit,0.0,15000.83,15000.83,TXN102593,26432185.91
2026-04-04,debit,4144.07,0.0,-4144.07,TXN102997-R,30346790.1
2026-04-04,credit,0.0,19254.41,19254.41,TXN103012,30469668.76
2026-04-04,credit,0.0,16415.96,16415.96,TXN103392,34442216.56
2026-04-04,credit,0.0,11510.3,11510.3,TXN103424,34746256.2
2026-04-04,debit,5910.01,0.0,-5910.01,TXN103545-R,35910195.6
2026-04-04,credit,0.0,21869.42,21869.42,TXN103546,35932065.02
2026-04-04,credit,0.0,4330.86,4330.86,TXN103634,36813250.24
2026-04-04,credit,0.0,1191.05,1191.05,TXN103717,37555981.12
2026-04-04,credit,0.0,4273.83,4273.83,TXN103895,39360797.4
2026-04-04,credit,0.0,6707.7,6707.7,TXN104008,40468750.65
2026-04-04,credit,0.0,16818.0,16818.0,TXN104014,40518159.51
2026-04-04,credit,0.0,406.83,406.83,TXN104312,43588054.01
2026-04-04,credit,0.0,23255.56,23255.56,TXN104380,44260365.69
2026-04-04,credit,0.0,18121.81,18121.81,TXN104477,45378756.9
2026-04-04,credit,0.0,24436.04,24436.04,TXN104502,45626140.14
2026-04-04,credit,0.0,5645.66,5645.66,TXN104603,46499742.7
2026-04-04,credit,0.0,14545.99,14545.99,TXN104627,46739435.45
2026-04-04,credit,0.0,3084.99,3084.99,TXN104717,47646889.53
2026-04-05,credit,0.0,18800.9,18800.9,TXN100183,2104956.82
2026-04-05,debit,10390.38,0.0,-10390.38,TXN100243-R,2736619.06
2026-04-05,credit,0.0,9256.16,9256.16,TXN100464,5090681.93
2026-04-05,credit,0.0,10969.78,10969.78,TXN100616,6525163.9
2026-04-05,debit,21344.37,0.0,-21344.37,TXN101207-R,12694824.08
2026-04-05,credit,0.0,4058.09,4058.09,TXN101548,16101116.64
2026-04-05,credit,0.0,22443.86,22443.86,TXN101928,19743863.84
2026-04-05,credit,0.0,22026.79,22026.79,TXN101970,20178567.98
2026-04-05,credit,0.0,19434.9,19434.9,TXN102137,21957329.32
2026-04-05,credit,0.0,15434.68,15434.68,TXN102222,22808610.33
2026-04-05,credit,0.0,17492.0,17492.0,TXN102379,24230922.3
2026-04-05,credit,0.0,10509.04,10509.04,TXN102394,24346415.89
2026-04-05,credit,0.0,9162.03,9162.03,TXN102410,24482153.34
2026-04-05,credit,0.0,7091.57,7091.57,TXN102500,25471136.36
2026-04-05,debit,17939.75,0.0,-17939.75,TXN102978-R,30180302.66
2026-04-05,credit,0.0,24830.9,24830.9,TXN103735,37749848.88
2026-04-05,credit,0.0,15579.08,15579.08,TXN104390,44382551.15
2026-04-05,credit,0.0,11115.97,11115.97,TXN104532,45865565.78
2026-04-05,debit,3084.99,0.0,-3084.99,TXN104717-R,47643804.54
2026-04-06,credit,0.0,4892.66,4892.66,TXN101549,16106009.3
2026-04-06,credit,0.0,14274.42,14274.42,TXN101799,18634014.45
2026-04-06,credit,0.0,2364.66,2364.66,TXN1O2081,21345192.34
2026-04-06,debit,19434.9,0.0,-19434.9,TXN102137-R,21937894.42
2026-04-06,credit,0.0,17077.41,17077.41,TXN102205,22630937.05
2026-04-06,credit,0.0,21028.7,21028.7,TXN102386,24287832.6
2026-04-06,credit,0.0,8696.93,8696.93,TXN102504,25534660.69
2026-04-06,credit,0.0,19033.0,19033.0,TXN102549,25976947.96
2026-04-06,credit,0.0,20836.71,20836.71,TXN102623,26682327.74
2026-04-06,credit,0.0,18737.26,18737.26,TXN102780,28293423.77
2026-04-06,credit,0.0,13557.51,13557.51,TXN102887,29373272.96
2026-04-06,credit,0.0,10026.77,10026.77,TXN1O2917,29672110.55
2026-04-06,credit,0.0,3346.94,3346.94,TXN103011,30450414.35
2026-04-06,credit,0.0,20675.65,20675.65,TXN103101,31492639.2
2026-04-06,credit,0.0,4684.62,4684.62,TXN103393,34446901.18
2026-04-06,credit,0.0,4864.75,4864.75,TXN1O3469,35144685.32
2026-04-06,credit,0.0,5833.32,5833.32,TXN103518,35699324.06
2026-04-06,credit,0.0,664.12,664.12,TXN1O3725,37598535.97
2026-04-06,credit,0.0,19238.05,19238.05,TXN1O3832,38713876.73
2026-04-06,credit,0.0,4843.08,4843.08,TXN103924,39650886.16
2026-04-06,debit,18790.63,0.0,-18790.63,TXN103983-R,40237269.54
2026-04-06,credit,0.0,3675.83,3675.83,TXN104087,41238374.99
2026-04-06,credit,0.0,10216.21,10216.21,TXN104102,41407616.88
2026-04-06,credit,0.0,21051.4,21051.4,TXN104267,43107748.71
2026-04-06,credit,0.0,14778.53,14778.53,TXN104444,44991611.72
2026-04-06,credit,0.0,12583.86,12583.86,TXN104519,45719198.22
2026-04-06,credit,0.0,9706.99,9706.99,TXN104801,48560629.96
2026-04-06,credit,0.0,11016.67,11016.67,TXN104885,49411581.42
2026-04-06,debit,15898.99,0.0,-15898.99,TXN104945-R,50087248.08
2026-04-07,credit,0.0,22694.96,22694.96,TXN100192,2190932.17
2026-04-07,credit,0.0,15342.17,15342.17,TXN100398,4454609.5
2026-04-07,credit,0.0,10336.99,10336.99,TXN100486,5338501.59
2026-04-07,credit,0.0,2454.27,2454.27,TXN100784,8218945.09
2026-04-07,credit,0.0,5933.94,5933.94,TXN100968,10220052.43
2026-04-07,credit,0.0,9173.75,9173.75,TXN101699,17571919.62
2026-04-07,credit,0.0,10086.84,10086.84,TXN102069,21273485.88
2026-04-07,credit,0.0,10220.26,10220.26,TXN1O2077,21318123.11
2026-04-07,credit,0.0,7321.75,7321.75,TXN102333,23806945.91
2026-04-07,credit,0.0,5338.93,5338.93,TXN102380,24236261.23
2026-04-07,credit,0.0,14428.27,14428.27,TXN1O2494,25416767.31
2026-04-07,credit,0.0,21102.65,21102.65,TXN102505,25555763.34
2026-04-07,credit,0.0,24759.54,24759.54,TXN102571,26182428.99
2026-04-07,credit,0.0,5780.9,5780.9,TXN103104,31498420.1
2026-04-07,credit,0.0,5981.13,5981.13,TXN1O3720,37566082.3
2026-04-07,debit,4843.08,0.0,-4843.08,TXN103924-R,39646043.08
2026-04-07,credit,0.0,11265.63,11265.63,TXN104116,41541542.61
2026-04-07,credit,0.0,12184.94,12184.94,TXN104339,43846140.42
2026-04-07,debit,24436.04,0.0,-24436.04,TXN104502-R,45601704.1
2026-04-07,credit,0.0,700.63,700.63,TXN104666,47162232.76
2026-04-08,credit,0.0,2614.27,2614.27,TXN100004,258759.3
2026-04-08,credit,0.0,3148.94,3148.94,TXN100127,1582058.49
2026-04-08,credit,0.0,9904.77,9904.77,TXN100174,2044417.78
2026-04-08,credit,0.0,12259.18,12259.18,TXN100208,2367370.86
2026-04-08,credit,0.0,23762.39,23762.39,TXN100274,3103354.66
2026-04-08,credit,0.0,1435.98,1435.98,TXN1O0306,3501281.31
2026-04-08,credit,0.0,1766.34,1766.34,TXN100373,4207761.86
2026-04-08,credit,0.0,4756.28,4756.28,TXN100399,4444023.61
2026-04-08,credit,0.0,19958.26,19958.26,TXN100859,9073793.6
2026-04-08,credit,0.0,8403.27,8403.27,TXN100946,9942974.52
2026-04-08,credit,0.0,11724.12,11724.12,TXN101330,13955061.61
2026-04-08,credit,0.0,12204.66,12204.66,TXN101459,15210713.29
2026-04-08,credit,0.0,23620.18,23620.18,TXN101682,17438132.97
2026-04-08,credit,0.0,20851.46,20851.46,TXN101771,18345507.53
2026-04-08,credit,0.0,8503.52,8503.52,TXN101781,18460874.49
2026-04-08,credit,0.0,11927.17,11927.17,TXN101809,18736160.83
2026-04-08,credit,0.0,6110.46,6110.46,TXN101849,19019129.72
2026-04-08,credit,0.0,2760.2,2760.2,TXN102176,22342054.76
2026-04-08,credit,0.0,21764.82,21764.82,TXN102451,24907307.42
2026-04-08,credit,0.0,24240.77,24240.77,TXN102732,27802008.46
2026-04-08,credit,0.0,6216.39,6216.39,TXN103161,31979988.94
2026-04-08,credit,0.0,13218.57,13218.57,TXN103296,33522293.86
2026-04-08,debit,24830.9,0.0,-24830.9,TXN103735-R,37725017.98
2026-04-08,credit,0.0,15439.14,15439.14,TXN103813,38556689.08
2026-04-08,credit,0.0,4351.44,4351.44,TXN103865,39096881.59
2026-04-08,credit,0.0,5304.82,5304.82,TXN103977,40172588.07
2026-04-08,debit,6707.7,0.0,-6707.7,TXN104008-R,40462042.95
2026-04-08,credit,0.0,18307.72,18307.72,TXN1O4238,42784625.67
2026-04-08,credit,0.0,17567.7,17567.7,TXN104288,43353258.0
2026-04-08,credit,0.0,19587.5,19587.5,TXN104313,43607641.51
2026-04-08,credit,0.0,15596.14,15596.14,TXN1O4610,46589921.59
2026-04-08,credit,0.0,22939.63,22939.63,TXN104687,47358534.25
2026-04-09,credit,0.0,17349.93,17349.93,TXN100352,3975555.22
2026-04-09,credit,0.0,3417.88,3417.88,TXN100534,5806991.16
2026-04-09,credit,0.0,11327.09,11327.09,TXN100695,7338924.18
2026-04-09,credit,0.0,2557.27,2557.27,TXN100756,7981082.28
2026-04-09,credit,0.0,6921.57,6921.57,TXN100860,9080715.17
2026-04-09,credit,0.0,11180.22,11180.22,TXN100867,9156091.6
2026-04-09,credit,0.0,8457.14,8457.14,TXN1O1554,16153839.53
2026-04-09,credit,0.0,16774.81,16774.81,TXN1O1744,18067301.08
2026-04-09,credit,0.0,7005.99,7005.99,TXN101785,18510783.69
2026-04-09,debit,11927.17,0.0,-11927.17,TXN101809-R,18724233.66
2026-04-09,credit,0.0,23885.06,23885.06,TXN101865,19163159.53
2026-04-09,credit,0.0,16739.17,16739.17,TXN102066,21240631.52
2026-04-09,debit,19033.0,0.0,-19033.0,TXN102549-R,25957914.96
2026-04-09,credit,0.0,23076.96,23076.96,TXN102676,27298092.27
2026-04-09,credit,0.0,14790.49,14790.49,TXN102878,29277751.13
2026-04-09,credit,0.0,3169.73,3169.73,TXN102904,29551725.39
2026-04-09,credit,0.0,2389.88,2389.88,TXN102925,29717259.57
2026-04-09,credit,0.0,6236.28,6236.28,TXN103164,31993030.71
2026-04-09,credit,0.0,16792.44,16792.44,TXN1O3251,32994298.06
2026-04-09,credit,0.0,3131.12,3131.12,TXN103292,33473511.4
2026-04-09,credit,0.0,23965.01,23965.01,TXN103312,33698233.25
2026-04-09,credit,0.0,11747.74,11747.74,TXN103432,34814007.62
2026-04-09,credit,0.0,15901.93,15901.93,TXN103806,38471285.03
2026-04-09,debit,11265.63,0.0,-11265.63,TXN104116-R,41530276.98
2026-04-09,credit,0.0,18453.29,18453.29,TXN104143,41765899.97
2026-04-09,credit,0.0,18774.02,18774.02,TXN1O4163,41970958.68
2026-04-09,credit,0.0,22043.62,22043.62,TXN104616,46654697.11
2026-04-10,credit,0.0,21507.25,21507.25,TXN100121,1530074.56
2026-04-10,credit,0.0,2917.99,2917.99,TXN100129,1599617.05
2026-04-10,debit,15342.17,0.0,-15342.17,TXN100398-R,4439267.33
2026-04-10,credit,0.0,22856.77,22856.77,TXN100645,6815680.64
2026-04-10,debit,11327.09,0.0,-11327.09,TXN100695-R,7327597.09
2026-04-10,credit,0.0,2529.36,2529.36,TXN101027,10823745.34
2026-04-10,credit,0.0,4462.26,4462.26,TXN101102,11595973.68
2026-04-10,credit,0.0,14700.69,14700.69,TXN101146,12119290.97
2026-04-10,credit,0.0,14061.14,14061.14,TXN101235,12993279.6
2026-04-10,credit,0.0,13595.75,13595.75,TXN101363,14309688.08
2026-04-10,credit,0.0,2600.22,2600.22,TXN101749,18107410.98
2026-04-10,credit,0.0,11646.4,11646.4,TXN101795,18602006.59
2026-04-10,credit,0.0,12094.34,12094.34,TXN102391,24329878.78
2026-04-10,credit,0.0,16214.44,16214.44,TXN102437,24699678.32
2026-04-10,credit,0.0,13511.1,13511.1,TXN102657,27089372.51
2026-04-10,credit,0.0,21216.01,21216.01,TXN103499,35501187.54
2026-04-10,credit,0.0,24454.37,24454.37,TXN103563,36156787.66
2026-04-10,debit,15439.14,0.0,-15439.14,TXN103813-R,38541249.94
2026-04-10,credit,0.0,13153.88,13153.88,TXN103914,39525893.42
2026-04-10,credit,0.0,11883.24,11883.24,TXN104374,44187708.93
2026-04-10,credit,0.0,5329.44,5329.44,TXN104586,46375748.34
2026-04-10,credit,0.0,24080.38,24080.38,TXN104679,47300123.35
2026-04-10,credit,0.0,6720.88,6720.88,TXN104874,49256566.72
2026-04-11,credit,0.0,22503.44,22503.44,TXN100112,1385832.58
2026-04-11,credit,0.0,7772.03,7772.03,TXN100327,3741956.28
2026-04-11,debit,4756.28,0.0,-4756.28,TXN100399-R,4439267.33
2026-04-11,credit,0.0,10853.13,10853.13,TXN100420,4626315.96
2026-04-11,credit,0.0,11408.42,11408.42,TXN1O0446,4908577.73
2026-04-11,credit,0.0,414.23,414.23,TXN101336,14013050.66
2026-04-11,credit,0.0,18437.22,18437.22,TXN1O1603,16647787.91
2026-04-11,debit,9173.75,0.0,-9173.75,TXN101699-R,17562745.87
2026-04-11,credit,0.0,15315.87,15315.87,TXN1O1709,17692911.91
2026-04-11,credit,0.0,13743.04,13743.04,TXN101715,17753389.58
2026-04-11,debit,11646.4,0.0,-11646.4,TXN101795-R,18590360.19
2026-04-11,credit,0.0,10316.04,10316.04,TXN101950,19984695.84
2026-04-11,credit,0.0,3594.26,3594.26,TXN1O1968,20141113.88
2026-04-11,credit,0.0,23623.43,23623.43,TXN102239,23022080.0
2026-04-11,credit,0.0,11205.54,11205.54,TXN102324,23708907.19
2026-04-11,credit,0.0,11513.46,11513.46,TXN102649,27001746.44
2026-04-11,credit,0.0,13165.56,13165.56,TXN102761,28076918.87
2026-04-11,credit,0.0,3481.75,3481.75,TXN102923,29712400.51
2026-04-11,credit,0.0,22299.79,22299.79,TXN1O3180,32124650.8
2026-04-11,credit,0.0,15260.32,15260.32,TXN103198,32393075.53
2026-04-11,credit,0.0,8633.53,8633.53,TXN103334,33859953.1
2026-04-11,credit,0.0,22275.67,22275.67,TXN103479,35279750.62
2026-04-11,credit,0.0,2812.9,2812.9,TXN103534,35830451.36
2026-04-11,credit,0.0,20405.48,20405.48,TXN103655,37040421.6
2026-04-11,credit,0.0,24490.62,24490.62,TXN104027,40644753.94
2026-04-11,credit,0.0,6373.82,6373.82,TXN104262,43049376.14
2026-04-11,debit,24080.38,0.0,-24080.38,TXN104679-R,47276042.97
2026-04-11,credit,0.0,21788.75,21788.75,TXN104773,48295117.66
2026-04-11,credit,0.0,4293.35,4293.35,TXN104910,49653516.09
2026-04-11,credit,0.0,15474.77,15474.77,TXN1O4912,49670222.95
2026-04-11,credit,0.0,22140.21,22140.21,TXN104942,50056971.45
2026-04-11,credit,0.0,1198.57,1198.57,TXN104999,50696482.5
2026-04-12,credit,0.0,17891.92,17891.92,TXN100012,360978.64
2026-04-12,credit,0.0,387.58,387.58,TXN1O0105,1284029.33
2026-04-12,debit,9904.77,0.0,-9904.77,TXN100174-R,2034513.01
2026-04-12,credit,0.0,23790.07,23790.07,TXN100226,2554883.63
2026-04-12,credit,0.0,7995.78,7995.78,TXN100291,3335890.39
2026-04-12,credit,0.0,8821.75,8821.75,TXN100509,5538982.02
2026-04-12,credit,0.0,10765.33,10765.33,TXN100682,7217868.99
2026-04-12,credit,0.0,1255.31,1255.31,TXN101375,14388639.18
2026-04-12,credit,0.0,17181.14,17181.14,TXN101412,14739699.52
2026-04-12,credit,0.0,2846.64,2846.64,TXN101798,18622586.67
2026-04-12,debit,6110.46,0.0,-6110.46,TXN101849-R,19013019.26
2026-04-12,credit,0.0,1601.79,1601.79,TXN101986,20359204.86
2026-04-12,credit,0.0,3397.16,3397.16,TXN102196,22566221.32
2026-04-12,credit,0.0,12674.98,12674.98,TXN102362,24110147.28
2026-04-12,credit,0.0,1758.25,1758.25,TXN102597,26474361.98
2026-04-12,credit,0.0,18696.24,18696.24,TXN102632,26806699.8
2026-04-12,credit,0.0,23908.33,23908.33,TXN103054,30962666.45
2026-04-12,credit,0.0,13479.08,13479.08,TXN103064,31058369.91
2026-04-12,credit,0.0,15231.31,15231.31,TXN103111,31547540.45
2026-04-12,credit,0.0,1029.19,1029.19,TXN103493,35421659.67
2026-04-12,credit,0.0,7484.55,7484.55,TXN103609,36565136.68
2026-04-12,credit,0.0,5407.09,5407.09,TXN103888,39313258.23
2026-04-12,credit,0.0,19204.4,19204.4,TXN104071,41099906.07
2026-04-12,credit,0.0,4053.47,4053.47,TXN104357,44053377.55
2026-04-13,credit,0.0,21251.52,21251.52,TXN100518,5662129.66
2026-04-13,debit,10765.33,0.0,-10765.33,TXN100682-R,7207103.66
2026-04-13,credit,0.0,24315.57,24315.57,TXN100705,7459826.2
2026-04-13,credit,0.0,4344.32,4344.32,TXN101001,10543166.47
2026-04-13,credit,0.0,4221.76,4221.76,TXN101126,11914702.72
2026-04-13,credit,0.0,14969.92,14969.92,TXN101184,12474502.55
2026-04-13,credit,0.0,10140.53,10140.53,TXN101496,15624549.33
2026-04-13,credit,0.0,9128.3,9128.3,TXN101596,16576521.52
2026-04-13,credit,0.0,3963.96,3963.96,TXN102059,21153200.57
2026-04-13,credit,0.0,22970.68,22970.68,TXN102481,25278259.19
2026-04-13,credit,0.0,7021.65,7021.65,TXN102568,26147454.57
2026-04-13,credit,0.0,20961.58,20961.58,TXN1O2726,27732331.24
2026-04-13,credit,0.0,4517.46,4517.46,TXN102956,29988339.88
2026-04-13,credit,0.0,4789.27,4789.27,TXN103032,30713327.51
2026-04-13,credit,0.0,23694.48,23694.48,TXN103348,34002119.68
2026-04-13,credit,0.0,6380.2,6380.2,TXN103427,34755918.28
2026-04-13,debit,20405.48,0.0,-20405.48,TXN103655-R,37020016.12
2026-04-13,credit,0.0,11779.65,11779.65,TXN103907,39475019.1
2026-04-13,credit,0.0,20842.36,20842.36,TXN104089,41269104.38
2026-04-13,credit,0.0,23695.59,23695.59,TXN104345,43926428.18
2026-04-13,credit,0.0,17649.2,17649.2,TXN104484,45416878.56
2026-04-13,credit,0.0,7376.97,7376.97,TXN104635,46829528.88
2026-04-13,credit,0.0,1075.07,1075.07,TXN1O4934,49914088.28
2026-04-14,credit,0.0,4047.66,4047.66,TXN1O0233,2625828.32
2026-04-14,credit,0.0,5202.15,5202.15,TXN100272,3079592.27
2026-04-14,credit,0.0,19659.9,19659.9,TXN1O0922,9760698.1
2026-04-14,credit,0.0,21809.97,21809.97,TXN101160,12242132.91
2026-04-14,debit,10140.53,0.0,-10140.53,TXN101496-R,15614408.8
2026-04-14,credit,0.0,7828.15,7828.15,TXN101638,16979470.43
2026-04-14,credit,0.0,10450.4,10450.4,TXN101733,17954897.85
2026-04-14,credit,0.0,313.25,313.25,TXN101847,19010009.71
2026-04-14,credit,0.0,20962.53,20962.53,TXN102565,26140432.92
2026-04-14,credit,0.0,10724.91,10724.91,TXN102604,26523633.15
2026-04-14,credit,0.0,22693.81,22693.81,TXN102764,28108378.07
2026-04-14,credit,0.0,21290.3,21290.3,TXN102893,29445350.0
2026-04-14,credit,0.0,10526.42,10526.42,TXN102983,30245371.63
2026-04-14,credit,0.0,19667.12,19667.12,TXN103158,31951606.74
2026-04-14,credit,0.0,19618.7,19618.7,TXN103265,33179175.16
2026-04-14,credit,0.0,21879.11,21879.11,TXN103381,34350985.7
2026-04-14,debit,1029.19,0.0,-1029.19,TXN103493-R,35420630.48
2026-04-14,credit,0.0,8684.66,8684.66,TXN103558,36062607.87
2026-04-14,debit,24454.37,0.0,-24454.37,TXN103563-R,36132333.29
2026-04-14,credit,0.0,16611.94,16611.94,TXN103570,36187129.49
2026-04-14,credit,0.0,15295.42,15295.42,TXN103619,36697246.72
2026-04-14,credit,0.0,6927.44,6927.44,TXN103704,37439974.5
2026-04-14,credit,0.0,3683.28,3683.28,TXN1O3787,38273309.73
2026-04-14,credit,0.0,23781.69,23781.69,TXN103869,39151502.32
2026-04-14,credit,0.0,7782.98,7782.98,TXN103898,39378169.25
2026-04-14,credit,0.0,8488.26,8488.26,TXN104431,44859876.57
2026-04-14,credit,0.0,21220.22,21220.22,TXN104563,46193703.63
2026-04-14,credit,0.0,1313.56,1313.56,TXN104770,48259481.19
2026-04-14,credit,0.0,14443.44,14443.44,TXN1O4815,48678589.57
2026-04-14,credit,0.0,6360.54,6360.54,TXN104849,49062166.99
2026-04-15,credit,0.0,24031.24,24031.24,TXN100083,1115261.94
2026-04-15,credit,0.0,9407.82,9407.82,TXN100442,4846856.43
2026-04-15,credit,0.0,20343.63,20343.63,TXN100561,6015268.26
2026-04-15,credit,0.0,11228.38,11228.38,TXN100678,7193210.84
2026-04-15,credit,0.0,19172.03,19172.03,TXN101019,10728017.78
2026-04-15,credit,0.0,13027.16,13027.16,TXN101114,11742441.3
2026-04-15,credit,0.0,6333.16,6333.16,TXN101118,11810180.77
2026-04-15,credit,0.0,416.42,416.42,TXN101165,12298476.59
2026-04-15,credit,0.0,20643.98,20643.98,TXN101602,16629350.69
2026-04-15,debit,2846.64,0.0,-2846.64,TXN101798-R,18619740.03
2026-04-15,credit,0.0,9767.87,9767.87,TXN102193,22539380.6
2026-04-15,credit,0.0,2389.25,2389.25,TXN102972,30148175.67
2026-04-15,credit,0.0,8872.43,8872.43,TXN102991,30313987.74
2026-04-15,credit,0.0,6973.32,6973.32,TXN103452,35012498.49
2026-04-15,credit,0.0,6182.8,6182.8,TXN103544,35910195.6
2026-04-15,credit,0.0,2192.31,2192.31,TXN103547,35934257.33
2026-04-15,credit,0.0,19764.98,19764.98,TXN103575,36223344.36
2026-04-15,credit,0.0,23741.86,23741.86,TXN104062,40983984.86
2026-04-15,credit,0.0,16098.83,16098.83,TXN104074,41143111.84
2026-04-15,credit,0.0,11059.9,11059.9,TXN1O4896,49510820.53
2026-04-16,credit,0.0,10039.85,10039.85,TXN100066,944750.99
2026-04-16,credit,0.0,17314.16,17314.16,TXN100619,6559486.31
2026-04-16,credit,0.0,16458.43,16458.43,TXN100663,7029886.22
2026-04-16,credit,0.0,14041.45,14041.45,TXN100872,9216893.29
2026-04-16,credit,0.0,24814.41,24814.41,TXN1O0877,9286474.02
2026-04-16,credit,0.0,17357.69,17357.69,TXN101277,13482123.38
2026-04-16,credit,0.0,9560.04,9560.04,TXN101920,19661970.36
2026-04-16,credit,0.0,6678.49,6678.49,TXN1O1921,19668648.85
2026-04-16,credit,0.0,21087.11,21087.11,TXN102454,24959333.4
2026-04-16,credit,0.0,10794.7,10794.7,TXN102466,25112217.49
2026-04-16,credit,0.0,7970.26,7970.26,TXN102516,25642355.6
2026-04-16,debit,22693.81,0.0,-22693.81,TXN102764-R,28085684.26
2026-04-16,credit,0.0,6872.19,6872.19,TXN102826,28695240.06
2026-04-16,credit,0.0,24043.55,24043.55,TXN102882,29319279.69
2026-04-16,credit,0.0,12589.34,12589.34,TXN103029,30687704.09
2026-04-16,credit,0.0,5548.14,5548.14,TXN103360,34113635.4
2026-04-16,credit,0.0,3652.15,3652.15,TXN103527,35778489.91
2026-04-16,credit,0.0,15365.44,15365.44,TXN103771,38194060.42
2026-04-16,credit,0.0,8061.64,8061.64,TXN1O3816,38553301.99
2026-04-16,credit,0.0,15026.25,15026.25,TXN104134,41690715.21
2026-04-16,credit,0.0,18952.69,18952.69,TXN104198,42367505.38
2026-04-16,credit,0.0,909.68,909.68,TXN104858,49143166.82
2026-04-16,credit,0.0,14815.77,14815.77,TXN104926,49854313.28
2026-04-17,credit,0.0,12063.28,12063.28,TXN1O0369,4154763.22
2026-04-17,credit,0.0,9318.33,9318.33,TXN102038,20926632.24
2026-04-17,credit,0.0,15958.01,15958.01,TXN1O2230,22881586.83
2026-04-17,credit,0.0,6752.65,6752.65,TXN102395,24353168.54
2026-04-17,credit,0.0,12013.86,12013.86,TXN102517,25654369.46
2026-04-17,credit,0.0,14827.67,14827.67,TXN102558,26040056.09
2026-04-17,credit,0.0,15762.07,15762.07,TXN102574,26214019.02
2026-04-17,credit,0.0,20179.45,20179.45,TXN102696,27441834.6
2026-04-17,credit,0.0,8544.63,8544.63,TXN102824,28688367.87
2026-04-17,credit,0.0,1829.59,1829.59,TXN103498,35479971.53
2026-04-17,credit,0.0,11178.86,11178.86,TXN103592,36428494.82
2026-04-17,debit,6927.44,0.0,-6927.44,TXN103704-R,37433047.06
2026-04-17,credit,0.0,5065.62,5065.62,TXN103823,38657118.68
2026-04-17,credit,0.0,22681.68,22681.68,TXN104029,40669992.19
2026-04-17,credit,0.0,19082.81,19082.81,TXN104048,40869554.0
2026-04-17,credit,0.0,11023.48,11023.48,TXN1O4128,41647852.63
2026-04-17,credit,0.0,23843.15,23843.15,TXN104283,43290534.25
2026-04-17,credit,0.0,5724.94,5724.94,TXN104384,44315348.79
2026-04-17,credit,0.0,4103.95,4103.95,TXN1O4475,45339001.94
2026-04-17,credit,0.0,14173.66,14173.66,TXN104736,47866228.6
2026-04-18,credit,0.0,21577.61,21577.61,TXN100094,1172565.65
2026-04-18,credit,0.0,6098.83,6098.83,TXN100302,3483164.72
2026-04-18,credit,0.0,8816.62,8816.62,TXN100507,5520886.95
2026-04-18,credit,0.0,24164.44,24164.44,TXN100683,7231268.1
2026-04-18,credit,0.0,17767.09,17767.09,TXN100741,7831497.58
2026-04-18,credit,0.0,7716.52,7716.52,TXN1O0828,8727375.86
2026-04-18,credit,0.0,21961.68,21961.68,TXN1O0961,10145377.93
2026-04-18,credit,0.0,2391.77,2391.77,TXN101093,11527605.42
2026-04-18,credit,0.0,4805.46,4805.46,TXN101545,16070060.5
2026-04-18,credit,0.0,13150.71,13150.71,TXN101583,16454468.79
2026-04-18,credit,0.0,15077.0,15077.0,TXN101835,18960118.91
2026-04-18,credit,0.0,13641.18,13641.18,TXN101933,19768897.07
2026-04-18,credit,0.0,14150.73,14150.73,TXN1O2033,20875675.39
2026-04-18,credit,0.0,12603.93,12603.93,TXN102177,22354658.69
2026-04-18,credit,0.0,21363.55,21363.55,TXN102484,25305590.82
2026-04-18,credit,0.0,8736.33,8736.33,TXN102606,26548491.18
2026-04-18,credit,0.0,22354.03,22354.03,TXN102685,27397590.01
2026-04-18,credit,0.0,23855.43,23855.43,TXN102768,28140667.37
2026-04-18,debit,21290.3,0.0,-21290.3,TXN102893-R,29424059.7
2026-04-18,credit,0.0,3033.25,3033.25,TXN103120,31648722.54
2026-04-18,credit,0.0,293.78,293.78,TXN103461,35063322.61
2026-04-18,credit,0.0,22388.03,22388.03,TXN103487,35354110.4
2026-04-18,debit,15295.42,0.0,-15295.42,TXN103619-R,36681951.3
2026-04-18,credit,0.0,8744.82,8744.82,TXN103772,38202805.24
2026-04-18,debit,19082.81,0.0,-19082.81,TXN104048-R,40850471.19
2026-04-18,credit,0.0,21806.92,21806.92,TXN104082,41213765.55
2026-04-18,credit,0.0,4732.38,4732.38,TXN104368,44133935.53
2026-04-18,credit,0.0,4567.33,4567.33,TXN104449,45053394.96
2026-04-18,credit,0.0,12169.52,12169.52,TXN104574,46268186.21
2026-04-18,credit,0.0,24280.37,24280.37,TXN104713,47644700.09
2026-04-18,credit,0.0,6025.85,6025.85,TXN104814,48664146.13
2026-04-19,credit,0.0,7807.73,7807.73,TXN100441,4837448.61
2026-04-19,debit,8816.62,0.0,-8816.62,TXN100507-R,5512070.33
2026-04-19,credit,0.0,712.23,712.23,TXN100928,9799849.59
2026-04-19,credit,0.0,2208.98,2208.98,TXN101509,15751991.49
2026-04-19,credit,0.0,13716.84,13716.84,TXN101556,16169240.52
2026-04-19,credit,0.0,2039.18,2039.18,TXN101927,19723459.16
2026-04-19,credit,0.0,2653.4,2653.4,TXN102304,23568281.85
2026-04-19,credit,0.0,13488.73,13488.73,TXN102342,23893613.05
2026-04-19,debit,14827.67,0.0,-14827.67,TXN102558-R,26025228.42
2026-04-19,credit,0.0,10397.05,10397.05,TXN102791,28365082.93
2026-04-19,credit,0.0,15850.33,15850.33,TXN102940,29851226.99
2026-04-19,credit,0.0,10615.32,10615.32,TXN103088,31327536.18
2026-04-19,credit,0.0,4725.9,4725.9,TXN1O3189,32234315.95
2026-04-19,credit,0.0,12026.3,12026.3,TXN103287,33416875.49
2026-04-19,credit,0.0,14358.06,14358.06,TXN103515,35684290.09
2026-04-19,credit,0.0,3569.73,3569.73,TXN1O3638,36838646.82
2026-04-19,debit,5065.62,0.0,-5065.62,TXN103823-R,38652053.06
2026-04-19,credit,0.0,19641.16,19641.16,TXN103985,40281800.4
2026-04-19,credit,0.0,15097.21,15097.21,TXN104296,43428775.99
2026-04-19,credit,0.0,1916.33,1916.33,TXN104668,47169036.23
2026-04-19,credit,0.0,3908.98,3908.98,TXN104723,47726162.33
2026-04-19,debit,14173.66,0.0,-14173.66,TXN104736-R,47852054.94
2026-04-19,credit,0.0,7131.6,7131.6,TXN104928,49886401.06
2026-04-20,credit,0.0,3776.7,3776.7,TXN100335,3817330.64
2026-04-20,credit,0.0,21084.5,21084.5,TXN100421,4647400.46
2026-04-20,credit,0.0,16540.68,16540.68,TXN100531,5803573.28
2026-04-20,credit,0.0,14134.24,14134.24,TXN100538,5854647.88
2026-04-20,credit,0.0,23646.15,23646.15,TXN100739,7833767.83
2026-04-20,credit,0.0,17205.39,17205.39,TXN100763,8047974.44
2026-04-20,credit,0.0,7510.61,7510.61,TXN100767,8070390.49
2026-04-20,credit,0.0,8712.64,8712.64,TXN100772,8118952.08
2026-04-20,credit,0.0,9219.79,9219.79,TXN100792,8299812.41
2026-04-20,credit,0.0,14416.94,14416.94,TXN100958,10076297.39
2026-04-20,credit,0.0,838.46,838.46,TXN100998,10524242.97
2026-04-20,credit,0.0,18483.11,18483.11,TXN101228,12918935.52
2026-04-20,credit,0.0,22335.0,22335.0,TXN1O1360,14275747.84
2026-04-20,credit,0.0,13997.42,13997.42,TXN101465,15299226.91
2026-04-20,credit,0.0,23631.71,23631.71,TXN101604,16671419.62
2026-04-20,credit,0.0,21330.7,21330.7,TXN101881,19340697.19
2026-04-20,credit,0.0,12992.5,12992.5,TXN102116,21692339.34
2026-04-20,credit,0.0,16236.26,16236.26,TXN102180,22386557.53
2026-04-20,credit,0.0,20560.44,20560.44,TXN102212,22700503.18
2026-04-20,credit,0.0,16065.1,16065.1,TXN102218,22771908.63
2026-04-20,credit,0.0,6807.55,6807.55,TXN102946,29913401.07
2026-04-20,credit,0.0,4388.3,4388.3,TXN103057,30972052.47
2026-04-20,credit,0.0,19784.75,19784.75,TXN1O3117,31626178.02
2026-04-20,debit,5548.14,0.0,-5548.14,TXN103360-R,34108087.26
2026-04-20,credit,0.0,4516.91,4516.91,TXN103394,34451418.09
2026-04-20,credit,0.0,8181.99,8181.99,TXN103673,37190473.33
2026-04-20,credit,0.0,9579.45,9579.45,TXN103753,38010599.16
2026-04-20,credit,0.0,14263.08,14263.08,TXN104094,41320631.25
2026-04-20,credit,0.0,6354.24,6354.24,TXN104196,42348552.69
2026-04-20,credit,0.0,7215.47,7215.47,TXN104615,46639868.96
2026-04-20,credit,0.0,10988.72,10988.72,TXN104735,47852054.94
2026-04-20,credit,0.0,15143.55,15143.55,TXN104795,48498053.95
2026-04-20,credit,0.0,20119.06,20119.06,TXN104964,50267708.63
2026-04-21,credit,0.0,21426.35,21426.35,TXN1O0017,411207.41
2026-04-21,credit,0.0,3717.84,3717.84,TXN100164,1973539.8
2026-04-21,debit,6098.83,0.0,-6098.83,TXN100302-R,3477065.89
2026-04-21,credit,0.0,769.4,769.4,TXN100493,5404453.48
2026-04-21,credit,0.0,8399.62,8399.62,TXN100526,5721428.53
2026-04-21,credit,0.0,1389.33,1389.33,TXN100570,6099565.82
2026-04-21,credit,0.0,8678.08,8678.08,TXN100632,6683991.01
2026-04-21,credit,0.0,12966.6,12966.6,TXN100671,7117083.38
2026-04-21,debit,23646.15,0.0,-23646.15,TXN100739-R,7810121.68
2026-04-21,credit,0.0,16447.27,16447.27,TXN1O0755,7978525.01
2026-04-21,credit,0.0,12929.23,12929.23,TXN100934,9850504.42
2026-04-21,credit,0.0,10051.67,10051.67,TXN1O1084,11444728.83
2026-04-21,credit,0.0,15343.01,15343.01,TXN101437,15010276.87
2026-04-21,credit,0.0,16992.56,16992.56,TXN101472,15381659.0
2026-04-21,credit,0.0,11581.14,11581.14,TXN101599,16588102.66
2026-04-21,credit,0.0,21077.19,21077.19,TXN101939,19878232.01
2026-04-21,credit,0.0,15312.74,15312.74,TXN102028,20822977.53
2026-04-21,credit,0.0,20632.99,20632.99,TXN102269,23237337.57
2026-04-21,credit,0.0,11667.76,11667.76,TXN102336,23849386.15
2026-04-21,credit,0.0,23314.23,23314.23,TXN102776,28234742.36
2026-04-21,credit,0.0,6352.63,6352.63,TXN103142,31792797.32
2026-04-21,credit,0.0,13763.43,13763.43,TXN103337,33876365.99
2026-04-21,debit,4516.91,0.0,-4516.91,TXN103394-R,34446901.18
2026-04-21,credit,0.0,23892.93,23892.93,TXN103615,36633386.89
2026-04-21,credit,0.0,22593.3,22593.3,TXN103752,38001019.71
2026-04-21,credit,0.0,3934.27,3934.27,TXN103904,39438821.29
2026-04-21,credit,0.0,15520.07,15520.07,TXN103945,39874757.62
2026-04-21,credit,0.0,24269.8,24269.8,TXN104023,40590059.11
2026-04-21,debit,21806.92,0.0,-21806.92,TXN104082-R,41191958.63
2026-04-21,credit,0.0,4883.7,4883.7,TXN104482,45404113.06
2026-04-21,credit,0.0,13104.68,13104.68,TXN104542,45982286.16
2026-04-21,credit,0.0,9405.2,9405.2,TXN1O4557,46130044.56
2026-04-21,credit,0.0,10182.98,10182.98,TXN104788,48416246.16
2026-04-21,credit,0.0,16834.6,16834.6,TXN1O4877,49296081.56
2026-04-22,credit,0.0,12762.36,12762.36,TXN100450,4950529.94
2026-04-22,credit,0.0,19372.53,19372.53,TXN100776,8142813.27
2026-04-22,credit,0.0,17774.04,17774.04,TXN100787,8252082.09
2026-04-22,credit,0.0,14299.41,14299.41,TXN100976,10350235.66
2026-04-22,credit,0.0,14683.4,14683.4,TXN100997,10523404.51
2026-04-22,debit,16992.56,0.0,-16992.56,TXN101472-R,15364666.44
2026-04-22,credit,0.0,3075.58,3075.58,TXN101657,17105198.61
2026-04-22,credit,0.0,12973.52,12973.52,TXN101728,17885448.2
2026-04-22,debit,15077.0,0.0,-15077.0,TXN101835-R,18945041.91
2026-04-22,credit,0.0,3689.34,3689.34,TXN1O1858,19087088.11
2026-04-22,credit,0.0,23622.47,23622.47,TXN101888,19428028.3
2026-04-22,debit,12992.5,0.0,-12992.5,TXN102116-R,21679346.84
2026-04-22,credit,0.0,8404.45,8404.45,TXN102158,22172737.29
2026-04-22,credit,0.0,554.91,554.91,TXN102301,23541748.14
2026-04-22,credit,0.0,6870.59,6870.59,TXN102428,24601701.26
2026-04-22,credit,0.0,8482.98,8482.98,TXN102435,24672662.72
2026-04-22,credit,0.0,19753.5,19753.5,TXN102502,25511415.01
2026-04-22,debit,8736.33,0.0,-8736.33,TXN102606-R,26539754.85
2026-04-22,credit,0.0,7395.83,7395.83,TXN102654,27056932.44
2026-04-22,credit,0.0,3236.45,3236.45,TXN102910,29626407.87
2026-04-22,credit,0.0,4752.75,4752.75,TXN103205,32491264.08
2026-04-22,credit,0.0,22841.8,22841.8,TXN103280,33327243.08
2026-04-22,credit,0.0,1775.09,1775.09,TXN1O3566,36141956.7
2026-04-22,debit,9579.45,0.0,-9579.45,TXN103753-R,38001019.71
2026-04-22,credit,0.0,8853.29,8853.29,TXN103894,39365376.86
2026-04-22,credit,0.0,24167.43,24167.43,TXN104181,42180014.35
2026-04-22,credit,0.0,19134.77,19134.77,TXN1O4376,44208058.28
2026-04-22,credit,0.0,9061.38,9061.38,TXN104453,45095397.6
2026-04-22,debit,4883.7,0.0,-4883.7,TXN104482-R,45399229.36
2026-04-22,debit,24280.37,0.0,-24280.37,TXN104713-R,47620419.72
2026-04-22,credit,0.0,2333.06,2333.06,TXN104904,49599206.64
2026-04-23,credit,0.0,7045.74,7045.74,TXN100206,2355111.68
2026-04-23,credit,0.0,11086.78,11086.78,TXN100426,4676223.72
2026-04-23,credit,0.0,16411.78,16411.78,TXN100644,6792823.87
2026-04-23,credit,0.0,10200.58,10200.58,TXN100658,6983299.02
2026-04-23,credit,0.0,11145.03,11145.03,TXN100868,9167236.63
2026-04-23,credit,0.0,20595.05,20595.05,TXN101048,11113304.55
2026-04-23,credit,0.0,3426.4,3426.4,TXN101167,12316437.08
2026-04-23,credit,0.0,22699.94,22699.94,TXN1O1199,12627897.46
2026-04-23,credit,0.0,1882.79,1882.79,TXN101436,14994933.86
2026-04-23,credit,0.0,3017.9,3017.9,TXN101651,17057370.9
2026-04-23,credit,0.0,12246.48,12246.48,TXN101756,18199615.49
2026-04-23,credit,0.0,14346.59,14346.59,TXN101844,18999412.78
2026-04-23,credit,0.0,21454.09,21454.09,TXN101913,19617894.76
2026-04-23,debit,2039.18,0.0,-2039.18,TXN101927-R,19721419.98
2026-04-23,credit,0.0,15791.63,15791.63,TXN1O1978,20283659.35
2026-04-23,credit,0.0,10221.82,10221.82,TXN102007,20587111.56
2026-04-23,credit,0.0,24360.95,24360.95,TXN102287,23383313.91
2026-04-23,credit,0.0,23963.41,23963.41,TXN102290,23439511.45
2026-04-23,credit,0.0,22213.69,22213.69,TXN103041,30795374.49
2026-04-23,credit,0.0,12370.67,12370.67,TXN103186,32191969.83
2026-04-23,credit,0.0,5087.9,5087.9,TXN103410,34624423.01
2026-04-23,credit,0.0,3171.66,3171.66,TXN103830,38689868.22
2026-04-23,credit,0.0,4770.46,4770.46,TXN103831,38694638.68
2026-04-23,credit,0.0,10902.55,10902.55,TXN104079,41172817.79
2026-04-23,credit,0.0,14186.43,14186.43,TXN104096,41348252.21
2026-04-23,credit,0.0,21633.15,21633.15,TXN104476,45360635.09
2026-04-23,debit,7215.47,0.0,-7215.47,TXN104615-R,46632653.49
2026-04-23,credit,0.0,24805.44,24805.44,TXN104988,50584966.26
2026-04-24,credit,0.0,15966.83,15966.83,TXN1O0104,1283641.75
2026-04-24,credit,0.0,10967.35,10967.35,TXN100387,4342940.9
2026-04-24,credit,0.0,18728.96,18728.96,TXN100403,4499570.88
2026-04-24,credit,0.0,22052.52,22052.52,TXN100677,7181982.46
2026-04-24,debit,8712.64,0.0,-8712.64,TXN100772-R,8110239.44
2026-04-24,credit,0.0,10250.41,10250.41,TXN100883,9351184.64
2026-04-24,credit,0.0,17986.94,17986.94,TXN100886,9403979.04
2026-04-24,credit,0.0,17681.34,17681.34,TXN100902,9576010.13
2026-04-24,credit,0.0,4193.1,4193.1,TXN100987,10441231.91
2026-04-24,credit,0.0,17865.59,17865.59,TXN100989,10475432.79
2026-04-24,credit,0.0,8647.38,8647.38,TXN101060,11171526.21
2026-04-24,credit,0.0,19857.05,19857.05,TXN101236,13013136.65
2026-04-24,credit,0.0,13874.94,13874.94,TXN101449,15123765.55
2026-04-24,debit,21077.19,0.0,-21077.19,TXN101939-R,19857154.82
2026-04-24,credit,0.0,17601.91,17601.91,TXN102215,22735184.5
2026-04-24,credit,0.0,10151.8,10151.8,TXN102343,23903764.85
2026-04-24,credit,0.0,12679.52,12679.52,TXN102449,24866543.56
2026-04-24,credit,0.0,15976.51,15976.51,TXN102970,30122148.21
2026-04-24,credit,0.0,21216.46,21216.46,TXN103026,30661768.96
2026-04-24,debit,4388.3,0.0,-4388.3,TXN103057-R,30967664.17
2026-04-24,credit,0.0,8740.39,8740.39,TXN103203,32464428.87
2026-04-24,credit,0.0,8699.01,8699.01,TXN103301,33544610.93
2026-04-24,credit,0.0,19185.18,19185.18,TXN103710,37492990.9
2026-04-24,credit,0.0,12107.54,12107.54,TXN103840,38793448.17
2026-04-24,credit,0.0,12977.83,12977.83,TXN103848,38926438.15
2026-04-24,credit,0.0,10671.11,10671.11,TXN104147,41796136.96
2026-04-24,credit,0.0,15772.57,15772.57,TXN104248,42899896.4
2026-04-24,debit,15143.55,0.0,-15143.55,TXN104795-R,48482910.4
2026-04-24,credit,0.0,15536.8,15536.8,TXN104868,49229427.99
2026-04-24,debit,2333.06,0.0,-2333.06,TXN104904-R,49596873.58
2026-04-25,credit,0.0,16245.33,16245.33,TXN100064,934711.14
2026-04-25,credit,0.0,7859.54,7859.54,TXN100384,4320470.12
2026-04-25,credit,0.0,13800.06,13800.06,TXN100456,5051190.93
2026-04-25,credit,0.0,1549.95,1549.95,TXN100582,6200169.18
2026-04-25,credit,0.0,10029.42,10029.42,TXN1O0598,6336534.03
2026-04-25,debit,4193.1,0.0,-4193.1,TXN100987-R,10437038.81
2026-04-25,credit,0.0,11712.47,11712.47,TXN1O0993,10501892.54
2026-04-25,credit,0.0,935.67,935.67,TXN101070,11247894.42
2026-04-25,credit,0.0,4434.65,4434.65,TXN101312,13798304.3
2026-04-25,debit,15343.01,0.0,-15343.01,TXN101437-R,14994933.86
2026-04-25,credit,0.0,2800.26,2800.26,TXN101605,16674219.88
2026-04-25,credit,0.0,15587.35,15587.35,TXN1O1981,20312766.37
2026-04-25,credit,0.0,15089.43,15089.43,TXN102117,21694436.27
2026-04-25,debit,11667.76,0.0,-11667.76,TXN102336-R,23837718.39
2026-04-25,credit,0.0,19984.03,19984.03,TXN1O2734,27839087.49
2026-04-25,credit,0.0,5513.39,5513.39,TXN1O2828,28715439.85
2026-04-25,credit,0.0,16397.31,16397.31,TXN103494,35437027.79
2026-04-25,credit,0.0,13310.33,13310.33,TXN103770,38178694.98
2026-04-25,credit,0.0,8451.63,8451.63,TXN103996,40372027.76
2026-04-25,credit,0.0,18016.52,18016.52,TXN104156,41881981.68
2026-04-25,credit,0.0,7986.53,7986.53,TXN104304,43520965.48
2026-04-25,credit,0.0,1622.38,1622.38,TXN104613,46632653.49
2026-04-25,credit,0.0,23165.97,23165.97,TXN104772,48296494.88
2026-04-26,credit,0.0,1549.53,1549.53,TXN100071,976762.98
2026-04-26,credit,0.0,2109.54,2109.54,TXN100092,1147487.79
2026-04-26,credit,0.0,23705.48,23705.48,TXN100240,2725189.11
2026-04-26,credit,0.0,19081.13,19081.13,TXN100304,3514517.25
2026-04-26,credit,0.0,24038.33,24038.33,TXN100354,4023372.26
2026-04-26,credit,0.0,19889.47,19889.47,TXN100380,4280834.67
2026-04-26,credit,0.0,20531.4,20531.4,TXN100489,5370885.9
2026-04-26,credit,0.0,10508.54,10508.54,TXN100638,6735778.56
2026-04-26,debit,20595.05,0.0,-20595.05,TXN101048-R,11092709.5
2026-04-26,credit,0.0,7342.89,7342.89,TXN101348,14121594.82
2026-04-26,credit,0.0,5485.18,5485.18,TXN101431,14943587.3
2026-04-26,credit,0.0,22173.13,22173.13,TXN101673,17354224.1
2026-04-26,debit,12246.48,0.0,-12246.48,TXN101756-R,18187369.01
2026-04-26,credit,0.0,6033.68,6033.68,TXN101994,20431202.98
2026-04-26,credit,0.0,20662.7,20662.7,TXN102272,23258000.27
2026-04-26,credit,0.0,4028.88,4028.88,TXN102424,24563668.69
2026-04-26,debit,6870.59,0.0,-6870.59,TXN102428-R,24594830.67
2026-04-26,credit,0.0,18436.66,18436.66,TXN102847,28928310.93
2026-04-26,credit,0.0,24885.47,24885.47,TXN1O3247,32963988.17
2026-04-26,credit,0.0,12428.61,12428.61,TXN103286,33404849.19
2026-04-26,credit,0.0,7823.68,7823.68,TXN103400,34502083.1
2026-04-26,credit,0.0,3422.03,3422.03,TXN103636,36834185.98
2026-04-26,credit,0.0,11928.78,11928.78,TXN103876,39216357.04
2026-04-26,debit,8853.29,0.0,-8853.29,TXN103894-R,39356523.57
2026-04-26,credit,0.0,13562.26,13562.26,TXN1O4032,40704089.06
2026-04-26,credit,0.0,9060.62,9060.62,TXN104127,41636829.15
2026-04-26,credit,0.0,17555.19,17555.19,TXN104222,42587712.47
2026-04-26,credit,0.0,14517.95,14517.95,TXN104229,42665501.22
2026-04-26,credit,0.0,12294.81,12294.81,TXN104324,43745575.39
2026-04-26,credit,0.0,11593.67,11593.67,TXN104349,43962137.27
2026-04-26,credit,0.0,6945.39,6945.39,TXN1O4819,48730395.81
2026-04-26,credit,0.0,3904.69,3904.69,TXN104857,49146161.83
2026-04-26,credit,0.0,17111.73,17111.73,TXN104891,49473805.72
2026-04-26,credit,0.0,1232.09,1232.09,TXN104911,49654748.18
2026-04-27,credit,0.0,17170.26,17170.26,TXN100195,2225050.96
2026-04-27,debit,19081.13,0.0,-19081.13,TXN100304-R,3495436.12
2026-04-27,debit,10967.35,0.0,-10967.35,TXN100387-R,4331973.55
2026-04-27,credit,0.0,20330.88,20330.88,TXN1O0449,4937767.58
2026-04-27,debit,10508.54,0.0,-10508.54,TXN100638-R,6725270.02
2026-04-27,credit,0.0,19574.59,19574.59,TXN100839,8867521.79
2026-04-27,debit,10250.41,0.0,-10250.41,TXN100883-R,9340934.23
2026-04-27,credit,0.0,2132.75,2132.75,TXN101058,11158604.49
2026-04-27,credit,0.0,9636.01,9636.01,TXN101258,13227244.89
2026-04-27,credit,0.0,15517.89,15517.89,TXN101279,13498739.24
2026-04-27,credit,0.0,17264.98,17264.98,TXN101376,14405904.16
2026-04-27,debit,13874.94,0.0,-13874.94,TXN101449-R,15109890.61
2026-04-27,credit,0.0,6782.57,6782.57,TXN101520,15864998.2
2026-04-27,credit,0.0,9852.19,9852.19,TXN102164,22249028.71
2026-04-27,debit,20662.7,0.0,-20662.7,TXN102272-R,23237337.57
2026-04-27,credit,0.0,20643.17,20643.17,TXN102420,24532412.42
2026-04-27,credit,0.0,4426.04,4426.04,TXN102421,24536838.46
2026-04-27,credit,0.0,12758.55,12758.55,TXN1O2710,27584860.0
2026-04-27,credit,0.0,17899.52,17899.52,TXN1O2745,27941876.35
2026-04-27,credit,0.0,6856.08,6856.08,TXN103115,31583051.09
2026-04-27,credit,0.0,2514.06,2514.06,TXN103248,32966502.23
2026-04-27,credit,0.0,1023.42,1023.42,TXN103341,33891042.86
2026-04-27,credit,0.0,12001.44,12001.44,TXN1O3463,35088463.67
2026-04-27,credit,0.0,22524.92,22524.92,TXN103496,35459552.71
2026-04-27,credit,0.0,19761.52,19761.52,TXN104278,43203174.73
2026-04-27,credit,0.0,17202.62,17202.62,TXN104392,44409201.96
2026-04-27,debit,23165.97,0.0,-23165.97,TXN104772-R,48273328.91
2026-04-28,credit,0.0,6441.81,6441.81,TXN100067,951192.8
2026-04-28,credit,0.0,19526.98,19526.98,TXN100154,1907969.43
2026-04-28,credit,0.0,8736.65,8736.65,TXN100394,4384316.75
2026-04-28,credit,0.0,2560.55,2560.55,TXN100780,8191171.7
2026-04-28,credit,0.0,17025.34,17025.34,TXN100830,8745241.89
2026-04-28,credit,0.0,4138.64,4138.64,TXN100983,10393111.05
2026-04-28,credit,0.0,18094.22,18094.22,TXN101051,11113359.72
2026-04-28,credit,0.0,14198.29,14198.29,TXN101099,11591511.42
2026-04-28,credit,0.0,16443.12,16443.12,TXN101185,12490945.67
2026-04-28,credit,0.0,1430.72,1430.72,TXN101245,13090634.49
2026-04-28,credit,0.0,6580.95,6580.95,TXN101247,13097215.44
2026-04-28,credit,0.0,4531.98,4531.98,TXN101357,14231902.61
2026-04-28,credit,0.0,18773.44,18773.44,TXN101609,16730664.15
2026-04-28,credit,0.0,10598.84,10598.84,TXN101746,18086378.36
2026-04-28,credit,0.0,8151.94,8151.94,TXN101825,18850691.41
2026-04-28,credit,0.0,3046.61,3046.61,TXN101959,20073435.83
2026-04-28,credit,0.0,4671.62,4671.62,TXN102153,22139195.68
2026-04-28,credit,0.0,20973.34,20973.34,TXN102335,23837718.39
2026-04-28,credit,0.0,16013.65,16013.65,TXN1O2809,28557065.25
2026-04-28,credit,0.0,21748.54,21748.54,TXN102822,28677406.28
2026-04-28,credit,0.0,11041.87,11041.87,TXN102855,29011028.56
2026-04-28,credit,0.0,1868.22,1868.22,TXN103162,31981857.16
2026-04-28,credit,0.0,3803.33,3803.33,TXN103283,33367036.65
2026-04-28,credit,0.0,18702.14,18702.14,TXN103369,34197052.29
2026-04-28,credit,0.0,8537.04,8537.04,TXN103453,35021035.53
2026-04-28,credit,0.0,15854.07,15854.07,TXN103739,37793478.76
2026-04-28,debit,11928.78,0.0,-11928.78,TXN103876-R,39204428.26
2026-04-28,credit,0.0,2138.34,2138.34,TXN104069,41057702.66
2026-04-28,credit,0.0,6301.14,6301.14,TXN104474,45334897.99
2026-04-28,credit,0.0,1913.53,1913.53,TXN104523,45746082.78
2026-04-28,credit,0.0,11824.96,11824.96,TXN104768,48254416.36
2026-04-28,credit,0.0,13847.72,13847.72,TXN104771,48273328.91
2026-04-28,credit,0.0,24956.18,24956.18,TXN104927,49879269.46
2026-04-29,credit,0.0,19471.46,19471.46,TXN100495,5423924.94
2026-04-29,credit,0.0,1095.77,1095.77,TXN100693,7323302.64
2026-04-29,debit,15517.89,0.0,-15517.89,TXN101279-R,13483221.35
2026-04-29,credit,0.0,9543.13,9543.13,TXN101788,18535330.82
2026-04-29,credit,0.0,8800.98,8800.98,TXN101822,18831966.52
2026-04-29,credit,0.0,20909.07,20909.07,TXN102002,20518337.18
2026-04-29,credit,0.0,14063.71,14063.71,TXN102190,22498602.87
2026-04-29,credit,0.0,20716.09,20716.09,TXN103092,31375228.85
2026-04-29,credit,0.0,12447.97,12447.97,TXN103107,31527355.58
2026-04-29,credit,0.0,1736.13,1736.13,TXN103133,31768577.79
2026-04-29,credit,0.0,11365.73,11365.73,TXN103282,33363233.32
2026-04-29,credit,0.0,1415.86,1415.86,TXN103397,34469496.22
2026-04-29,credit,0.0,19701.72,19701.72,TXN103902,39434887.02
2026-04-29,debit,8451.63,0.0,-8451.63,TXN103996-R,40363576.13
2026-04-29,credit,0.0,13434.53,13434.53,TXN1O4095,41334065.78
2026-04-29,credit,0.0,23638.95,23638.95,TXN104125,41608027.15
2026-04-29,credit,0.0,15468.7,15468.7,TXN104213,42501435.45
2026-04-29,credit,0.0,4888.05,4888.05,TXN104253,42949313.23
2026-04-29,credit,0.0,17921.71,17921.71,TXN104829,48851665.16
2026-04-29,debit,3904.69,0.0,-3904.69,TXN104857-R,49142257.14
2026-04-30,credit,0.0,16733.79,16733.79,TXN100038,631155.24
2026-04-30,credit,0.0,9582.71,9582.71,TXN100131,1620278.69
2026-04-30,credit,0.0,14230.05,14230.05,TXN100188,2137611.97
2026-04-30,credit,0.0,11697.76,11697.76,TXN100277,3146468.04
2026-04-30,credit,0.0,18684.74,18684.74,TXN100395,4403001.49
2026-04-30,credit,0.0,940.06,940.06,TXN100540,5863653.26
2026-04-30,debit,1095.77,0.0,-1095.77,TXN100693-R,7322206.87
2026-04-30,credit,0.0,23322.06,23322.06,TXN100803,8425760.93
2026-04-30,credit,0.0,20833.55,20833.55,TXN100824,8701964.86
2026-04-30,credit,0.0,840.69,840.69,TXN100829,8728216.55
2026-04-30,credit,0.0,6753.62,6753.62,TXN100863,9120469.12
2026-04-30,credit,0.0,11226.92,11226.92,TXN100939,9893708.86
2026-04-30,credit,0.0,7758.0,7758.0,TXN101072,11279597.08
2026-04-30,credit,0.0,19289.9,19289.9,TXN101193,12562426.92
2026-04-30,credit,0.0,2646.46,2646.46,TXN101206,12697470.54
2026-04-30,credit,0.0,18640.59,18640.59,TXN101269,13373627.66
2026-04-30,credit,0.0,9599.13,9599.13,TXN101307,13772072.62
2026-04-30,credit,0.0,11949.59,11949.59,TXN101388,14501872.83
2026-04-30,credit,0.0,1565.37,1565.37,TXN101893,19441616.57
2026-04-30,credit,0.0,2050.23,2050.23,TXN101990,20391378.37
2026-04-30,credit,0.0,16331.25,16331.25,TXN102035,20916543.56
2026-04-30,credit,0.0,8638.58,8638.58,TXN102202,22601105.36
2026-04-30,credit,0.0,4402.81,4402.81,TXN102384,24255731.79
2026-04-30,credit,0.0,11921.42,11921.42,TXN102853,28999986.69
2026-04-30,debit,11041.87,0.0,-11041.87,TXN102855-R,28999986.69
2026-04-30,credit,0.0,7487.12,7487.12,TXN102865,29107207.94
2026-04-30,credit,0.0,14449.12,14449.12,TXN102867,29121657.06
2026-04-30,credit,0.0,21644.92,21644.92,TXN103018,30548444.68
2026-04-30,debit,20716.09,0.0,-20716.09,TXN103092-R,31354512.76
2026-04-30,credit,0.0,7175.86,7175.86,TXN103209,32519569.49
2026-04-30,debit,7823.68,0.0,-7823.68,TXN103400-R,34494259.42
2026-04-30,credit,0.0,825.85,825.85,TXN1O3564,36133159.14
2026-04-30,credit,0.0,17070.53,17070.53,TXN103623,36734200.93
2026-04-30,credit,0.0,12762.18,12762.18,TXN103850,38951052.23
2026-04-30,credit,0.0,4225.42,4225.42,TXN1O4367,44129203.15
2026-04-30,credit,0.0,16697.57,16697.57,TXN104441,44962396.68
2026-04-30,credit,0.0,868.28,868.28,TXN104473,45328596.85
2026-04-30,credit,0.0,2807.98,2807.98,TXN104701,47526340.5
2026-04-30,credit,0.0,14123.76,14123.76,TXN104714,47634543.48
2026-04-30,credit,0.0,14924.01,14924.01,TXN104840,48990849.9
2026-05-01,credit,0.0,18747.92,18747.92,TXN100721,7626309.96
2026-05-01,credit,0.0,6192.75,6192.75,TXN100847,8938753.86
2026-05-01,credit,0.0,612.82,612.82,TXN100941,9894321.68
2026-05-01,credit,0.0,23271.66,23271.66,TXN101087,11484633.57
2026-05-01,credit,0.0,11922.25,11922.25,TXN1O1156,12174564.06
2026-05-01,debit,2646.46,0.0,-2646.46,TXN101206-R,12694824.08
2026-05-01,credit,0.0,22810.81,22810.81,TXN101248,13120026.25
2026-05-01,credit,0.0,13191.56,13191.56,TXN101324,13894586.07
2026-05-01,credit,0.0,4848.14,4848.14,TXN1O1692,17520495.83
2026-05-01,credit,0.0,5792.24,5792.24,TXN1O2133,21898282.48
2026-05-01,credit,0.0,9580.15,9580.15,TXN102185,22437106.26
2026-05-01,credit,0.0,14856.34,14856.34,TXN102476,25230499.23
2026-05-01,credit,0.0,9428.77,9428.77,TXN102477,25239928.0
2026-05-01,credit,0.0,16168.09,16168.09,TXN102499,25464044.79
2026-05-01,credit,0.0,1581.39,1581.39,TXN102513,25610095.22
2026-05-01,credit,0.0,7315.31,7315.31,TXN102986,30282770.71
2026-05-01,credit,0.0,23195.11,23195.11,TXN103372,34238311.65
2026-05-01,credit,0.0,13139.62,13139.62,TXN103462,35076462.23
2026-05-01,credit,0.0,1644.64,1644.64,TXN103815,38545240.35
2026-05-01,credit,0.0,8527.76,8527.76,TXN103828,38686696.56
2026-05-01,credit,0.0,18700.52,18700.52,TXN104171,42049597.44
2026-05-01,credit,0.0,8495.22,8495.22,TXN104300,43475076.58
2026-05-01,credit,0.0,19833.2,19833.2,TXN104322,43733280.58
2026-05-01,credit,0.0,7601.8,7601.8,TXN104552,46080622.22
2026-05-01,credit,0.0,16039.1,16039.1,TXN104594,46474361.4
2026-05-01,credit,0.0,10506.93,10506.93,TXN104669,47179543.16
2026-05-01,credit,0.0,17195.03,17195.03,TXN104691,47398696.71
2026-05-01,credit,0.0,895.5,895.5,TXN104710,47594516.49
2026-05-01,credit,0.0,3751.27,3751.27,TXN104769,48258167.63
2026-05-02,credit,0.0,1449.82,1449.82,TXN100496,5425374.76
2026-05-02,credit,0.0,19642.88,19642.88,TXN100519,5681772.54
2026-05-02,credit,0.0,6906.55,6906.55,TXN100581,6198619.23
2026-05-02,credit,0.0,23256.99,23256.99,TXN100894,9535341.66
2026-05-02,credit,0.0,14565.23,14565.23,TXN100915,9677002.5
2026-05-02,credit,0.0,17125.01,17125.01,TXN101121,11857485.33
2026-05-02,credit,0.0,13541.51,13541.51,TXN101187,12507583.99
2026-05-02,credit,0.0,24372.58,24372.58,TXN101558,16214099.19
2026-05-02,credit,0.0,2552.42,2552.42,TXN101727,17875027.1
2026-05-02,debit,16331.25,0.0,-16331.25,TXN102035-R,20900212.31
2026-05-02,credit,0.0,11529.1,11529.1,TXN102156,22164332.84
2026-05-02,credit,0.0,13512.29,13512.29,TXN102262,23173812.19
2026-05-02,credit,0.0,9799.14,9799.14,TXN102334,23816745.05
2026-05-02,credit,0.0,9573.8,9573.8,TXN102792,28374656.73
2026-05-02,credit,0.0,4640.56,4640.56,TXN102952,29945985.65
2026-05-02,credit,0.0,23814.5,23814.5,TXN103192,32299150.4
2026-05-02,credit,0.0,8960.16,8960.16,TXN1O3254,33012075.42
2026-05-02,credit,0.0,10786.32,10786.32,TXN103418,34678602.82
2026-05-02,credit,0.0,18589.68,18589.68,TXN103455,35039625.21
2026-05-02,credit,0.0,7880.31,7880.31,TXN103586,36364512.73
2026-05-02,credit,0.0,20734.44,20734.44,TXN103618,36681951.3
2026-05-02,credit,0.0,2859.49,2859.49,TXN1O3992,40324712.6
2026-05-02,credit,0.0,2593.44,2593.44,TXN104119,41539627.24
2026-05-02,credit,0.0,13346.52,13346.52,TXN104209,42462009.48
2026-05-02,credit,0.0,17660.84,17660.84,TXN104492,45528641.05
2026-05-03,credit,0.0,1306.51,1306.51,TXN100111,1363329.14
2026-05-03,debit,18747.92,0.0,-18747.92,TXN100721-R,7607562.04
2026-05-03,debit,20833.55,0.0,-20833.55,TXN100824-R,8681131.31
2026-05-03,credit,0.0,17625.24,17625.24,TXN100878,9304099.26
2026-05-03,credit,0.0,1354.09,1354.09,TXN101089,11510300.13
2026-05-03,credit,0.0,12102.73,12102.73,TXN101575,16388448.9
2026-05-03,credit,0.0,3637.31,3637.31,TXN102378,24213430.3
2026-05-03,credit,0.0,21332.12,21332.12,TXN102635,26837213.73
2026-05-03,credit,0.0,7847.63,7847.63,TXN102672,27247925.34
2026-05-03,credit,0.0,12598.75,12598.75,TXN102850,28958794.65
2026-05-03,credit,0.0,12827.8,12827.8,TXN102872,29206150.07
2026-05-03,credit,0.0,2756.2,2756.2,TXN102915,29657217.0
2026-05-03,credit,0.0,8324.73,8324.73,TXN103008,30452381.74
2026-05-03,credit,0.0,4696.41,4696.41,TXN103122,31657214.78
2026-05-03,credit,0.0,15590.22,15590.22,TXN103232,32784905.04
2026-05-03,credit,0.0,23032.92,23032.92,TXN103266,33202208.08
2026-05-03,credit,0.0,12454.13,12454.13,TXN103269,33235817.93
2026-05-03,credit,0.0,10252.67,10252.67,TXN103450,34993857.72
2026-05-03,debit,18589.68,0.0,-18589.68,TXN103455-R,35021035.53
2026-05-03,credit,0.0,23165.21,23165.21,TXN103628,36789483.3
2026-05-03,credit,0.0,13639.88,13639.88,TXN104110,41477433.05
2026-05-03,credit,0.0,20630.31,20630.31,TXN104408,44609738.05
2026-05-03,credit,0.0,8273.25,8273.25,TXN104562,46172483.41
2026-05-03,credit,0.0,20179.52,20179.52,TXN104838,48951056.44
2026-05-04,credit,0.0,667.05,667.05,TXN1O0366,4127855.27
2026-05-04,credit,0.0,13710.96,13710.96,TXN100388,4345684.51
2026-05-04,credit,0.0,15415.12,15415.12,TXN100553,5964373.13
2026-05-04,credit,0.0,2407.12,2407.12,TXN100782,8202768.78
2026-05-04,credit,0.0,9854.9,9854.9,TXN1O0926,9799137.36
2026-05-04,credit,0.0,8716.75,8716.75,TXN101030,10856210.51
2026-05-04,credit,0.0,2769.94,2769.94,TXN101173,12346957.82
2026-05-04,credit,0.0,5516.4,5516.4,TXN101180,12429218.15
2026-05-04,credit,0.0,11987.43,11987.43,TXN101218,12756424.73
2026-05-04,credit,0.0,24488.03,24488.03,TXN101489,15582947.0
2026-05-04,credit,0.0,24022.72,24022.72,TXN101735,17986353.45
2026-05-04,credit,0.0,15163.5,15163.5,TXN101759,18231727.88
2026-05-04,credit,0.0,15510.2,15510.2,TXN101882,19356207.39
2026-05-04,credit,0.0,22646.06,22646.06,TXN102129,21848908.31
2026-05-04,credit,0.0,10953.32,10953.32,TXN102295,23495972.79
2026-05-04,credit,0.0,22114.38,22114.38,TXN102402,24418967.79
2026-05-04,credit,0.0,19933.98,19933.98,TXN102629,26746470.59
2026-05-04,credit,0.0,8288.44,8288.44,TXN1O2892,29424059.7
2026-05-04,credit,0.0,3010.4,3010.4,TXN103010,30447067.41
2026-05-04,credit,0.0,8480.93,8480.93,TXN103038,30761598.15
2026-05-04,credit,0.0,6434.07,6434.07,TXN103093,31360946.83
2026-05-04,credit,0.0,5589.91,5589.91,TXN103364,34118618.73
2026-05-04,credit,0.0,2345.77,2345.77,TXN1O3814,38543595.71
2026-05-04,credit,0.0,7809.65,7809.65,TXN103835,38737422.49
2026-05-04,credit,0.0,8232.22,8232.22,TXN104161,41952184.66
2026-05-04,debit,18700.52,0.0,-18700.52,TXN104171-R,42030896.92
2026-05-04,credit,0.0,18753.99,18753.99,TXN104427,44828593.66
2026-05-04,credit,0.0,23297.72,23297.72,TXN104973,50410261.38
2026-05-05,credit,0.0,20094.99,20094.99,TXN100157,1964119.49
2026-05-05,credit,0.0,21641.47,21641.47,TXN100282,3223135.51
2026-05-05,credit,0.0,20894.76,20894.76,TXN100652,6908990.15
2026-05-05,credit,0.0,11868.87,11868.87,TXN100667,7067306.72
2026-05-05,credit,0.0,24080.47,24080.47,TXN1O0876,9261659.61
2026-05-05,credit,0.0,16146.93,16146.93,TXN100910,9647058.42
2026-05-05,credit,0.0,18744.82,18744.82,TXN1O1331,13973806.43
2026-05-05,debit,24488.03,0.0,-24488.03,TXN101489-R,15558458.97
2026-05-05,credit,0.0,8618.08,8618.08,TXN101534,15983237.97
2026-05-05,credit,0.0,6492.2,6492.2,TXN101578,16395751.96
2026-05-05,credit,0.0,12407.52,12407.52,TXN101700,17575153.39
2026-05-05,debit,2552.42,0.0,-2552.42,TXN101727-R,17872474.68
2026-05-05,credit,0.0,8379.63,8379.63,TXN102716,27626038.42
2026-05-05,debit,4640.56,0.0,-4640.56,TXN102952-R,29941345.09
2026-05-05,credit,0.0,11860.82,11860.82,TXN102975,30180302.66
2026-05-05,credit,0.0,10045.29,10045.29,TXN103004,30398880.65
2026-05-05,credit,0.0,6979.74,6979.74,TXN1O3066,31065349.65
2026-05-05,credit,0.0,10140.96,10140.96,TXN103071,31129428.95
2026-05-05,credit,0.0,10582.91,10582.91,TXN103438,34887205.35
2026-05-05,credit,0.0,24141.6,24141.6,TXN103502,35540610.51
2026-05-05,debit,7880.31,0.0,-7880.31,TXN103586-R,36356632.42
2026-05-05,credit,0.0,18416.05,18416.05,TXN103646,36940869.49
2026-05-05,credit,0.0,18122.23,18122.23,TXN104195,42342198.45
2026-05-05,credit,0.0,4983.54,4983.54,TXN104870,49235719.56
2026-05-06,credit,0.0,1420.07,1420.07,TXN100345,3905968.16
2026-05-06,credit,0.0,12746.23,12746.23,TXN100698,7358562.85
2026-05-06,credit,0.0,4921.33,4921.33,TXN1O0853,8993867.72
2026-05-06,credit,0.0,19685.78,19685.78,TXN1O0871,9202851.84
2026-05-06,credit,0.0,9753.21,9753.21,TXN1O0909,9630911.49
2026-05-06,debit,16146.93,0.0,-16146.93,TXN100910-R,9630911.49
2026-05-06,credit,0.0,3299.9,3299.9,TXN100994,10505192.44
2026-05-06,credit,0.0,18115.69,18115.69,TXN101144,12100459.26
2026-05-06,credit,0.0,20599.41,20599.41,TXN101246,13111233.9
2026-05-06,credit,0.0,21418.47,21418.47,TXN101429,14939877.79
2026-05-06,debit,24372.58,0.0,-24372.58,TXN101558-R,16189726.61
2026-05-06,credit,0.0,7932.26,7932.26,TXN101688,17474617.19
2026-05-06,credit,0.0,24536.92,24536.92,TXN102034,20900212.31
2026-05-06,credit,0.0,17046.81,17046.81,TXN102076,21307902.85
2026-05-06,credit,0.0,12836.84,12836.84,TXN102122,21775466.84
2026-05-06,credit,0.0,3337.69,3337.69,TXN102425,24567006.38
2026-05-06,credit,0.0,934.31,934.31,TXN102837,28823754.3
2026-05-06,debit,10045.29,0.0,-10045.29,TXN103004-R,30388835.36
2026-05-06,credit,0.0,11879.38,11879.38,TXN103097,31441070.73
2026-05-06,credit,0.0,20112.88,20112.88,TXN103125,31704389.62
2026-05-06,credit,0.0,7579.02,7579.02,TXN103134,31776156.81
2026-05-06,credit,0.0,3195.72,3195.72,TXN103137,31784857.74
2026-05-06,credit,0.0,18778.25,18778.25,TXN103144,31815573.59
2026-05-06,credit,0.0,14711.29,14711.29,TXN103351,34041089.46
2026-05-06,credit,0.0,17178.03,17178.03,TXN103437,34876622.44
2026-05-06,credit,0.0,15185.74,15185.74,TXN103446,34954246.44
2026-05-06,credit,0.0,11857.31,11857.31,TXN103480,35291607.93
2026-05-06,credit,0.0,21917.0,21917.0,TXN103508,35590787.66
2026-05-06,credit,0.0,20585.65,20585.65,TXN103560,36095502.85
2026-05-06,debit,18416.05,0.0,-18416.05,TXN103646-R,36922453.44
2026-05-06,credit,0.0,24829.01,24829.01,TXN103671,37207120.35
2026-05-06,credit,0.0,3438.13,3438.13,TXN103868,39127720.63
2026-05-06,credit,0.0,24382.15,24382.15,TXN104063,41008367.01
2026-05-06,credit,0.0,12411.13,12411.13,TXN104582,46351584.75
2026-05-06,credit,0.0,8349.85,8349.85,TXN104644,46896812.84
2026-05-06,debit,23297.72,0.0,-23297.72,TXN104973-R,50386963.66
2026-05-07,credit,0.0,2063.82,2063.82,TXN100250,2792559.03
2026-05-07,credit,0.0,14002.37,14002.37,TXN100401,4462239.98
2026-05-07,credit,0.0,18601.94,18601.94,TXN100402,4480841.92
2026-05-07,credit,0.0,21262.13,21262.13,TXN100533,5824835.41
2026-05-07,credit,0.0,8020.79,8020.79,TXN100578,6193351.41
2026-05-07,credit,0.0,5093.62,5093.62,TXN100600,6355424.53
2026-05-07,credit,0.0,24065.02,24065.02,TXN100701,7411125.86
2026-05-07,credit,0.0,18880.69,18880.69,TXN100766,8081760.57
2026-05-07,credit,0.0,17877.82,17877.82,TXN100973,10292031.02
2026-05-07,credit,0.0,12375.7,12375.7,TXN101954,20040852.96
2026-05-07,credit,0.0,16948.86,16948.86,TXN102134,21915231.34
2026-05-07,credit,0.0,3720.91,3720.91,TXN102480,25255288.51
2026-05-07,credit,0.0,9520.64,9520.64,TXN102523,25726159.97
2026-05-07,debit,7847.63,0.0,-7847.63,TXN102672-R,27240077.71
2026-05-07,credit,0.0,23475.38,23475.38,TXN102769,28164142.75
2026-05-07,debit,8324.73,0.0,-8324.73,TXN103008-R,30444057.01
2026-05-07,debit,8480.93,0.0,-8480.93,TXN103038-R,30753117.22
2026-05-07,credit,0.0,22929.17,22929.17,TXN103094,31383876.0
2026-05-07,debit,24829.01,0.0,-24829.01,TXN103671-R,37182291.34
2026-05-07,credit,0.0,19694.85,19694.85,TXN103870,39171197.17
2026-05-07,debit,24382.15,0.0,-24382.15,TXN104063-R,40983984.86
2026-05-07,credit,0.0,5871.13,5871.13,TXN104155,41863965.16
2026-05-07,credit,0.0,11217.99,11217.99,TXN104378,44230122.84
2026-05-07,credit,0.0,11633.56,11633.56,TXN104417,44698105.21
2026-05-07,credit,0.0,9285.43,9285.43,TXN1O4545,46013330.25
2026-05-08,credit,0.0,16504.63,16504.63,TXN100153,1888442.45
2026-05-08,debit,20094.99,0.0,-20094.99,TXN100157-R,1944024.5
2026-05-08,credit,0.0,24109.19,24109.19,TXN100364,4124173.04
2026-05-08,credit,0.0,6622.42,6622.42,TXN100433,4749331.61
2026-05-08,credit,0.0,20826.85,20826.85,TXN100484,5328164.6
2026-05-08,credit,0.0,3698.71,3698.71,TXN100490,5374584.61
2026-05-08,credit,0.0,20595.03,20595.03,TXN100614,6490473.45
2026-05-08,credit,0.0,17871.45,17871.45,TXN1O0879,9321970.71
2026-05-08,credit,0.0,1610.71,1610.71,TXN101274,13428756.38
2026-05-08,debit,21418.47,0.0,-21418.47,TXN101429-R,14918459.32
2026-05-08,credit,0.0,11668.2,11668.2,TXN101435,14993051.07
2026-05-08,credit,0.0,1684.15,1684.15,TXN1O1555,16155523.68
2026-05-08,credit,0.0,3565.07,3565.07,TXN101643,17013726.28
2026-05-08,debit,7932.26,0.0,-7932.26,TXN101688-R,17466684.93
2026-05-08,credit,0.0,16119.31,16119.31,TXN101690,17507697.68
2026-05-08,credit,0.0,18258.86,18258.86,TXN101693,17538754.69
2026-05-08,credit,0.0,9286.54,9286.54,TXN102067,21249918.06
2026-05-08,credit,0.0,21192.78,21192.78,TXN102144,22013845.61
2026-05-08,credit,0.0,1010.7,1010.7,TXN102298,23526842.38
2026-05-08,credit,0.0,3354.26,3354.26,TXN102326,23724300.19
2026-05-08,debit,22114.38,0.0,-22114.38,TXN102402-R,24396853.41
2026-05-08,credit,0.0,19322.75,19322.75,TXN102434,24683502.49
2026-05-08,credit,0.0,17245.34,17245.34,TXN102443,24785304.69
2026-05-08,credit,0.0,3862.18,3862.18,TXN102600,26492593.4
2026-05-08,credit,0.0,10574.1,10574.1,TXN103025,30640552.5
2026-05-08,credit,0.0,22583.55,22583.55,TXN103082,31246634.58
2026-05-08,credit,0.0,9947.81,9947.81,TXN103119,31655637.1
2026-05-08,debit,20112.88,0.0,-20112.88,TXN103125-R,31684276.74
2026-05-08,debit,3195.72,0.0,-3195.72,TXN103137-R,31781662.02
2026-05-08,credit,0.0,12383.58,12383.58,TXN103229,32734511.54
2026-05-08,credit,0.0,19554.01,19554.01,TXN103318,33760494.69
2026-05-08,credit,0.0,3763.52,3763.52,TXN103785,38269626.45
2026-05-08,credit,0.0,15614.46,15614.46,TXN103916,39543883.84
2026-05-08,credit,0.0,17558.05,17558.05,TXN104258,42999550.25
2026-05-08,credit,0.0,606.73,606.73,TXN104266,43086697.31
2026-05-08,credit,0.0,11106.46,11106.46,TXN104558,46141151.02
2026-05-08,credit,0.0,14734.06,14734.06,TXN104648,46950050.65
2026-05-08,credit,0.0,7718.47,7718.47,TXN104715,47642261.95
2026-05-09,credit,0.0,13855.46,13855.46,TXN100494,5418308.94
2026-05-09,credit,0.0,14914.15,14914.15,TXN100603,6391315.21
2026-05-09,credit,0.0,6104.38,6104.38,TXN100750,7917425.24
2026-05-09,credit,0.0,1128.56,1128.56,TXN101005,10568116.81
2026-05-09,debit,18115.69,0.0,-18115.69,TXN101144-R,12082343.57
2026-05-09,credit,0.0,11982.78,11982.78,TXN101492,15595269.67
2026-05-09,credit,0.0,19543.96,19543.96,TXN101695,17540039.79
2026-05-09,credit,0.0,21395.2,21395.2,TXN102047,21036842.29
2026-05-09,credit,0.0,18736.91,18736.91,TXN102228,22876195.0
2026-05-09,credit,0.0,1647.81,1647.81,TXN102321,23697701.65
2026-05-09,debit,19322.75,0.0,-19322.75,TXN102434-R,24664179.74
2026-05-09,debit,8379.63,0.0,-8379.63,TXN102716-R,27617658.79
2026-05-09,credit,0.0,15470.5,15470.5,TXN102903,29548555.66
2026-05-09,credit,0.0,19511.27,19511.27,TXN103118,31645689.29
2026-05-09,debit,18778.25,0.0,-18778.25,TXN103144-R,31796795.34
2026-05-09,credit,0.0,885.03,885.03,TXN1O3172,32052564.0
2026-05-09,debit,11857.31,0.0,-11857.31,TXN103480-R,35279750.62
2026-05-09,credit,0.0,9712.91,9712.91,TXN103614,36609493.96
2026-05-09,credit,0.0,21892.15,21892.15,TXN103647,36944345.59
2026-05-09,credit,0.0,7191.84,7191.84,TXN103890,39330236.51
2026-05-09,credit,0.0,11710.1,11710.1,TXN103942,39869850.67
2026-05-09,credit,0.0,16365.96,16365.96,TXN104099,41364618.17
2026-05-09,credit,0.0,13658.29,13658.29,TXN104191,42280648.35
2026-05-09,debit,11217.99,0.0,-11217.99,TXN104378-R,44218904.85
2026-05-09,credit,0.0,10249.68,10249.68,TXN104426,44809839.67
2026-05-09,credit,0.0,4332.44,4332.44,TXN104437,44902382.12
2026-05-09,credit,0.0,10165.63,10165.63,TXN104515,45674369.68
2026-05-09,credit,0.0,2825.65,2825.65,TXN104571,46245019.69
2026-05-09,credit,0.0,18186.21,18186.21,TXN104789,48434432.37
2026-05-09,credit,0.0,17669.89,17669.89,TXN104925,49839497.51
2026-05-10,credit,0.0,15797.92,15797.92,TXN1O0034,553813.05
2026-05-10,credit,0.0,6068.22,6068.22,TXN100187,2123381.92
2026-05-10,credit,0.0,11056.53,11056.53,TXN100202,2320626.39
2026-05-10,credit,0.0,12609.87,12609.87,TXN100278,3159077.91
2026-05-10,credit,0.0,4089.18,4089.18,TXN100407,4533288.53
2026-05-10,credit,0.0,19077.32,19077.32,TXN100434,4768408.93
2026-05-10,debit,8020.79,0.0,-8020.79,TXN100578-R,6185330.62
2026-05-10,credit,0.0,9686.0,9686.0,TXN1O0778,8170413.05
2026-05-10,credit,0.0,18198.1,18198.1,TXN100779,8188611.15
2026-05-10,credit,0.0,13277.86,13277.86,TXN100935,9863782.28
2026-05-10,credit,0.0,5375.72,5375.72,TXN101188,12512959.71
2026-05-10,debit,20599.41,0.0,-20599.41,TXN101246-R,13090634.49
2026-05-10,credit,0.0,22688.73,22688.73,TXN101294,13654136.92
2026-05-10,credit,0.0,17622.81,17622.81,TXN1O1574,16376346.17
2026-05-10,credit,0.0,2576.31,2576.31,TXN101625,16866600.92
2026-05-10,credit,0.0,3644.31,3644.31,TXN101626,16870245.23
2026-05-10,credit,0.0,20989.07,20989.07,TXN101889,19449017.37
2026-05-10,credit,0.0,406.07,406.07,TXN102071,21273891.95
2026-05-10,credit,0.0,6788.12,6788.12,TXN102102,21582929.0
2026-05-10,credit,0.0,22737.91,22737.91,TXN102356,24043393.66
2026-05-10,credit,0.0,20544.21,20544.21,TXN1O2779,28274686.51
2026-05-10,credit,0.0,8114.1,8114.1,TXN1O2944,29905675.73
2026-05-10,credit,0.0,1382.13,1382.13,TXN103047,30883624.01
2026-05-10,credit,0.0,1739.96,1739.96,TXN103147,31826263.22
2026-05-10,credit,0.0,21370.58,21370.58,TXN103200,32431614.85
2026-05-10,credit,0.0,23728.78,23728.78,TXN103210,32543298.27
2026-05-10,credit,0.0,987.11,987.11,TXN103274,33284329.58
2026-05-10,credit,0.0,5529.91,5529.91,TXN103297,33527823.77
2026-05-10,credit,0.0,2038.95,2038.95,TXN104210,42464048.43
2026-05-10,credit,0.0,21209.47,21209.47,TXN104826,48801843.15
2026-05-10,credit,0.0,22876.93,22876.93,TXN104865,49213891.19
2026-05-10,credit,0.0,16793.47,16793.47,TXN1O4882,49367895.65
2026-05-10,credit,0.0,10531.31,10531.31,TXN104897,49521351.84
2026-05-11,credit,0.0,10860.66,10860.66,TXN100095,1183426.31
2026-05-11,debit,21262.13,0.0,-21262.13,TXN100533-R,5803573.28
2026-05-11,credit,0.0,10070.38,10070.38,TXN100664,7039956.6
2026-05-11,debit,18880.69,0.0,-18880.69,TXN100766-R,8062879.88
2026-05-11,credit,0.0,6601.37,6601.37,TXN100950,9982414.6
2026-05-11,credit,0.0,18021.32,18021.32,TXN101036,10928270.44
2026-05-11,credit,0.0,1590.37,1590.37,TXN101063,11190463.81
2026-05-11,debit,5375.72,0.0,-5375.72,TXN101188-R,12507583.99
2026-05-11,credit,0.0,9246.91,9246.91,TXN101386,14493180.6
2026-05-11,credit,0.0,753.79,753.79,TXN101678,17400384.93
2026-05-11,credit,0.0,7950.01,7950.01,TXN101691,17515647.69
2026-05-11,credit,0.0,23868.03,23868.03,TXN101828,18893941.89
2026-05-11,credit,0.0,19307.62,19307.62,TXN101989,20389328.14
2026-05-11,credit,0.0,15262.0,15262.0,TXN102407,24444396.74
2026-05-11,credit,0.0,23146.15,23146.15,TXN102475,25215642.89
2026-05-11,credit,0.0,22938.68,22938.68,TXN102646,26977118.11
2026-05-11,credit,0.0,6895.59,6895.59,TXN102706,27529815.64
2026-05-11,credit,0.0,1024.68,1024.68,TXN103141,31786444.69
2026-05-11,credit,0.0,7014.14,7014.14,TXN103152,31875562.09
2026-05-11,credit,0.0,14382.3,14382.3,TXN1O3201,32445997.15
2026-05-11,credit,0.0,11103.82,11103.82,TXN103268,33223363.8
2026-05-11,debit,987.11,0.0,-987.11,TXN103274-R,33283342.47
2026-05-11,credit,0.0,24212.44,24212.44,TXN103520,35733281.16
2026-05-11,debit,11710.1,0.0,-11710.1,TXN103942-R,39858140.57
2026-05-11,credit,0.0,23120.59,23120.59,TXN103963,40078731.69
2026-05-11,credit,0.0,14034.3,14034.3,TXN104003,40420358.49
2026-05-11,credit,0.0,15370.04,15370.04,TXN104055,40914069.03
2026-05-11,credit,0.0,10655.21,10655.21,TXN104136,41708731.69
2026-05-11,credit,0.0,23515.02,23515.02,TXN104252,42944425.18
2026-05-11,credit,0.0,12337.35,12337.35,TXN104522,45756506.6
2026-05-11,credit,0.0,14967.97,14967.97,TXN104559,46156118.99
2026-05-11,credit,0.0,20818.92,20818.92,TXN104649,46970869.57
2026-05-11,credit,0.0,2581.71,2581.71,TXN104809,48646307.2
2026-05-11,credit,0.0,9753.57,9753.57,TXN104933,49913013.21
2026-05-12,credit,0.0,13622.66,13622.66,TXN1O0044,687093.91
2026-05-12,credit,0.0,24128.6,24128.6,TXN100191,2168237.21
2026-05-12,debit,19077.32,0.0,-19077.32,TXN100434-R,4749331.61
2026-05-12,credit,0.0,4766.9,4766.9,TXN100471,5145071.8
2026-05-12,credit,0.0,20990.05,20990.05,TXN101124,11907948.28
2026-05-12,debit,9246.91,0.0,-9246.91,TXN101386-R,14483933.69
2026-05-12,debit,18258.86,0.0,-18258.86,TXN101693-R,17520495.83
2026-05-12,credit,0.0,21759.82,21759.82,TXN101732,17944447.45
2026-05-12,credit,0.0,6176.26,6176.26,TXN102063,21204948.96
2026-05-12,credit,0.0,13480.98,13480.98,TXN102068,21263399.04
2026-05-12,credit,0.0,1574.21,1574.21,TXN102113,21649647.43
2026-05-12,credit,0.0,2829.72,2829.72,TXN102124,21778296.56
2026-05-12,credit,0.0,22381.53,22381.53,TXN102267,23206369.25
2026-05-12,credit,0.0,9698.1,9698.1,TXN102345,23915965.9
2026-05-12,credit,0.0,7413.87,7413.87,TXN102398,24363695.6
2026-05-12,credit,0.0,3865.35,3865.35,TXN102472,25187055.52
2026-05-12,credit,0.0,604.73,604.73,TXN1O2802,28490370.52
2026-05-12,credit,0.0,2469.18,2469.18,TXN102924,29714869.69
2026-05-12,credit,0.0,16755.26,16755.26,TXN103005,30405590.62
2026-05-12,credit,0.0,22165.75,22165.75,TXN1O3086,31301607.65
2026-05-12,debit,9947.81,0.0,-9947.81,TXN103119-R,31645689.29
2026-05-12,credit,0.0,4741.22,4741.22,TXN103290,33454178.14
2026-05-12,credit,0.0,10761.25,10761.25,TXN103505,35563769.72
2026-05-12,credit,0.0,22337.29,22337.29,TXN103715,37540832.18
2026-05-12,credit,0.0,11606.89,11606.89,TXN103974,40175313.68
2026-05-12,credit,0.0,1040.51,1040.51,TXN104139,41731785.41
2026-05-12,credit,0.0,18394.14,18394.14,TXN104297,43447170.13
2026-05-12,credit,0.0,10048.3,10048.3,TXN1O4494,45538689.35
2026-05-12,credit,0.0,1896.94,1896.94,TXN104499,45579107.57
2026-05-12,debit,14967.97,0.0,-14967.97,TXN104559-R,46141151.02
2026-05-12,debit,7718.47,0.0,-7718.47,TXN104715-R,47634543.48
2026-05-12,credit,0.0,2552.09,2552.09,TXN104781,48374273.66
2026-05-12,debit,2581.71,0.0,-2581.71,TXN104809-R,48643725.49
2026-05-12,credit,0.0,22677.08,22677.08,TXN104975,50417160.96
2026-05-12,credit,0.0,9227.31,9227.31,TXN104976,50426388.27
2026-05-13,credit,0.0,9660.64,9660.64,TXN100075,990743.34
2026-05-13,debit,11056.53,0.0,-11056.53,TXN100202-R,2309569.86
2026-05-13,debit,12609.87,0.0,-12609.87,TXN100278-R,3146468.04
2026-05-13,credit,0.0,6647.16,6647.16,TXN1O0332,3769598.3
2026-05-13,debit,13855.46,0.0,-13855.46,TXN100494-R,5404453.48
2026-05-13,credit,0.0,1541.89,1541.89,TXN100900,9539753.64
2026-05-13,credit,0.0,11170.46,11170.46,TXN100912,9655959.8
2026-05-13,credit,0.0,24312.47,24312.47,TXN1O1088,11508946.04
2026-05-13,credit,0.0,3092.5,3092.5,TXN101213,12738043.56
2026-05-13,credit,0.0,17823.66,17823.66,TXN101401,14630216.09
2026-05-13,credit,0.0,4841.99,4841.99,TXN101514,15792812.09
2026-05-13,credit,0.0,19404.77,19404.77,TXN101611,16750068.92
2026-05-13,credit,0.0,7115.79,7115.79,TXN102046,21022562.88
2026-05-13,credit,0.0,15580.17,15580.17,TXN102060,21168780.74
2026-05-13,debit,406.07,0.0,-406.07,TXN102071-R,21273485.88
2026-05-13,debit,18736.91,0.0,-18736.91,TXN102228-R,22857458.09
2026-05-13,credit,0.0,8093.91,8093.91,TXN102318,23676037.8
2026-05-13,credit,0.0,10801.16,10801.16,TXN102436,24683463.88
2026-05-13,credit,0.0,12862.76,12862.76,TXN102638,26874914.13
2026-05-13,credit,0.0,18183.08,18183.08,TXN102735,27857270.57
2026-05-13,credit,0.0,20794.81,20794.81,TXN102806,28528684.54
2026-05-13,credit,0.0,15143.3,15143.3,TXN103235,32813181.6
2026-05-13,credit,0.0,17250.77,17250.77,TXN103367,34162035.09
2026-05-13,credit,0.0,3228.21,3228.21,TXN103658,37043960.84
2026-05-13,credit,0.0,13252.15,13252.15,TXN1O3766,38137655.49
2026-05-13,credit,0.0,11676.52,11676.52,TXN103871,39182873.69
2026-05-13,credit,0.0,18570.87,18570.87,TXN104654,47039523.46
2026-05-13,credit,0.0,6402.58,6402.58,TXN104726,47757314.62
2026-05-13,credit,0.0,22680.24,22680.24,TXN104876,49279246.96
2026-05-13,credit,0.0,8398.94,8398.94,TXN104902,49587265.44
2026-05-13,credit,0.0,23393.53,23393.53,TXN104940,50013344.38
2026-05-13,credit,0.0,4878.63,4878.63,TXN104994,50646556.63
2026-05-14,credit,0.0,16573.61,16573.61,TXN100146,1804212.63
2026-05-14,debit,4766.9,0.0,-4766.9,TXN100471-R,5140304.9
2026-05-14,credit,0.0,13248.54,13248.54,TXN100613,6483126.96
2026-05-14,credit,0.0,19122.09,19122.09,TXN100861,9099837.26
2026-05-14,credit,0.0,14534.09,14534.09,TXN101166,12313010.68
2026-05-14,debit,3092.5,0.0,-3092.5,TXN101213-R,12734951.06
2026-05-14,credit,0.0,1005.71,1005.71,TXN101524,15898600.25
2026-05-14,debit,753.79,0.0,-753.79,TXN101678-R,17399631.14
2026-05-14,credit,0.0,2011.1,2011.1,TXN101807,18710581.41
2026-05-14,credit,0.0,7126.32,7126.32,TXN101823,18839092.84
2026-05-14,debit,20989.07,0.0,-20989.07,TXN101889-R,19428028.3
2026-05-14,credit,0.0,19080.39,19080.39,TXN102003,20537417.57
2026-05-14,credit,0.0,1898.35,1898.35,TXN102167,22270794.13
2026-05-14,credit,0.0,20514.99,20514.99,TXN102720,27678243.87
2026-05-14,credit,0.0,23171.84,23171.84,TXN102900,29512376.85
2026-05-14,credit,0.0,23371.18,23371.18,TXN103187,32215341.01
2026-05-14,credit,0.0,5429.74,5429.74,TXN103741,37823311.19
2026-05-14,credit,0.0,22136.35,22136.35,TXN103820,38638999.45
2026-05-14,debit,11606.89,0.0,-11606.89,TXN103974-R,40163706.79
2026-05-14,credit,0.0,9351.67,9351.67,TXN103994,40352977.64
2026-05-14,credit,0.0,21943.19,21943.19,TXN104214,42523378.64
2026-05-14,credit,0.0,342.7,342.7,TXN104311,43587647.18
2026-05-14,debit,12337.35,0.0,-12337.35,TXN104522-R,45744169.25
2026-05-14,credit,0.0,19765.33,19765.33,TXN104796,48502675.73
2026-05-14,credit,0.0,18775.04,18775.04,TXN104823,48777000.44
2026-05-15,credit,0.0,11921.37,11921.37,TXN100260,2936785.29
2026-05-15,credit,0.0,3015.18,3015.18,TXN1O0365,4127188.22
2026-05-15,credit,0.0,13726.21,13726.21,TXN100852,8988946.39
2026-05-15,debit,11170.46,0.0,-11170.46,TXN100912-R,9644789.34
2026-05-15,credit,0.0,1046.38,1046.38,TXN100991,10476479.17
2026-05-15,credit,0.0,4539.95,4539.95,TXN101022,10777166.0
2026-05-15,credit,0.0,17348.11,17348.11,TXN101038,10969079.83
2026-05-15,credit,0.0,21891.27,21891.27,TXN1O1204,12675126.65
2026-05-15,credit,0.0,15792.9,15792.9,TXN101440,15028953.63
2026-05-15,credit,0.0,11592.74,11592.74,TXN101480,15468177.99
2026-05-15,credit,0.0,12029.32,12029.32,TXN101852,19044092.36
2026-05-15,credit,0.0,22780.25,22780.25,TXN101884,19379638.45
2026-05-15,credit,0.0,15380.29,15380.29,TXN101976,20250278.06
2026-05-15,credit,0.0,17280.43,17280.43,TXN1O2282,23322287.11
2026-05-15,credit,0.0,10551.8,10551.8,TXN102702,27482603.55
2026-05-15,credit,0.0,670.37,670.37,TXN102740,27891576.39
2026-05-15,credit,0.0,14937.98,14937.98,TXN1O2770,28179080.73
2026-05-15,credit,0.0,6522.01,6522.01,TXN102783,28313194.33
2026-05-15,credit,0.0,10051.9,10051.9,TXN103267,33212259.98
2026-05-15,credit,0.0,6853.14,6853.14,TXN103414,34634242.06
2026-05-15,credit,0.0,8232.63,8232.63,TXN103501,35524701.54
2026-05-15,credit,0.0,15991.9,15991.9,TXN1O3826,38670371.51
2026-05-15,debit,11676.52,0.0,-11676.52,TXN103871-R,39171197.17
2026-05-15,credit,0.0,7741.67,7741.67,TXN103872,39178938.84
2026-05-15,credit,0.0,2375.96,2375.96,TXN103915,39528269.38
2026-05-15,credit,0.0,11962.57,11962.57,TXN103975,40175669.36
2026-05-15,credit,0.0,16131.03,16131.03,TXN104344,43918863.62
2026-05-15,debit,2552.09,0.0,-2552.09,TXN104781-R,48371721.57
2026-05-15,debit,9227.31,0.0,-9227.31,TXN104976-R,50417160.96
2026-05-16,credit,0.0,22070.98,22070.98,TXN100117,1467692.48
2026-05-16,credit,0.0,14640.57,14640.57,TXN100128,1596699.06
2026-05-16,credit,0.0,23367.89,23367.89,TXN100646,6839048.53
2026-05-16,credit,0.0,2943.31,2943.31,TXN100749,7911320.86
2026-05-16,credit,0.0,19447.07,19447.07,TXN101320,13863790.49
2026-05-16,credit,0.0,21875.27,21875.27,TXN101593,16562360.29
2026-05-16,credit,0.0,23199.45,23199.45,TXN101706,17643663.55
2026-05-16,credit,0.0,10958.56,10958.56,TXN101922,19679607.41
2026-05-16,credit,0.0,9751.03,9751.03,TXN102178,22364409.72
2026-05-16,credit,0.0,14049.66,14049.66,TXN1O2187,22462387.06
2026-05-16,credit,0.0,19718.57,19718.57,TXN1O2366,24136460.9
2026-05-16,credit,0.0,21026.9,21026.9,TXN1O2546,25943319.85
2026-05-16,debit,12862.76,0.0,-12862.76,TXN102638-R,26862051.37
2026-05-16,credit,0.0,7386.82,7386.82,TXN102721,27685630.69
2026-05-16,credit,0.0,5651.81,5651.81,TXN102724,27698190.84
2026-05-16,debit,670.37,0.0,-670.37,TXN102740-R,27890906.02
2026-05-16,credit,0.0,21462.44,21462.44,TXN102885,29358342.19
2026-05-16,credit,0.0,4865.54,4865.54,TXN103084,31263147.06
2026-05-16,credit,0.0,2364.7,2364.7,TXN103216,32605478.41
2026-05-16,credit,0.0,11400.28,11400.28,TXN103243,32917338.69
2026-05-16,credit,0.0,16202.14,16202.14,TXN103291,33470380.28
2026-05-16,credit,0.0,11262.07,11262.07,TXN103587,36367894.49
2026-05-16,credit,0.0,6794.56,6794.56,TXN103779,38239944.03
2026-05-16,debit,9351.67,0.0,-9351.67,TXN103994-R,40343625.97
2026-05-16,credit,0.0,12831.02,12831.02,TXN1O4319,43690158.57
2026-05-16,debit,16131.03,0.0,-16131.03,TXN104344-R,43902732.59
2026-05-16,credit,0.0,24362.5,24362.5,TXN104490,45496466.99
2026-05-16,debit,18570.87,0.0,-18570.87,TXN104654-R,47020952.59
2026-05-16,credit,0.0,19379.83,19379.83,TXN104697,47476261.24
2026-05-16,debit,6402.58,0.0,-6402.58,TXN104726-R,47750912.04
2026-05-16,credit,0.0,7271.21,7271.21,TXN104816,48685860.78
2026-05-17,credit,0.0,1511.19,1511.19,TXN100179,2061151.42
2026-05-17,credit,0.0,24426.06,24426.06,TXN100261,2949289.98
2026-05-17,credit,0.0,4498.6,4498.6,TXN100309,3527853.97
2026-05-17,credit,0.0,20343.99,20343.99,TXN100512,5587986.42
2026-05-17,credit,0.0,13497.76,13497.76,TXN100525,5713028.91
2026-05-17,credit,0.0,7405.34,7405.34,TXN101150,12135668.09
2026-05-17,credit,0.0,19149.05,19149.05,TXN101163,12273883.55
2026-05-17,credit,0.0,16474.95,16474.95,TXN101342,14068086.41
2026-05-17,credit,0.0,15322.96,15322.96,TXN101400,14612392.43
2026-05-17,debit,1005.71,0.0,-1005.71,TXN101524-R,15897594.54
2026-05-17,credit,0.0,17580.48,17580.48,TXN101820,18828404.6
2026-05-17,credit,0.0,17589.66,17589.66,TXN101977,20267867.72
2026-05-17,debit,7115.79,0.0,-7115.79,TXN102046-R,21015447.09
2026-05-17,credit,0.0,9818.92,9818.92,TXN102284,23337208.88
2026-05-17,credit,0.0,21591.49,21591.49,TXN102921,29719390.53
2026-05-17,credit,0.0,11646.94,11646.94,TXN1O3083,31258281.52
2026-05-17,credit,0.0,16294.84,16294.84,TXN103085,31279441.9
2026-05-17,credit,0.0,2539.77,2539.77,TXN103284,33369576.42
2026-05-17,credit,0.0,7134.52,7134.52,TXN103548,35941391.85
2026-05-17,debit,11962.57,0.0,-11962.57,TXN103975-R,40163706.79
2026-05-17,credit,0.0,17335.57,17335.57,TXN104025,40620611.52
2026-05-17,credit,0.0,12096.38,12096.38,TXN104046,40838549.68
2026-05-17,credit,0.0,638.32,638.32,TXN104165,41973083.06
2026-05-17,credit,0.0,10119.69,10119.69,TXN104182,42190134.04
2026-05-17,credit,0.0,11349.14,11349.14,TXN104446,45025705.38
2026-05-17,credit,0.0,5818.54,5818.54,TXN1O4698,47482079.78
2026-05-18,credit,0.0,1992.48,1992.48,TXN100084,1117254.42
2026-05-18,credit,0.0,24147.79,24147.79,TXN100230,2616583.15
2026-05-18,debit,11921.37,0.0,-11921.37,TXN100260-R,2924863.92
2026-05-18,debit,13248.54,0.0,-13248.54,TXN100613-R,6469878.42
2026-05-18,credit,0.0,22405.85,22405.85,TXN100737,7786743.01
2026-05-18,credit,0.0,15797.43,15797.43,TXN100834,8807437.24
2026-05-18,credit,0.0,6950.21,6950.21,TXN101004,10566988.25
2026-05-18,credit,0.0,13849.52,13849.52,TXN101484,15496634.74
2026-05-18,credit,0.0,12619.62,12619.62,TXN101486,15532750.46
2026-05-18,credit,0.0,947.1,947.1,TXN101696,17540986.89
2026-05-18,credit,0.0,22431.24,22431.24,TXN101915,19659040.94
2026-05-18,credit,0.0,20857.41,20857.41,TXN102098,21561329.62
2026-05-18,credit,0.0,16863.84,16863.84,TXN102143,21992652.83
2026-05-18,debit,9751.03,0.0,-9751.03,TXN102178-R,22354658.69
2026-05-18,credit,0.0,14548.03,14548.03,TXN102223,22823158.36
2026-05-18,credit,0.0,5513.39,5513.39,TXN102370,24161822.72
2026-05-18,debit,21591.49,0.0,-21591.49,TXN102921-R,29697799.04
2026-05-18,credit,0.0,12730.03,12730.03,TXN103388,34398872.23
2026-05-18,debit,6853.14,0.0,-6853.14,TXN103414-R,34627388.92
2026-05-18,credit,0.0,18498.01,18498.01,TXN103857,39018568.14
2026-05-18,credit,0.0,17965.12,17965.12,TXN104158,41902845.94
2026-05-18,debit,21943.19,0.0,-21943.19,TXN104214-R,42501435.45
2026-05-18,credit,0.0,6734.49,6734.49,TXN104306,43549272.6
2026-05-18,credit,0.0,21260.82,21260.82,TXN104493,45549901.87
2026-05-18,credit,0.0,5659.75,5659.75,TXN104517,45702691.88
2026-05-18,credit,0.0,16382.3,16382.3,TXN104711,47610898.79
2026-05-18,credit,0.0,6367.47,6367.47,TXN104822,48758225.4
2026-05-19,credit,0.0,7628.68,7628.68,TXN100079,1048620.56
2026-05-19,credit,0.0,2414.64,2414.64,TXN100212,2396059.3
2026-05-19,credit,0.0,22525.69,22525.69,TXN100281,3201494.04
2026-05-19,credit,0.0,24525.13,24525.13,TXN100289,3321825.62
2026-05-19,credit,0.0,24214.71,24214.71,TXN100356,4056563.03
2026-05-19,credit,0.0,1541.49,1541.49,TXN100715,7550593.91
2026-05-19,credit,0.0,19698.74,19698.74,TXN100717,7570292.65
2026-05-19,credit,0.0,18771.74,18771.74,TXN100921,9741038.2
2026-05-19,credit,0.0,10163.56,10163.56,TXN101064,11200627.37
2026-05-19,credit,0.0,4003.25,4003.25,TXN101142,12076271.21
2026-05-19,credit,0.0,8776.23,8776.23,TXN101147,12128067.2
2026-05-19,debit,22780.25,0.0,-22780.25,TXN101884-R,19356858.2
2026-05-19,credit,0.0,10891.19,10891.19,TXN102669,27233666.93
2026-05-19,credit,0.0,21223.83,21223.83,TXN102870,29173971.63
2026-05-19,debit,21462.44,0.0,-21462.44,TXN102885-R,29336879.75
2026-05-19,credit,0.0,24230.37,24230.37,TXN103022,30624757.22
2026-05-19,credit,0.0,10426.34,10426.34,TXN103234,32798038.3
2026-05-19,debit,8232.63,0.0,-8232.63,TXN103501-R,35516468.91
2026-05-19,credit,0.0,20368.04,20368.04,TXN103511,35625492.59
2026-05-19,credit,0.0,9746.7,9746.7,TXN103801,38427400.42
2026-05-19,debit,17335.57,0.0,-17335.57,TXN104025-R,40603275.95
2026-05-19,credit,0.0,15829.21,15829.21,TXN1O4168,42005300.04
2026-05-19,credit,0.0,15700.68,15700.68,TXN104315,43644868.35
2026-05-19,credit,0.0,23211.75,23211.75,TXN104342,43884403.68
2026-05-19,credit,0.0,20063.64,20063.64,TXN104363,44100059.29
2026-05-19,credit,0.0,14339.15,14339.15,TXN104413,44650990.3
2026-05-19,credit,0.0,23390.46,23390.46,TXN104551,46073020.42
2026-05-19,credit,0.0,24282.22,24282.22,TXN104614,46656935.71
2026-05-19,credit,0.0,5978.02,5978.02,TXN104631,46764372.58
2026-05-19,credit,0.0,16367.67,16367.67,TXN104720,47703774.18
2026-05-20,credit,0.0,10685.02,10685.02,TXN100139,1707397.98
2026-05-20,credit,0.0,8094.03,8094.03,TXN100220,2461584.45
2026-05-20,credit,0.0,5531.81,5531.81,TXN100221,2459022.23
2026-05-20,credit,0.0,23946.23,23946.23,TXN100624,6615464.44
2026-05-20,credit,0.0,19872.15,19872.15,TXN100653,6928862.3
2026-05-20,credit,0.0,4634.72,4634.72,TXN1O0656,6952860.94
2026-05-20,credit,0.0,21916.96,21916.96,TXN101117,11803847.61
2026-05-20,debit,4003.25,0.0,-4003.25,TXN101142-R,12072267.96
2026-05-20,credit,0.0,7566.19,7566.19,TXN101288,13572986.9
2026-05-20,credit,0.0,8211.73,8211.73,TXN101311,13793869.65
2026-05-20,credit,0.0,7986.32,7986.32,TXN101349,14129581.14
2026-05-20,credit,0.0,810.86,810.86,TXN101577,16389259.76
2026-05-20,credit,0.0,339.05,339.05,TXN101762,18250709.36
2026-05-20,debit,17580.48,0.0,-17580.48,TXN101820-R,18810824.12
2026-05-20,credit,0.0,926.51,926.51,TXN101945,19920268.51
2026-05-20,credit,0.0,3126.86,3126.86,TXN101980,20297179.02
2026-05-20,credit,0.0,3083.17,3083.17,TXN101984,20345014.45
2026-05-20,credit,0.0,24117.32,24117.32,TXN102149,22099063.02
2026-05-20,credit,0.0,11281.07,11281.07,TXN102548,25957914.96
2026-05-20,credit,0.0,2462.65,2462.65,TXN102550,25960377.61
2026-05-20,credit,0.0,22637.94,22637.94,TXN102594,26454823.85
2026-05-20,credit,0.0,17095.0,17095.0,TXN102733,27819103.46
2026-05-20,credit,0.0,19144.89,19144.89,TXN102793,28393801.62
2026-05-20,credit,0.0,17884.97,17884.97,TXN1O2848,28946195.9
2026-05-20,credit,0.0,6967.01,6967.01,TXN103159,31958573.75
2026-05-20,credit,0.0,6477.3,6477.3,TXN103304,33575627.58
2026-05-20,credit,0.0,2424.65,2424.65,TXN103506,35566194.37
2026-05-20,credit,0.0,7082.14,7082.14,TXN1O3774,38218707.83
2026-05-20,credit,0.0,429.91,429.91,TXN103803,38432864.74
2026-05-20,credit,0.0,19536.16,19536.16,TXN104050,40870007.35
2026-05-20,credit,0.0,19230.02,19230.02,TXN1O4054,40898698.99
2026-05-20,debit,21260.82,0.0,-21260.82,TXN104493-R,45528641.05
2026-05-20,credit,0.0,19844.66,19844.66,TXN104544,46004044.82
2026-05-20,credit,0.0,12918.26,12918.26,TXN104553,46093540.48
2026-05-21,credit,0.0,3939.64,3939.64,TXN100149,1840685.29
2026-05-21,credit,0.0,10546.03,10546.03,TXN100248,2786515.17
2026-05-21,credit,0.0,17957.79,17957.79,TXN100966,10214118.49
2026-05-21,credit,0.0,17857.61,17857.61,TXN101346,14114251.93
2026-05-21,credit,0.0,14204.95,14204.95,TXN101502,15687937.74
2026-05-21,credit,0.0,11682.62,11682.62,TXN1O1560,16207814.14
2026-05-21,debit,22431.24,0.0,-22431.24,TXN101915-R,19636609.7
2026-05-21,credit,0.0,2963.09,2963.09,TXN1O2138,21940857.51
2026-05-21,credit,0.0,22060.07,22060.07,TXN102446,24829063.52
2026-05-21,credit,0.0,7317.29,7317.29,TXN102619,26637421.55
2026-05-21,credit,0.0,2336.7,2336.7,TXN102995,30346790.1
2026-05-21,credit,0.0,3033.44,3033.44,TXN103003,30388835.36
2026-05-21,credit,0.0,8748.58,8748.58,TXN103222,32681986.89
2026-05-21,credit,0.0,13494.39,13494.39,TXN1O3538,35860811.45
2026-05-21,credit,0.0,2701.63,2701.63,TXN104035,40729779.33
2026-05-21,credit,0.0,5271.54,5271.54,TXN104118,41537033.8
2026-05-21,credit,0.0,3327.64,3327.64,TXN104154,41858094.03
2026-05-21,credit,0.0,7358.24,7358.24,TXN104337,43822907.55
2026-05-21,credit,0.0,17437.6,17437.6,TXN104486,45447423.21
2026-05-21,credit,0.0,8378.33,8378.33,TXN104593,46458322.3
2026-05-21,credit,0.0,12209.01,12209.01,TXN104695,47437420.63
2026-05-21,credit,0.0,21193.79,21193.79,TXN104807,48642240.42
2026-05-21,credit,0.0,15185.07,15185.07,TXN104818,48723450.42
2026-05-22,debit,8094.03,0.0,-8094.03,TXN100220-R,2453490.42
2026-05-22,credit,0.0,3480.23,3480.23,TXN100330,3762951.14
2026-05-22,credit,0.0,20091.1,20091.1,TXN100479,5270459.73
2026-05-22,credit,0.0,21735.44,21735.44,TXN100514,5610935.36
2026-05-22,credit,0.0,19864.02,19864.02,TXN100550,5936186.27
2026-05-22,credit,0.0,14445.73,14445.73,TXN100674,7133705.65
2026-05-22,credit,0.0,3661.96,3661.96,TXN1O0982,10388972.41
2026-05-22,credit,0.0,8763.95,8763.95,TXN101161,12250896.86
2026-05-22,credit,0.0,20923.03,20923.03,TXN1O1470,15360513.35
2026-05-22,credit,0.0,22402.64,22402.64,TXN101789,18557733.46
2026-05-22,credit,0.0,15374.46,15374.46,TXN101923,19694981.87
2026-05-22,credit,0.0,9575.65,9575.65,TXN101995,20440778.63
2026-05-22,credit,0.0,12574.71,12574.71,TXN1O2211,22679942.74
2026-05-22,credit,0.0,10533.56,10533.56,TXN102220,22793175.65
2026-05-22,credit,0.0,9297.58,9297.58,TXN102227,22857458.09
2026-05-22,credit,0.0,7582.34,7582.34,TXN1O2387,24295414.94
2026-05-22,credit,0.0,16121.7,16121.7,TXN102605,26539754.85
2026-05-22,credit,0.0,12711.13,12711.13,TXN102694,27433882.43
2026-05-22,credit,0.0,483.85,483.85,TXN102695,27421655.15
2026-05-22,credit,0.0,22777.03,22777.03,TXN102730,27772528.04
2026-05-22,credit,0.0,7014.96,7014.96,TXN1O2775,28211428.13
2026-05-22,credit,0.0,1756.86,1756.86,TXN102819,28655657.74
2026-05-22,credit,0.0,14022.24,14022.24,TXN103310,33654141.25
2026-05-22,debit,12730.03,0.0,-12730.03,TXN103388-R,34386142.2
2026-05-22,credit,0.0,5031.55,5031.55,TXN103503,35545642.06
2026-05-22,debit,19536.16,0.0,-19536.16,TXN104050-R,40850471.19
2026-05-22,credit,0.0,23209.19,23209.19,TXN104372,44170690.34
2026-05-22,credit,0.0,22568.6,22568.6,TXN104382,44305542.34
2026-05-22,credit,0.0,18928.04,18928.04,TXN104592,46449943.97
2026-05-22,credit,0.0,19066.05,19066.05,TXN104598,46498292.8
2026-05-22,debit,24282.22,0.0,-24282.22,TXN104614-R,46632653.49
2026-05-22,credit,0.0,17741.3,17741.3,TXN104944,50087248.08
2026-05-23,debit,2414.64,0.0,-2414.64,TXN100212-R,2393644.66
2026-05-23,credit,0.0,8457.5,8457.5,TXN100713,7527828.23
2026-05-23,credit,0.0,9267.28,9267.28,TXN100728,7694673.24
2026-05-23,debit,8776.23,0.0,-8776.23,TXN101147-R,12119290.97
2026-05-23,credit,0.0,16139.15,16139.15,TXN101238,13036914.74
2026-05-23,credit,0.0,10506.74,10506.74,TXN1O1425,14888385.12
2026-05-23,credit,0.0,22801.35,22801.35,TXN102422,24559639.81
2026-05-23,credit,0.0,21698.76,21698.76,TXN102444,24807003.45
2026-05-23,credit,0.0,6056.07,6056.07,TXN102686,27403646.08
2026-05-23,credit,0.0,3509.33,3509.33,TXN102691,27406956.64
2026-05-23,credit,0.0,6136.86,6136.86,TXN102771,28185217.59
2026-05-23,credit,0.0,8886.54,8886.54,TXN103386,34378729.13
2026-05-23,credit,0.0,8180.05,8180.05,TXN103603,36509950.38
2026-05-23,credit,0.0,7261.39,7261.39,TXN103666,37121270.25
2026-05-23,credit,0.0,7919.5,7919.5,TXN104108,41448625.71
2026-05-23,credit,0.0,12237.51,12237.51,TXN104351,43992271.32
2026-05-23,credit,0.0,22537.92,22537.92,TXN104353,44014809.24
2026-05-23,credit,0.0,23524.74,23524.74,TXN104360,44076902.29
2026-05-23,credit,0.0,4865.35,4865.35,TXN104596,46479226.75
2026-05-23,credit,0.0,3194.81,3194.81,TXN104618,46657891.92
2026-05-23,credit,0.0,20256.34,20256.34,TXN104650,46991125.91
2026-05-23,credit,0.0,11508.62,11508.62,TXN104848,49055806.45
2026-05-24,credit,0.0,18025.02,18025.02,TXN100101,1224150.42
2026-05-24,credit,0.0,16857.28,16857.28,TXN1O1314,13828313.87
2026-05-24,credit,0.0,14541.08,14541.08,TXN101389,14516413.91
2026-05-24,credit,0.0,18578.32,18578.32,TXN101661,17158383.67
2026-05-24,credit,0.0,1508.29,1508.29,TXN101742,18041605.48
2026-05-24,credit,0.0,8225.75,8225.75,TXN101800,18642240.2
2026-05-24,credit,0.0,10815.66,10815.66,TXN101987,20370020.52
2026-05-24,credit,0.0,3516.39,3516.39,TXN102135,21918747.73
2026-05-24,credit,0.0,15378.0,15378.0,TXN102534,25836185.81
2026-05-24,credit,0.0,7835.29,7835.29,TXN102625,26709912.16
2026-05-24,debit,6056.07,0.0,-6056.07,TXN102686-R,27397590.01
2026-05-24,credit,0.0,22805.99,22805.99,TXN102811,28600282.67
2026-05-24,credit,0.0,5687.97,5687.97,TXN102896,29434090.92
2026-05-24,credit,0.0,13504.49,13504.49,TXN103068,31103360.72
2026-05-24,credit,0.0,23823.71,23823.71,TXN103236,32837005.31
2026-05-24,credit,0.0,16931.67,16931.67,TXN103288,33433807.16
2026-05-24,credit,0.0,20405.69,20405.69,TXN103362,34133434.51
2026-05-24,credit,0.0,17836.77,17836.77,TXN103686,37269279.2
2026-05-24,credit,0.0,4452.05,4452.05,TXN1O3783,38263306.87
2026-05-24,credit,0.0,24348.84,24348.84,TXN103844,38863581.53
2026-05-24,credit,0.0,8751.87,8751.87,TXN103846,38892662.84
2026-05-24,credit,0.0,3207.39,3207.39,TXN104121,41561030.23
2026-05-24,credit,0.0,18205.28,18205.28,TXN104379,44237110.13
2026-05-24,credit,0.0,23631.05,23631.05,TXN104533,45889196.83
2026-05-24,credit,0.0,11377.9,11377.9,TXN104577,46294276.14
2026-05-24,credit,0.0,4887.14,4887.14,TXN1O4667,47167119.9
2026-05-24,credit,0.0,314.0,314.0,TXN104873,49249845.84
2026-05-24,credit,0.0,22421.06,22421.06,TXN104932,49925680.7
2026-05-25,credit,0.0,23244.16,23244.16,TXN100053,847457.65
2026-05-25,credit,0.0,11300.45,11300.45,TXN100180,2072451.87
2026-05-25,credit,0.0,6836.76,6836.76,TXN100241,2732025.87
2026-05-25,credit,0.0,19253.53,19253.53,TXN100415,4600915.49
2026-05-25,credit,0.0,8740.79,8740.79,TXN100465,5099422.72
2026-05-25,credit,0.0,23447.85,23447.85,TXN100720,7607562.04
2026-05-25,credit,0.0,12269.07,12269.07,TXN100889,9443894.73
2026-05-25,credit,0.0,20963.95,20963.95,TXN101127,11935666.67
2026-05-25,credit,0.0,9338.35,9338.35,TXN101617,16818151.9
2026-05-25,credit,0.0,21436.29,21436.29,TXN101622,16864024.61
2026-05-25,credit,0.0,579.04,579.04,TXN101766,18284700.24
2026-05-25,credit,0.0,18723.86,18723.86,TXN101964,20131296.2
2026-05-25,credit,0.0,17919.4,17919.4,TXN102303,23583547.85
2026-05-25,credit,0.0,11093.84,11093.84,TXN102467,25123311.33
2026-05-25,debit,12711.13,0.0,-12711.13,TXN102694-R,27421171.3
2026-05-25,debit,5687.97,0.0,-5687.97,TXN102896-R,29428402.95
2026-05-25,credit,0.0,10189.94,10189.94,TXN103154,31910206.81
2026-05-25,credit,0.0,8208.61,8208.61,TXN103211,32551506.88
2026-05-25,credit,0.0,1635.71,1635.71,TXN1O3214,32592367.58
2026-05-25,credit,0.0,5689.02,5689.02,TXN103252,32999987.08
2026-05-25,credit,0.0,23897.4,23897.4,TXN103793,38351161.93
2026-05-25,credit,0.0,14705.79,14705.79,TXN104007,40462042.95
2026-05-25,credit,0.0,4751.29,4751.29,TXN104084,41218912.86
2026-05-25,credit,0.0,7896.78,7896.78,TXN104433,44873087.62
2026-05-25,debit,19066.05,0.0,-19066.05,TXN104598-R,46479226.75
2026-05-25,credit,0.0,2691.53,2691.53,TXN104721,47706465.71
2026-05-26,credit,0.0,2441.19,2441.19,TXN100914,9662437.27
2026-05-26,credit,0.0,20528.39,20528.39,TXN100988,10457567.2
2026-05-26,credit,0.0,11395.32,11395.32,TXN101397,14588821.75
2026-05-26,credit,0.0,19993.28,19993.28,TXN101497,15634402.08
2026-05-26,credit,0.0,24339.87,24339.87,TXN101566,16300101.5
2026-05-26,credit,0.0,18436.37,18436.37,TXN101629,16897671.73
2026-05-26,credit,0.0,14912.05,14912.05,TXN1O2008,20602023.61
2026-05-26,credit,0.0,3577.99,3577.99,TXN102018,20710158.06
2026-05-26,credit,0.0,3863.66,3863.66,TXN102250,23080764.99
2026-05-26,credit,0.0,24881.62,24881.62,TXN102296,23520854.41
2026-05-26,credit,0.0,22290.87,22290.87,TXN102708,27568872.94
2026-05-26,credit,0.0,12527.13,12527.13,TXN102881,29307763.27
2026-05-26,credit,0.0,23383.17,23383.17,TXN102934,29798424.07
2026-05-26,credit,0.0,14917.04,14917.04,TXN102935,29813341.11
2026-05-26,credit,0.0,1028.59,1028.59,TXN103298,33528852.36
2026-05-26,credit,0.0,13957.89,13957.89,TXN103716,37554790.07
2026-05-26,credit,0.0,2556.06,2556.06,TXN1O3784,38265862.93
2026-05-26,credit,0.0,15736.11,15736.11,TXN103833,38729612.84
2026-05-26,credit,0.0,11851.9,11851.9,TXN103849,38938290.05
2026-05-26,credit,0.0,10378.21,10378.21,TXN103957,40000882.99
2026-05-26,credit,0.0,19376.93,19376.93,TXN104114,41526936.16
2026-05-26,debit,23524.74,0.0,-23524.74,TXN104360-R,44053377.55
2026-05-26,credit,0.0,15458.82,15458.82,TXN104685,47332123.53
2026-05-27,debit,23244.16,0.0,-23244.16,TXN100053-R,824213.49
2026-05-27,credit,0.0,10288.71,10288.71,TXN100215,2423818.81
2026-05-27,credit,0.0,23651.77,23651.77,TXN100371,4193079.27
2026-05-27,debit,8740.79,0.0,-8740.79,TXN100465-R,5090681.93
2026-05-27,credit,0.0,3528.67,3528.67,TXN1O0995,10508721.11
2026-05-27,credit,0.0,776.38,776.38,TXN101028,10824521.72
2026-05-27,credit,0.0,17469.08,17469.08,TXN101353,14165727.8
2026-05-27,credit,0.0,10968.81,10968.81,TXN1O1642,17010161.21
2026-05-27,credit,0.0,21801.08,21801.08,TXN102011,20630762.78
2026-05-27,credit,0.0,19597.7,19597.7,TXN102080,21362425.38
2026-05-27,credit,0.0,20839.87,20839.87,TXN1O2125,21799136.43
2026-05-27,credit,0.0,2932.67,2932.67,TXN102873,29209082.74
2026-05-27,credit,0.0,9652.22,9652.22,TXN102951,29941345.09
2026-05-27,credit,0.0,8309.3,8309.3,TXN103079,31224051.03
2026-05-27,credit,0.0,17666.4,17666.4,TXN103130,31747428.8
2026-05-27,debit,20405.69,0.0,-20405.69,TXN103362-R,34113028.82
2026-05-27,credit,0.0,11030.37,11030.37,TXN103554,36017230.93
2026-05-27,credit,0.0,22174.03,22174.03,TXN103884,39292758.77
2026-05-27,credit,0.0,19465.01,19465.01,TXN104184,42214712.54
2026-05-27,credit,0.0,17896.54,17896.54,TXN104350,43980033.81
2026-05-27,debit,23631.05,0.0,-23631.05,TXN104533-R,45865565.78
2026-05-27,credit,0.0,19035.64,19035.64,TXN104581,46339173.62
2026-05-27,credit,0.0,15204.79,15204.79,TXN104776,48320694.27
2026-05-27,credit,0.0,1308.03,1308.03,TXN104869,49230736.02
2026-05-27,debit,22421.06,0.0,-22421.06,TXN104932-R,49903259.64
2026-05-27,credit,0.0,23338.32,23338.32,TXN104962,50247233.98
2026-05-28,credit,0.0,3746.59,3746.59,TXN100002,253746.59
2026-05-28,debit,19253.53,0.0,-19253.53,TXN100415-R,4581661.96
2026-05-28,credit,0.0,24999.42,24999.42,TXN100466,5115681.35
2026-05-28,credit,0.0,8846.77,8846.77,TXN100563,6028394.72
2026-05-28,credit,0.0,20920.09,20920.09,TXN100689,7308072.91
2026-05-28,credit,0.0,7709.37,7709.37,TXN1O0754,7962077.74
2026-05-28,credit,0.0,6534.04,6534.04,TXN1O1131,11946778.77
2026-05-28,credit,0.0,17081.46,17081.46,TXN101172,12344187.88
2026-05-28,credit,0.0,13619.3,13619.3,TXN101230,12956817.4
2026-05-28,credit,0.0,20731.55,20731.55,TXN101240,13066920.85
2026-05-28,credit,0.0,12793.29,12793.29,TXN101381,14460228.27
2026-05-28,credit,0.0,1096.07,1096.07,TXN101703,17597790.28
2026-05-28,credit,0.0,4773.66,4773.66,TXN101862,19116635.52
2026-05-28,credit,0.0,13981.72,13981.72,TXN102160,22186719.01
2026-05-28,credit,0.0,17925.02,17925.02,TXN102293,23477755.06
2026-05-28,debit,17919.4,0.0,-17919.4,TXN102303-R,23565628.45
2026-05-28,credit,0.0,17600.06,17600.06,TXN102884,29336879.75
2026-05-28,credit,0.0,2812.89,2812.89,TXN103108,31530168.47
2026-05-28,credit,0.0,9691.33,9691.33,TXN103202,32455688.48
2026-05-28,credit,0.0,22100.23,22100.23,TXN103383,34375012.36
2026-05-28,credit,0.0,16036.05,16036.05,TXN103535,35846487.41
2026-05-28,credit,0.0,14265.44,14265.44,TXN103616,36647652.33
2026-05-28,credit,0.0,8820.45,8820.45,TXN103773,38211625.69
2026-05-28,credit,0.0,7939.91,7939.91,TXN104015,40526099.42
2026-05-28,credit,0.0,8262.89,8262.89,TXN104104,41436636.87
2026-05-28,credit,0.0,14734.1,14734.1,TXN104105,41451370.97
2026-05-28,credit,0.0,11176.79,11176.79,TXN1O4265,43086090.58
2026-05-28,credit,0.0,15797.2,15797.2,TXN104659,47082524.2
2026-05-28,credit,0.0,20335.98,20335.98,TXN104727,47771248.02
2026-05-28,credit,0.0,18790.63,18790.63,TXN104731,47802782.06
2026-05-28,credit,0.0,21158.86,21158.86,TXN104889,49444924.6
2026-05-28,credit,0.0,17319.09,17319.09,TXN104919,49752836.09
2026-05-29,credit,0.0,20598.52,20598.52,TXN1O0025,463358.34
2026-05-29,credit,0.0,1964.79,1964.79,TXN100059,869638.31
2026-05-29,credit,0.0,5806.21,5806.21,TXN100123,1544817.33
2026-05-29,credit,0.0,24059.2,24059.2,TXN1O0257,2889958.78
2026-05-29,credit,0.0,18370.23,18370.23,TXN100303,3495436.12
2026-05-29,credit,0.0,9682.04,9682.04,TXN1O0732,7725583.71
2026-05-29,credit,0.0,5522.0,5522.0,TXN1O0761,8018724.19
2026-05-29,credit,0.0,9761.83,9761.83,TXN100907,9630920.11
2026-05-29,credit,0.0,3619.32,3619.32,TXN101109,11670560.14
2026-05-29,credit,0.0,6410.69,6410.69,TXN101522,15894252.94
2026-05-29,credit,0.0,18767.66,18767.66,TXN1O1636,16956061.86
2026-05-29,debit,1096.07,0.0,-1096.07,TXN101703-R,17596694.21
2026-05-29,credit,0.0,19149.88,19149.88,TXN101993,20425169.3
2026-05-29,debit,19597.7,0.0,-19597.7,TXN102080-R,21342827.68
2026-05-29,credit,0.0,2730.71,2730.71,TXN102656,27075861.41
2026-05-29,credit,0.0,7838.13,7838.13,TXN1O2968,30096037.6
2026-05-29,credit,0.0,9569.0,9569.0,TXN103128,31716446.84
2026-05-29,credit,0.0,829.65,829.65,TXN103537,35847317.06
2026-05-29,credit,0.0,15869.35,15869.35,TXN103594,36450940.62
2026-05-29,credit,0.0,1802.08,1802.08,TXN103598,36477191.46
2026-05-29,credit,0.0,16987.37,16987.37,TXN104026,40620263.32
2026-05-29,credit,0.0,7956.02,7956.02,TXN104247,42884123.83
2026-05-29,credit,0.0,9483.06,9483.06,TXN1O4356,44049324.08
2026-05-29,credit,0.0,1214.58,1214.58,TXN104375,44188923.51
2026-05-29,credit,0.0,17370.35,17370.35,TXN104538,45938675.36
2026-05-29,credit,0.0,10413.77,10413.77,TXN104813,48658120.28
2026-05-29,credit,0.0,22620.49,22620.49,TXN104846,49032715.39
2026-05-30,credit,0.0,11663.57,11663.57,TXN100341,3886874.34
2026-05-30,credit,0.0,8415.42,8415.42,TXN100362,4099693.81
2026-05-30,credit,0.0,13632.07,13632.07,TXN100697,7359448.69
2026-05-30,credit,0.0,19532.46,19532.46,TXN100833,8791639.81
2026-05-30,debit,9761.83,0.0,-9761.83,TXN100907-R,9621158.28
2026-05-30,credit,0.0,21932.87,21932.87,TXN100974,10313963.89
2026-05-30,credit,0.0,24357.3,24357.3,TXN101017,10702736.93
2026-05-30,credit,0.0,1357.37,1357.37,TXN101373,14387383.87
2026-05-30,debit,18436.37,0.0,-18436.37,TXN101629-R,16879235.36
2026-05-30,credit,0.0,5127.58,5127.58,TXN101656,17102123.03
2026-05-30,credit,0.0,23922.66,23922.66,TXN101672,17332050.97
2026-05-30,credit,0.0,15030.11,15030.11,TXN101698,17562745.87
2026-05-30,credit,0.0,23701.97,23701.97,TXN101818,18804283.7
2026-05-30,credit,0.0,20429.42,20429.42,TXN102052,21076758.19
2026-05-30,credit,0.0,22085.32,22085.32,TXN102491,25386084.9
2026-05-30,credit,0.0,22869.26,22869.26,TXN102518,25677238.72
2026-05-30,credit,0.0,5468.76,5468.76,TXN102739,27890906.02
2026-05-30,credit,0.0,12734.48,12734.48,TXN102753,28009129.54
2026-05-30,credit,0.0,823.97,823.97,TXN102754,27997219.03
2026-05-30,debit,12527.13,0.0,-12527.13,TXN102881-R,29295236.14
2026-05-30,credit,0.0,5662.29,5662.29,TXN103028,30675114.75
2026-05-30,credit,0.0,13889.07,13889.07,TXN103321,33788413.92
2026-05-30,credit,0.0,1534.44,1534.44,TXN103517,35693490.74
2026-05-30,credit,0.0,7491.62,7491.62,TXN103651,36986512.87
2026-05-30,credit,0.0,11116.15,11116.15,TXN103738,37777624.69
2026-05-31,credit,0.0,4319.72,4319.72,TXN100073,981082.7
2026-05-31,credit,0.0,10273.26,10273.26,TXN100085,1127527.68
2026-05-31,credit,0.0,21655.76,21655.76,TXN100116,1445621.5
2026-05-31,credit,0.0,16918.05,16918.05,TXN100148,1836745.65
2026-05-31,credit,0.0,14844.67,14844.67,TXN100367,4142699.94
2026-05-31,credit,0.0,23676.56,23676.56,TXN100473,5165333.08
2026-05-31,debit,20920.09,0.0,-20920.09,TXN100689-R,7287152.82
2026-05-31,debit,13632.07,0.0,-13632.07,TXN100697-R,7345816.62
2026-05-31,credit,0.0,5483.99,5483.99,TXN100869,9172720.62
2026-05-31,credit,0.0,10669.45,10669.45,TXN100972,10274153.2
2026-05-31,credit,0.0,7504.4,7504.4,TXN1O0979,10378293.14
2026-05-31,credit,0.0,2615.74,2615.74,TXN101066,11210095.15
2026-05-31,credit,0.0,1487.14,1487.14,TXN101105,11619287.85
2026-05-31,credit,0.0,2202.18,2202.18,TXN101231,12959019.58
2026-05-31,credit,0.0,16651.96,16651.96,TXN101515,15809464.05
2026-05-31,credit,0.0,9478.11,9478.11,TXN1O1786,18520261.8
2026-05-31,credit,0.0,3064.73,3064.73,TXN102244,23040304.24
2026-05-31,credit,0.0,15115.59,15115.59,TXN1O2247,23068667.0
2026-05-31,credit,0.0,7646.35,7646.35,TXN1O2266,23183987.72
2026-05-31,credit,0.0,5472.99,5472.99,TXN102409,24472991.31
2026-05-31,credit,0.0,20193.07,20193.07,TXN102458,25029792.51
2026-05-31,credit,0.0,12825.56,12825.56,TXN1O2603,26512908.24
2026-05-31,debit,12734.48,0.0,-12734.48,TXN102753-R,27996395.06
2026-05-31,debit,823.97,0.0,-823.97,TXN102754-R,27996395.06
2026-05-31,credit,0.0,1207.33,1207.33,TXN102933,29775040.9
2026-05-31,credit,0.0,20592.76,20592.76,TXN103466,35119349.0
2026-05-31,credit,0.0,12490.81,12490.81,TXN1O3529,35790980.72
2026-05-31,credit,0.0,3557.26,3557.26,TXN103580,36276909.83
2026-05-31,credit,0.0,8938.32,8938.32,TXN103601,36498674.72
2026-05-31,credit,0.0,21057.0,21057.0,TXN103873,39199995.84
2026-05-31,credit,0.0,9229.22,9229.22,TXN103885,39301987.99
2026-05-31,credit,0.0,4212.59,4212.59,TXN104166,41977295.65
2026-05-31,credit,0.0,8043.66,8043.66,TXN104273,43156167.58
2026-05-31,credit,0.0,16762.02,16762.02,TXN104399,44460786.16
2026-05-31,credit,0.0,2517.55,2517.55,TXN104572,46247537.24
2026-05-31,credit,0.0,3951.55,3951.55,TXN104778,48347399.39
2026-05-31,credit,0.0,12317.04,12317.04,TXN104899,49557127.45
2026-05-31,credit,0.0,7201.68,7201.68,TXN104901,49578866.5
2026-05-31,credit,0.0,19918.16,19918.16,TXN1O4923,49813460.36
2026-05-31,credit,0.0,22699.78,22699.78,TXN104969,50352592.68
2026-06-01,credit,0.0,4593.19,4593.19,TXN100242,2736619.06
2026-06-01,credit,0.0,17475.01,17475.01,TXN100275,3120829.67
2026-06-01,credit,0.0,5390.22,5390.22,TXN100694,7327597.09
2026-06-01,credit,0.0,20853.15,20853.15,TXN100709,7505475.37
2026-06-01,credit,0.0,13936.36,13936.36,TXN1O0723,7636727.12
2026-06-01,credit,0.0,12523.73,12523.73,TXN100923,9773221.83
2026-06-01,credit,0.0,22106.73,22106.73,TXN101304,13746431.06
2026-06-01,credit,0.0,21856.74,21856.74,TXN101469,15339590.32
2026-06-01,credit,0.0,8221.14,8221.14,TXN101587,16497557.73
2026-06-01,credit,0.0,12384.04,12384.04,TXN101946,19932652.55
2026-06-01,credit,0.0,2352.36,2352.36,TXN102017,20708932.43
2026-06-01,credit,0.0,3104.9,3104.9,TXN102233,22922115.47
2026-06-01,debit,3064.73,0.0,-3064.73,TXN102244-R,23037239.51
2026-06-01,credit,0.0,5239.65,5239.65,TXN102731,27777767.69
2026-06-01,credit,0.0,23542.48,23542.48,TXN102833,28814243.34
2026-06-01,credit,0.0,23638.21,23638.21,TXN102971,30145786.42
2026-06-01,credit,0.0,1926.43,1926.43,TXN103382,34352912.13
2026-06-01,debit,22100.23,0.0,-22100.23,TXN103383-R,34352912.13
2026-06-01,debit,1802.08,0.0,-1802.08,TXN103598-R,36475389.38
2026-06-01,credit,0.0,19979.81,19979.81,TXN103979,40209410.83
2026-06-01,debit,14734.1,0.0,-14734.1,TXN104105-R,41436636.87
2026-06-01,credit,0.0,21773.22,21773.22,TXN104217,42553062.56
2026-06-01,credit,0.0,9209.31,9209.31,TXN104230,42674710.53
2026-06-01,credit,0.0,10846.57,10846.57,TXN104377,44218904.85
2026-06-01,credit,0.0,17602.72,17602.72,TXN104459,45187651.8
2026-06-01,credit,0.0,15094.78,15094.78,TXN104734,47841066.22
2026-06-02,debit,5806.21,0.0,-5806.21,TXN100123-R,1539011.12
2026-06-02,credit,0.0,11582.63,11582.63,TXN100280,3178968.35
2026-06-02,credit,0.0,13103.1,13103.1,TXN100308,3523355.37
2026-06-02,credit,0.0,18219.53,18219.53,TXN100696,7345816.62
2026-06-02,credit,0.0,14427.42,14427.42,TXN100788,8266509.51
2026-06-02,credit,0.0,12737.19,12737.19,TXN100831,8757979.08
2026-06-02,credit,0.0,15962.02,15962.02,TXN101006,10584078.83
2026-06-02,credit,0.0,520.57,520.57,TXN101569,16323384.72
2026-06-02,credit,0.0,12849.72,12849.72,TXN101714,17739646.54
2026-06-02,credit,0.0,6264.64,6264.64,TXN102200,22592466.78
2026-06-02,credit,0.0,19587.27,19587.27,TXN102234,22941702.74
2026-06-02,credit,0.0,13305.59,13305.59,TXN102524,25739465.56
2026-06-02,credit,0.0,17566.95,17566.95,TXN102718,27637164.34
2026-06-02,credit,0.0,15608.23,15608.23,TXN102756,28018019.5
2026-06-02,credit,0.0,5527.53,5527.53,TXN102854,29005514.22
2026-06-02,credit,0.0,24857.28,24857.28,TXN102979,30205159.94
2026-06-02,credit,0.0,5505.21,5505.21,TXN103136,31781662.02
2026-06-02,credit,0.0,17168.74,17168.74,TXN103199,32410244.27
2026-06-02,credit,0.0,2094.22,2094.22,TXN103317,33743034.9
2026-06-02,credit,0.0,16589.18,16589.18,TXN103358,34122449.43
2026-06-02,credit,0.0,14341.28,14341.28,TXN103447,34968587.72
2026-06-02,credit,0.0,6407.83,6407.83,TXN103860,39054264.53
2026-06-02,credit,0.0,4010.28,4010.28,TXN103874,39204006.12
2026-06-02,credit,0.0,16842.95,16842.95,TXN103978,40189431.02
2026-06-02,credit,0.0,11716.64,11716.64,TXN103982,40237269.54
2026-06-02,credit,0.0,19950.16,19950.16,TXN103995,40363576.13
2026-06-02,credit,0.0,18189.68,18189.68,TXN104681,47300760.91
2026-06-02,credit,0.0,21556.47,21556.47,TXN1O4719,47687406.51
2026-06-02,credit,0.0,23680.49,23680.49,TXN104972,50386963.66
2026-06-03,credit,0.0,18259.89,18259.89,TXN100030,521672.42
2026-06-03,credit,0.0,5733.02,5733.02,TXN100056,852016.57
2026-06-03,credit,0.0,16437.79,16437.79,TXN100113,1402270.37
2026-06-03,credit,0.0,22961.51,22961.51,TXN100156,1944024.5
2026-06-03,credit,0.0,5224.21,5224.21,TXN100186,2117313.7
2026-06-03,credit,0.0,17778.26,17778.26,TXN100451,4968308.2
2026-06-03,credit,0.0,16700.78,16700.78,TXN100670,7104116.78
2026-06-03,credit,0.0,17913.78,17913.78,TXN100777,8160727.05
2026-06-03,credit,0.0,16211.9,16211.9,TXN100814,8564106.87
2026-06-03,debit,5483.99,0.0,-5483.99,TXN100869-R,9167236.63
2026-06-03,credit,0.0,14379.68,14379.68,TXN101607,16693461.71
2026-06-03,credit,0.0,6293.01,6293.01,TXN102010,20608961.7
2026-06-03,credit,0.0,13054.24,13054.24,TXN102278,23285856.56
2026-06-03,credit,0.0,5059.6,5059.6,TXN102573,26198256.95
2026-06-03,credit,0.0,2963.66,2963.66,TXN102577,26251347.82
2026-06-03,credit,0.0,1615.5,1615.5,TXN1O2634,26815881.61
2026-06-03,credit,0.0,15173.09,15173.09,TXN102801,28489765.79
2026-06-03,debit,5527.53,0.0,-5527.53,TXN102854-R,28999986.69
2026-06-03,debit,24857.28,0.0,-24857.28,TXN102979-R,30180302.66
2026-06-03,credit,0.0,16423.19,16423.19,TXN103019,30564867.87
2026-06-03,credit,0.0,23986.6,23986.6,TXN103380,34329106.59
2026-06-03,credit,0.0,19352.08,19352.08,TXN103582,36320050.8
2026-06-03,credit,0.0,16661.73,16661.73,TXN103695,37355232.03
2026-06-03,credit,0.0,1134.32,1134.32,TXN103721,37567216.62
2026-06-03,credit,0.0,7902.22,7902.22,TXN103834,38737515.06
2026-06-03,credit,0.0,4307.42,4307.42,TXN103971,40161210.86
2026-06-03,credit,0.0,8726.21,8726.21,TXN104044,40824010.43
2026-06-03,credit,0.0,4680.75,4680.75,TXN104132,41675688.96
2026-06-03,credit,0.0,7132.82,7132.82,TXN1O4240,42791758.49
2026-06-03,credit,0.0,12120.76,12120.76,TXN104539,45950796.12
2026-06-03,credit,0.0,19433.91,19433.91,TXN104554,46112974.39
2026-06-03,debit,18189.68,0.0,-18189.68,TXN104681-R,47282571.23
2026-06-03,credit,0.0,11769.39,11769.39,TXN104890,49456693.99
2026-06-04,credit,0.0,22661.81,22661.81,TXN1O0103,1267674.92
2026-06-04,credit,0.0,8284.86,8284.86,TXN100267,3016436.77
2026-06-04,credit,0.0,11352.16,11352.16,TXN100316,3615015.75
2026-06-04,credit,0.0,17040.78,17040.78,TXN100325,3748588.8
2026-06-04,credit,0.0,18176.22,18176.22,TXN100457,5069367.15
2026-06-04,credit,0.0,1557.06,1557.06,TXN100480,5272016.79
2026-06-04,credit,0.0,20435.8,20435.8,TXN100751,7937861.04
2026-06-04,credit,0.0,20486.09,20486.09,TXN1O1557,16189726.61
2026-06-04,credit,0.0,12186.37,12186.37,TXN101564,16253539.9
2026-06-04,credit,0.0,589.5,589.5,TXN101736,17986942.95
2026-06-04,credit,0.0,1341.67,1341.67,TXN102140,21956851.6
2026-06-04,debit,16589.18,0.0,-16589.18,TXN103358-R,34105860.25
2026-06-04,credit,0.0,9744.66,9744.66,TXN103519,35709068.72
2026-06-04,credit,0.0,23477.74,23477.74,TXN103552,35988109.86
2026-06-04,credit,0.0,24582.24,24582.24,TXN104221,42570157.28
2026-06-04,credit,0.0,9157.15,9157.15,TXN104239,42793782.82
2026-06-04,credit,0.0,22608.05,22608.05,TXN104381,44282973.74
2026-06-04,credit,0.0,5042.97,5042.97,TXN104456,45124739.7
2026-06-04,credit,0.0,5655.11,5655.11,TXN104602,46494097.04
2026-06-04,credit,0.0,9922.11,9922.11,TXN1O4935,49924010.39
2026-06-05,credit,0.0,1368.42,1368.42,TXN100132,1621647.11
2026-06-05,credit,0.0,11651.39,11651.39,TXN100312,3558870.52
2026-06-05,credit,0.0,9545.24,9545.24,TXN100385,4330015.36
2026-06-05,credit,0.0,18759.26,18759.26,TXN100633,6702750.27
2026-06-05,credit,0.0,20466.39,20466.39,TXN100681,7227570.05
2026-06-05,credit,0.0,12085.39,12085.39,TXN101416,14785430.47
2026-06-05,credit,0.0,8624.25,8624.25,TXN101500,15652008.79
2026-06-05,credit,0.0,9008.37,9008.37,TXN101618,16827160.27
2026-06-05,credit,0.0,4506.9,4506.9,TXN101666,17231507.61
2026-06-05,credit,0.0,650.81,650.81,TXN101883,19356858.2
2026-06-05,credit,0.0,16133.03,16133.03,TXN101903,19546012.06
2026-06-05,credit,0.0,4300.56,4300.56,TXN101919,19652410.32
2026-06-05,debit,2352.36,0.0,-2352.36,TXN102017-R,20706580.07
2026-06-05,credit,0.0,17265.32,17265.32,TXN102232,22919010.57
2026-06-05,credit,0.0,2548.32,2548.32,TXN102506,25558311.66
2026-06-05,credit,0.0,19277.13,19277.13,TXN102508,25582042.24
2026-06-05,debit,23542.48,0.0,-23542.48,TXN102833-R,28790700.86
2026-06-05,credit,0.0,16748.54,16748.54,TXN102857,29016735.23
2026-06-05,credit,0.0,23186.6,23186.6,TXN103295,33509075.29
2026-06-05,debit,2094.22,0.0,-2094.22,TXN103317-R,33740940.68
2026-06-05,credit,0.0,16686.19,16686.19,TXN103402,34529395.54
2026-06-05,credit,0.0,698.12,698.12,TXN1O3599,36476087.5
2026-06-05,debit,7902.22,0.0,-7902.22,TXN103834-R,38729612.84
2026-06-05,credit,0.0,3466.51,3466.51,TXN104151,41822629.27
2026-06-05,debit,21773.22,0.0,-21773.22,TXN104217-R,42531289.34
2026-06-05,debit,9209.31,0.0,-9209.31,TXN104230-R,42665501.22
2026-06-05,credit,0.0,784.93,784.93,TXN104309,43585578.79
2026-06-05,credit,0.0,23896.33,23896.33,TXN104369,44157831.86
2026-06-05,credit,0.0,15267.8,15267.8,TXN104761,48156612.52
2026-06-05,credit,0.0,22752.46,22752.46,TXN104764,48201692.61
2026-06-05,credit,0.0,8901.28,8901.28,TXN104804,48593078.26
2026-06-05,credit,0.0,2930.47,2930.47,TXN104888,49423765.74
2026-06-06,credit,0.0,5345.2,5345.2,TXN100088,1139103.8
2026-06-06,debit,17040.78,0.0,-17040.78,TXN100325-R,3731548.02
2026-06-06,debit,18176.22,0.0,-18176.22,TXN100457-R,5051190.93
2026-06-06,debit,20466.39,0.0,-20466.39,TXN100681-R,7207103.66
2026-06-06,credit,0.0,13637.18,13637.18,TXN100730,7708310.42
2026-06-06,credit,0.0,4423.98,4423.98,TXN100944,9916167.73
2026-06-06,credit,0.0,22246.71,22246.71,TXN101145,12104590.28
2026-06-06,credit,0.0,17782.31,17782.31,TXN101151,12153450.4
2026-06-06,credit,0.0,4322.33,4322.33,TXN102111,21648073.22
2026-06-06,credit,0.0,6261.09,6261.09,TXN1O2452,24913568.51
2026-06-06,credit,0.0,23359.02,23359.02,TXN1O2559,26048587.44
2026-06-06,credit,0.0,24657.74,24657.74,TXN103190,32258973.69
2026-06-06,credit,0.0,20982.25,20982.25,TXN103271,33277424.54
2026-06-06,credit,0.0,22117.99,22117.99,TXN103347,33978425.2
2026-06-06,credit,0.0,24723.5,24723.5,TXN103660,37074508.08
2026-06-06,credit,0.0,16632.79,16632.79,TXN103702,37422244.64
2026-06-06,debit,8726.21,0.0,-8726.21,TXN104044-R,40815284.22
2026-06-06,credit,0.0,5916.69,5916.69,TXN104578,46300192.83
2026-06-06,credit,0.0,12119.71,12119.71,TXN104805,48605197.97
2026-06-07,credit,0.0,24305.64,24305.64,TXN100041,685177.51
2026-06-07,credit,0.0,23185.0,23185.0,TXN1O0076,1013928.34
2026-06-07,credit,0.0,10075.91,10075.91,TXN100089,1143834.51
2026-06-07,credit,0.0,3500.25,3500.25,TXN100093,1150988.04
2026-06-07,credit,0.0,3151.09,3151.09,TXN100099,1201985.84
2026-06-07,credit,0.0,8662.46,8662.46,TXN100298,3419223.68
2026-06-07,credit,0.0,1594.26,1594.26,TXN100368,4144294.2
2026-06-07,credit,0.0,19441.62,19441.62,TXN100542,5892720.81
2026-06-07,credit,0.0,16529.0,16529.0,TXN100841,8892235.58
2026-06-07,credit,0.0,11161.59,11161.59,TXN101076,11336137.79
2026-06-07,credit,0.0,2203.23,2203.23,TXN101541,16028172.4
2026-06-07,credit,0.0,13404.12,13404.12,TXN101584,16467872.91
2026-06-07,credit,0.0,2344.77,2344.77,TXN101645,17034338.79
2026-06-07,credit,0.0,12807.85,12807.85,TXN102317,23667943.89
2026-06-07,credit,0.0,17694.16,17694.16,TXN102620,26655115.71
2026-06-07,credit,0.0,15915.45,15915.45,TXN102653,27049536.61
2026-06-07,credit,0.0,5562.73,5562.73,TXN102987,30288333.44
2026-06-07,credit,0.0,21971.99,21971.99,TXN103197,32377815.21
2026-06-07,credit,0.0,16434.83,16434.83,TXN103525,35768228.88
2026-06-07,debit,1134.32,0.0,-1134.32,TXN103721-R,37566082.3
2026-06-07,credit,0.0,15661.27,15661.27,TXN104141,41747446.68
2026-06-07,debit,9157.15,0.0,-9157.15,TXN104239-R,42784625.67
2026-06-07,credit,0.0,19284.7,19284.7,TXN104242,42822660.84
2026-06-07,credit,0.0,21013.76,21013.76,TXN104250,42920910.16
2026-06-07,credit,0.0,10734.4,10734.4,TXN104272,43148123.92
2026-06-07,credit,0.0,15064.68,15064.68,TXN104751,48025042.6
2026-06-07,credit,0.0,405.84,405.84,TXN104961,50223895.66
2026-06-08,credit,0.0,18898.7,18898.7,TXN100039,650053.94
2026-06-08,debit,24305.64,0.0,-24305.64,TXN100041-R,660871.87
2026-06-08,debit,5345.2,0.0,-5345.2,TXN100088-R,1133758.6
2026-06-08,credit,0.0,4232.19,4232.19,TXN100120,1512799.5
2026-06-08,credit,0.0,20567.57,20567.57,TXN100284,3252398.0
2026-06-08,debit,8662.46,0.0,-8662.46,TXN100298-R,3410561.22
2026-06-08,debit,1594.26,0.0,-1594.26,TXN100368-R,4142699.94
2026-06-08,credit,0.0,23387.37,23387.37,TXN100661,7013427.79
2026-06-08,credit,0.0,12480.16,12480.16,TXN100790,8283476.36
2026-06-08,credit,0.0,18403.52,18403.52,TXN100945,9934571.25
2026-06-08,credit,0.0,14236.89,14236.89,TXN101077,11350374.68
2026-06-08,credit,0.0,22456.67,22456.67,TXN101106,11641744.52
2026-06-08,credit,0.0,18829.57,18829.57,TXN101275,13447585.95
2026-06-08,credit,0.0,4814.78,4814.78,TXN101467,15304041.69
2026-06-08,credit,0.0,14947.95,14947.95,TXN101511,15775066.33
2026-06-08,credit,0.0,3320.7,3320.7,TXN101550,16109330.0
2026-06-08,credit,0.0,20158.42,20158.42,TXN102231,22901745.25
2026-06-08,credit,0.0,7264.41,7264.41,TXN102294,23485019.47
2026-06-08,credit,0.0,22857.1,22857.1,TXN102830,28753490.68
2026-06-08,credit,0.0,2925.07,2925.07,TXN103000,30381590.56
2026-06-08,credit,0.0,13938.13,13938.13,TXN103063,31044890.83
2026-06-08,credit,0.0,22026.3,22026.3,TXN103258,33083045.3
2026-06-08,credit,0.0,7059.56,7059.56,TXN103300,33535911.92
2026-06-08,debit,24723.5,0.0,-24723.5,TXN103660-R,37049784.58
2026-06-08,credit,0.0,2326.55,2326.55,TXN103824,38654379.61
2026-06-08,credit,0.0,23386.08,23386.08,TXN103864,39092530.15
2026-06-08,credit,0.0,5949.47,5949.47,TXN104057,40920018.5
2026-06-08,debit,3466.51,0.0,-3466.51,TXN104151-R,41819162.76
2026-06-08,credit,0.0,14484.2,14484.2,TXN104281,43255838.02
2026-06-08,credit,0.0,1914.0,1914.0,TXN104543,45984200.16
2026-06-08,credit,0.0,903.0,903.0,TXN104630,46758394.56
2026-06-08,credit,0.0,22753.57,22753.57,TXN104777,48343447.84
2026-06-09,debit,11651.39,0.0,-11651.39,TXN100312-R,3547219.13
2026-06-09,credit,0.0,5491.81,5491.81,TXN100410,4553099.02
2026-06-09,debit,19441.62,0.0,-19441.62,TXN100542-R,5873279.19
2026-06-09,credit,0.0,3603.54,3603.54,TXN100635,6713185.66
2026-06-09,credit,0.0,19685.16,19685.16,TXN101490,15578144.13
2026-06-09,credit,0.0,13849.07,13849.07,TXN101526,15911443.61
2026-06-09,credit,0.0,23769.89,23769.89,TXN101704,17620464.1
2026-06-09,credit,0.0,12955.84,12955.84,TXN101975,20234897.77
2026-06-09,credit,0.0,5294.61,5294.61,TXN102000,20483082.06
2026-06-09,credit,0.0,17127.97,17127.97,TXN102026,20787741.16
2026-06-09,credit,0.0,10289.79,10289.79,TXN102096,21521517.69
2026-06-09,credit,0.0,3669.84,3669.84,TXN102237,22981887.4
2026-06-09,credit,0.0,6374.43,6374.43,TXN102537,25864693.35
2026-06-09,credit,0.0,3914.34,3914.34,TXN1O2949,29931160.12
2026-06-09,credit,0.0,5411.04,5411.04,TXN103059,30992234.69
2026-06-09,credit,0.0,9433.58,9433.58,TXN103375,34266018.29
2026-06-09,credit,0.0,3823.31,3823.31,TXN103430,34783102.17
2026-06-09,credit,0.0,7022.47,7022.47,TXN103565,36140181.61
2026-06-09,credit,0.0,21591.0,21591.0,TXN103723,37597871.85
2026-06-09,credit,0.0,12893.61,12893.61,TXN103760,38067239.41
2026-06-09,credit,0.0,22124.14,22124.14,TXN103838,38774768.7
2026-06-09,credit,0.0,12467.35,12467.35,TXN104041,40795346.17
2026-06-09,debit,23896.33,0.0,-23896.33,TXN104369-R,44133935.53
2026-06-09,debit,15064.68,0.0,-15064.68,TXN104751-R,48009977.92
2026-06-09,credit,0.0,5366.68,5366.68,TXN104791,48458641.2
2026-06-09,credit,0.0,24139.05,24139.05,TXN104980,50465153.57
2026-06-10,debit,10075.91,0.0,-10075.91,TXN100089-R,1133758.6
2026-06-10,credit,0.0,13696.98,13696.98,TXN100211,2393644.66
2026-06-10,credit,0.0,14609.91,14609.91,TXN100440,4829640.88
2026-06-10,credit,0.0,7233.56,7233.56,TXN100628,6640416.6
2026-06-10,credit,0.0,2553.39,2553.39,TXN100898,9538211.75
2026-06-10,credit,0.0,16222.13,16222.13,TXN100917,9701292.87
2026-06-10,credit,0.0,6750.33,6750.33,TXN101141,12079018.29
2026-06-10,credit,0.0,21050.72,21050.72,TXN101354,14186778.52
2026-06-10,credit,0.0,20921.34,20921.34,TXN101377,14426825.5
2026-06-10,credit,0.0,24301.48,24301.48,TXN101424,14877878.38
2026-06-10,credit,0.0,19166.76,19166.76,TXN101446,15081073.91
2026-06-10,debit,4814.78,0.0,-4814.78,TXN101467-R,15299226.91
2026-06-10,credit,0.0,14447.17,14447.17,TXN101568,16322864.15
2026-06-10,credit,0.0,13447.21,13447.21,TXN1O1801,18655687.41
2026-06-10,credit,0.0,3127.17,3127.17,TXN101803,18662020.56
2026-06-10,credit,0.0,12478.34,12478.34,TXN102106,21601752.67
2026-06-10,credit,0.0,11155.04,11155.04,TXN102251,23091920.03
2026-06-10,credit,0.0,532.75,532.75,TXN102950,29931692.87
2026-06-10,credit,0.0,17508.64,17508.64,TXN103053,30938758.12
2026-06-10,credit,0.0,13112.6,13112.6,TXN103378,34302123.13
2026-06-10,credit,0.0,7940.29,7940.29,TXN103416,34650181.16
2026-06-10,credit,0.0,21927.0,21927.0,TXN103591,36417315.96
2026-06-10,credit,0.0,6576.45,6576.45,TXN103593,36435071.27
2026-06-10,credit,0.0,11500.56,11500.56,TXN103674,37201973.89
2026-06-10,credit,0.0,11634.97,11634.97,TXN103730,37687527.29
2026-06-10,credit,0.0,24176.47,24176.47,TXN103782,38283031.29
2026-06-10,credit,0.0,15744.18,15744.18,TXN103808,38487029.21
2026-06-10,credit,0.0,15330.67,15330.67,TXN103825,38669710.28
2026-06-10,credit,0.0,8654.42,8654.42,TXN103917,39552538.26
2026-06-10,credit,0.0,18747.68,18747.68,TXN1O3930,39728792.07
2026-06-10,credit,0.0,12688.61,12688.61,TXN103931,39741480.68
2026-06-10,credit,0.0,3693.5,3693.5,TXN104203,42407405.49
2026-06-10,credit,0.0,951.07,951.07,TXN104263,43050327.21
2026-06-10,credit,0.0,14372.91,14372.91,TXN104287,43335690.3
2026-06-10,credit,0.0,11561.8,11561.8,TXN104560,46152712.82
2026-06-10,credit,0.0,22809.44,22809.44,TXN104611,46612731.03
2026-06-10,credit,0.0,7319.45,7319.45,TXN104775,48305489.48
2026-06-11,credit,0.0,8761.54,8761.54,TXN100125,1554954.16
2026-06-11,credit,0.0,20058.06,20058.06,TXN100802,8402438.87
2026-06-11,credit,0.0,1747.2,1747.2,TXN101015,10669466.47
2026-06-11,credit,0.0,14047.99,14047.99,TXN101291,13592422.31
2026-06-11,credit,0.0,21510.23,21510.23,TXN101358,14253412.84
2026-06-11,credit,0.0,645.08,645.08,TXN102009,20602668.69
2026-06-11,credit,0.0,16569.17,16569.17,TXN102238,22998456.57
2026-06-11,credit,0.0,22003.32,22003.32,TXN102442,24768059.35
2026-06-11,credit,0.0,16254.14,16254.14,TXN1O2493,25402339.04
2026-06-11,debit,5562.73,0.0,-5562.73,TXN102987-R,30282770.71
2026-06-11,credit,0.0,4665.36,4665.36,TXN103074,31178799.97
2026-06-11,credit,0.0,3795.83,3795.83,TXN103121,31652518.37
2026-06-11,credit,0.0,14249.04,14249.04,TXN103188,32229590.05
2026-06-11,credit,0.0,24058.22,24058.22,TXN103305,33599685.8
2026-06-11,credit,0.0,19688.54,19688.54,TXN103486,35351410.91
2026-06-11,debit,11500.56,0.0,-11500.56,TXN103674-R,37190473.33
2026-06-11,credit,0.0,17870.29,17870.29,TXN1O3794,38369032.22
2026-06-11,credit,0.0,24590.06,24590.06,TXN103817,38577892.05
2026-06-11,credit,0.0,15333.44,15333.44,TXN104016,40541432.86
2026-06-11,credit,0.0,2556.57,2556.57,TXN104028,40647310.51
2026-06-11,credit,0.0,21105.43,21105.43,TXN104219,42554094.09
2026-06-11,credit,0.0,13677.79,13677.79,TXN104535,45902162.3
2026-06-11,credit,0.0,11076.39,11076.39,TXN104706,47595746.29
2026-06-11,credit,0.0,11773.33,11773.33,TXN1O4738,47865115.0
2026-06-11,credit,0.0,2952.46,2952.46,TXN104785,48383693.63
2026-06-11,credit,0.0,11486.98,11486.98,TXN104828,48833743.45
2026-06-12,debit,4232.19,0.0,-4232.19,TXN100120-R,1508567.31
2026-06-12,credit,0.0,24518.61,24518.61,TXN1O0223,2507386.67
2026-06-12,credit,0.0,11656.22,11656.22,TXN100229,2592435.36
2026-06-12,credit,0.0,17310.51,17310.51,TXN100245,2755035.77
2026-06-12,credit,0.0,21194.56,21194.56,TXN100564,6049589.28
2026-06-12,credit,0.0,8438.59,8438.59,TXN100890,9452333.32
2026-06-12,credit,0.0,888.75,888.75,TXN101308,13772961.37
2026-06-12,credit,0.0,14660.97,14660.97,TXN101620,16842126.07
2026-06-12,credit,0.0,6584.11,6584.11,TXN101767,18291284.35
2026-06-12,credit,0.0,6521.83,6521.83,TXN101909,19574059.69
2026-06-12,credit,0.0,8643.14,8643.14,TXN102087,21414269.35
2026-06-12,credit,0.0,11586.56,11586.56,TXN102159,22184323.85
2026-06-12,credit,0.0,8215.92,8215.92,TXN102195,22562824.16
2026-06-12,credit,0.0,5102.85,5102.85,TXN102283,23327389.96
2026-06-12,credit,0.0,22598.98,22598.98,TXN102316,23655136.04
2026-06-12,credit,0.0,4762.18,4762.18,TXN102327,23729062.37
2026-06-12,credit,0.0,5624.86,5624.86,TXN1O2482,25283884.05
2026-06-12,credit,0.0,1423.47,1423.47,TXN102531,25822231.28
2026-06-12,credit,0.0,13594.51,13594.51,TXN102955,29983822.42
2026-06-12,credit,0.0,23414.9,23414.9,TXN103168,32032258.75
2026-06-12,credit,0.0,3537.13,3537.13,TXN103332,33851319.57
2026-06-12,credit,0.0,19231.17,19231.17,TXN103428,34775149.45
2026-06-12,credit,0.0,11316.41,11316.41,TXN103476,35221000.85
2026-06-12,credit,0.0,3757.38,3757.38,TXN103605,36524032.65
2026-06-12,debit,15333.44,0.0,-15333.44,TXN104016-R,40526099.42
2026-06-12,credit,0.0,8047.58,8047.58,TXN104336,43815549.31
2026-06-12,credit,0.0,13545.62,13545.62,TXN104370,44147481.15
2026-06-12,credit,0.0,8303.15,8303.15,TXN104568,46248619.41
2026-06-12,credit,0.0,18056.11,18056.11,TXN104629,46757491.56
2026-06-12,debit,11076.39,0.0,-11076.39,TXN104706-R,47584669.9
2026-06-12,credit,0.0,8345.04,8345.04,TXN104954,50149559.91
2026-06-13,credit,0.0,10748.28,10748.28,TXN100077,1024676.62
2026-06-13,credit,0.0,10924.15,10924.15,TXN100252,2818480.77
2026-06-13,credit,0.0,11121.47,11121.47,TXN100273,3090713.74
2026-06-13,credit,0.0,17036.99,17036.99,TXN100313,3564256.12
2026-06-13,credit,0.0,19460.8,19460.8,TXN100323,3725838.61
2026-06-13,credit,0.0,10399.01,10399.01,TXN100684,7241667.11
2026-06-13,credit,0.0,723.42,723.42,TXN1O0747,7908377.55
2026-06-13,debit,6750.33,0.0,-6750.33,TXN101141-R,12072267.96
2026-06-13,credit,0.0,21534.22,21534.22,TXN101272,13413934.24
2026-06-13,credit,0.0,17179.74,17179.74,TXN101276,13464765.69
2026-06-13,credit,0.0,2597.33,2597.33,TXN101464,15287826.82
2026-06-13,credit,0.0,11754.68,11754.68,TXN101506,15734265.12
2026-06-13,credit,0.0,639.21,639.21,TXN101659,17129028.04
2026-06-13,credit,0.0,11461.36,11461.36,TXN101718,17798855.93
2026-06-13,credit,0.0,12273.58,12273.58,TXN101880,19319366.49
2026-06-13,credit,0.0,23968.94,23968.94,TXN102045,21015447.09
2026-06-13,credit,0.0,6849.33,6849.33,TXN102213,22707352.51
2026-06-13,debit,1423.47,0.0,-1423.47,TXN102531-R,25820807.81
2026-06-13,credit,0.0,14537.62,14537.62,TXN102774,28204413.17
2026-06-13,credit,0.0,18406.14,18406.14,TXN102815,28629894.61
2026-06-13,debit,3823.31,0.0,-3823.31,TXN103430-R,34779278.86
2026-06-13,credit,0.0,8736.82,8736.82,TXN103630,36798220.12
2026-06-13,credit,0.0,10450.69,10450.69,TXN103694,37338570.3
2026-06-13,credit,0.0,4696.7,4696.7,TXN103836,38742119.19
2026-06-13,credit,0.0,382.43,382.43,TXN1O3964,40079114.12
2026-06-13,credit,0.0,19339.82,19339.82,TXN104341,43880531.75
2026-06-13,credit,0.0,16036.2,16036.2,TXN104403,44545785.3
2026-06-13,credit,0.0,5690.98,5690.98,TXN104496,45559180.97
2026-06-13,debit,8303.15,0.0,-8303.15,TXN104568-R,46240316.26
2026-06-13,credit,0.0,14982.52,14982.52,TXN104747,47950663.99
2026-06-13,debit,5366.68,0.0,-5366.68,TXN104791-R,48453274.52
2026-06-14,credit,0.0,1106.2,1106.2,TXN100244,2737725.26
2026-06-14,debit,11121.47,0.0,-11121.47,TXN100273-R,3079592.27
2026-06-14,credit,0.0,3144.78,3144.78,TXN100423,4660591.67
2026-06-14,credit,0.0,1339.04,1339.04,TXN100631,6675312.93
2026-06-14,credit,0.0,21955.56,21955.56,TXN100648,6880766.72
2026-06-14,credit,0.0,20832.66,20832.66,TXN100806,8470185.07
2026-06-14,credit,0.0,23944.66,23944.66,TXN101071,11271839.08
2026-06-14,credit,0.0,13551.4,13551.4,TXN101244,13089203.77
2026-06-14,credit,0.0,16890.63,16890.63,TXN101345,14096394.32
2026-06-14,debit,639.21,0.0,-639.21,TXN101659-R,17128388.83
2026-06-14,credit,0.0,21212.33,21212.33,TXN101671,17308128.31
2026-06-14,credit,0.0,4437.45,4437.45,TXN101876,19280678.92
2026-06-14,credit,0.0,19801.13,19801.13,TXN101879,19307092.91
2026-06-14,credit,0.0,11234.59,11234.59,TXN102041,20967827.63
2026-06-14,credit,0.0,4969.8,4969.8,TXN102051,21056328.77
2026-06-14,credit,0.0,24249.26,24249.26,TXN102073,21315105.3
2026-06-14,credit,0.0,7327.01,7327.01,TXN102115,21679346.84
2026-06-14,credit,0.0,17791.64,17791.64,TXN102423,24577431.45
2026-06-14,credit,0.0,16766.43,16766.43,TXN102707,27546582.07
2026-06-14,credit,0.0,7270.92,7270.92,TXN103015,30515464.95
2026-06-14,credit,0.0,4282.21,4282.21,TXN103174,32071629.26
2026-06-14,credit,0.0,14266.45,14266.45,TXN103454,35035301.98
2026-06-14,credit,0.0,7449.39,7449.39,TXN103472,35171759.13
2026-06-14,credit,0.0,3433.91,3433.91,TXN103550,35961309.42
2026-06-14,credit,0.0,6917.72,6917.72,TXN103700,37403810.01
2026-06-14,credit,0.0,13224.31,13224.31,TXN103762,38094689.84
2026-06-14,debit,24176.47,0.0,-24176.47,TXN103782-R,38258854.82
2026-06-14,debit,15330.67,0.0,-15330.67,TXN103825-R,38654379.61
2026-06-14,credit,0.0,5848.45,5848.45,TXN104215,42507283.9
2026-06-14,debit,21105.43,0.0,-21105.43,TXN104219-R,42532988.66
2026-06-14,credit,0.0,2962.04,2962.04,TXN104323,43736242.62
2026-06-14,debit,19339.82,0.0,-19339.82,TXN104341-R,43861191.93
2026-06-14,credit,0.0,417.05,417.05,TXN104354,44015226.29
2026-06-14,credit,0.0,17871.78,17871.78,TXN104452,45086336.22
2026-06-14,credit,0.0,12458.01,12458.01,TXN104584,46380898.26
2026-06-14,credit,0.0,3946.54,3946.54,TXN104641,46876554.17
2026-06-14,credit,0.0,14844.72,14844.72,TXN104693,47421088.15
2026-06-14,credit,0.0,16073.31,16073.31,TXN104756,48076973.73
2026-06-14,credit,0.0,22041.94,22041.94,TXN104798,48533743.33
2026-06-14,credit,0.0,24105.47,24105.47,TXN104908,49649222.74
2026-06-14,credit,0.0,13608.17,13608.17,TXN104953,50154823.04
2026-06-15,credit,0.0,10817.93,10817.93,TXN100040,660871.87
2026-06-15,credit,0.0,5918.83,5918.83,TXN100224,2513305.5
2026-06-15,credit,0.0,8970.96,8970.96,TXN100307,3510252.27
2026-06-15,credit,0.0,8202.56,8202.56,TXN100329,3759470.91
2026-06-15,credit,0.0,11235.2,11235.2,TXN100379,4260945.2
2026-06-15,credit,0.0,21157.38,21157.38,TXN100467,5136838.73
2026-06-15,credit,0.0,10574.59,10574.59,TXN100823,8681131.31
2026-06-15,credit,0.0,795.93,795.93,TXN101057,11156471.74
2026-06-15,credit,0.0,6823.89,6823.89,TXN101203,12653235.38
2026-06-15,credit,0.0,15209.81,15209.81,TXN1O2004,20552627.38
2026-06-15,credit,0.0,14004.34,14004.34,TXN102361,24097472.3
2026-06-15,credit,0.0,20867.38,20867.38,TXN102586,26319896.59
2026-06-15,credit,0.0,2416.96,2416.96,TXN102823,28679823.24
2026-06-15,credit,0.0,20559.66,20559.66,TXN102875,29237745.78
2026-06-15,credit,0.0,16249.57,16249.57,TXN102929,29744010.36
2026-06-15,debit,4282.21,0.0,-4282.21,TXN103174-R,32067347.05
2026-06-15,credit,0.0,11835.98,11835.98,TXN1O3302,33556446.91
2026-06-15,credit,0.0,17513.7,17513.7,TXN103357,34105860.25
2026-06-15,credit,0.0,4979.41,4979.41,TXN103377,34289010.53
2026-06-15,credit,0.0,1622.34,1622.34,TXN1O3449,34983605.05
2026-06-15,debit,14266.45,0.0,-14266.45,TXN103454-R,35021035.53
2026-06-15,debit,19688.54,0.0,-19688.54,TXN103486-R,35331722.37
2026-06-15,credit,0.0,15661.33,15661.33,TXN103608,36557652.13
2026-06-15,credit,0.0,22347.35,22347.35,TXN103621,36711247.46
2026-06-15,credit,0.0,2684.37,2684.37,TXN103693,37328119.61
2026-06-15,credit,0.0,6571.93,6571.93,TXN103839,38781340.63
2026-06-15,credit,0.0,16976.63,16976.63,TXN103998,40380552.76
2026-06-15,credit,0.0,20864.03,20864.03,TXN104065,41004848.89
2026-06-15,credit,0.0,3351.2,3351.2,TXN104179,42144773.67
2026-06-15,credit,0.0,15451.47,15451.47,TXN104260,43018515.9
2026-06-15,credit,0.0,14800.64,14800.64,TXN104495,45553489.99
2026-06-15,credit,0.0,924.51,924.51,TXN104556,46121563.87
2026-06-15,credit,0.0,8849.04,8849.04,TXN104853,49115949.06
2026-06-15,debit,13608.17,0.0,-13608.17,TXN104953-R,50141214.87
2026-06-16,credit,0.0,20490.4,20490.4,TXN100285,3272888.4
2026-06-16,credit,0.0,15760.15,15760.15,TXN100315,3603663.59
2026-06-16,credit,0.0,21328.64,21328.64,TXN100548,5924784.62
2026-06-16,credit,0.0,5854.22,5854.22,TXN100625,6621318.66
2026-06-16,credit,0.0,19348.0,19348.0,TXN100626,6640666.66
2026-06-16,credit,0.0,16860.9,16860.9,TXN101139,12048138.66
2026-06-16,credit,0.0,23252.51,23252.51,TXN101175,12374635.73
2026-06-16,debit,2597.33,0.0,-2597.33,TXN101464-R,15285229.49
2026-06-16,credit,0.0,6499.06,6499.06,TXN1O1495,15614408.8
2026-06-16,credit,0.0,2518.66,2518.66,TXN101628,16879235.36
2026-06-16,credit,0.0,8478.44,8478.44,TXN101745,18075779.52
2026-06-16,credit,0.0,12558.93,12558.93,TXN101768,18303843.28
2026-06-16,debit,24249.26,0.0,-24249.26,TXN102073-R,21290856.04
2026-06-16,debit,11586.56,0.0,-11586.56,TXN102159-R,22172737.29
2026-06-16,credit,0.0,10733.46,10733.46,TXN102219,22782642.09
2026-06-16,credit,0.0,12175.39,12175.39,TXN102347,23928141.29
2026-06-16,credit,0.0,3970.58,3970.58,TXN102359,24062879.6
2026-06-16,credit,0.0,20588.36,20588.36,TXN102360,24083467.96
2026-06-16,credit,0.0,8054.47,8054.47,TXN102368,24144515.37
2026-06-16,credit,0.0,2515.96,2515.96,TXN102532,25823323.77
2026-06-16,credit,0.0,7116.35,7116.35,TXN102662,27173721.38
2026-06-16,credit,0.0,9959.93,9959.93,TXN1O2701,27472051.75
2026-06-16,credit,0.0,9060.91,9060.91,TXN102926,29726320.48
2026-06-16,credit,0.0,1440.31,1440.31,TXN102928,29727760.79
2026-06-16,credit,0.0,5087.57,5087.57,TXN1O3278,33304401.28
2026-06-16,credit,0.0,10292.57,10292.57,TXN103465,35098756.24
2026-06-16,credit,0.0,22198.9,22198.9,TXN103866,39119080.49
2026-06-16,credit,0.0,5965.16,5965.16,TXN104129,41653817.79
2026-06-16,debit,2962.04,0.0,-2962.04,TXN104323-R,43733280.58
2026-06-16,credit,0.0,3779.27,3779.27,TXN104406,44567771.15
2026-06-17,credit,0.0,15408.44,15408.44,TXN100096,1198834.75
2026-06-17,credit,0.0,2403.97,2403.97,TXN100234,2628232.29
2026-06-17,credit,0.0,17583.42,17583.42,TXN100253,2836064.19
2026-06-17,credit,0.0,4279.69,4279.69,TXN100562,6019547.95
2026-06-17,debit,10399.01,0.0,-10399.01,TXN100684-R,7231268.1
2026-06-17,credit,0.0,6277.92,6277.92,TXN100808,8493385.54
2026-06-17,credit,0.0,5247.67,5247.67,TXN100920,9722266.46
2026-06-17,credit,0.0,18567.53,18567.53,TXN100964,10181544.23
2026-06-17,credit,0.0,7980.45,7980.45,TXN1O1107,11649724.97
2026-06-17,credit,0.0,10695.52,10695.52,TXN101189,12518279.51
2026-06-17,credit,0.0,15282.18,15282.18,TXN101328,13933616.57
2026-06-17,credit,0.0,547.5,547.5,TXN101533,15974619.89
2026-06-17,credit,0.0,462.25,462.25,TXN101621,16842588.32
2026-06-17,credit,0.0,5525.89,5525.89,TXN101787,18525787.69
2026-06-17,credit,0.0,13189.64,13189.64,TXN101826,18863881.05
2026-06-17,debit,4437.45,0.0,-4437.45,TXN101876-R,19276241.47
2026-06-17,credit,0.0,12022.94,12022.94,TXN1O2093,21506859.86
2026-06-17,credit,0.0,15662.58,15662.58,TXN102179,22370321.27
2026-06-17,credit,0.0,22152.1,22152.1,TXN102188,22484539.16
2026-06-17,credit,0.0,2529.18,2529.18,TXN1O2265,23176341.37
2026-06-17,credit,0.0,24444.84,24444.84,TXN102309,23639794.7
2026-06-17,credit,0.0,15576.93,15576.93,TXN102375,24182578.33
2026-06-17,credit,0.0,20267.84,20267.84,TXN102551,25980645.45
2026-06-17,credit,0.0,2603.07,2603.07,TXN102682,27358179.62
2026-06-17,credit,0.0,12367.06,12367.06,TXN102807,28541051.6
2026-06-17,credit,0.0,17293.21,17293.21,TXN102905,29569018.6
2026-06-17,credit,0.0,2957.99,2957.99,TXN103030,30690662.08
2026-06-17,credit,0.0,21356.13,21356.13,TXN103062,31030952.7
2026-06-17,credit,0.0,7084.44,7084.44,TXN103336,33869687.0
2026-06-17,credit,0.0,7357.87,7357.87,TXN103947,39882115.49
2026-06-17,credit,0.0,1803.37,1803.37,TXN104030,40671795.56
2026-06-17,credit,0.0,9269.37,9269.37,TXN104058,40929287.87
2026-06-17,credit,0.0,2740.79,2740.79,TXN104436,44898049.68
2026-06-17,credit,0.0,9215.18,9215.18,TXN104600,46488441.93
2026-06-17,credit,0.0,22045.5,22045.5,TXN104718,47665850.04
2026-06-18,credit,0.0,6214.47,6214.47,TXN100047,715752.68
2026-06-18,credit,0.0,6509.67,6509.67,TXN100219,2453490.42
2026-06-18,credit,0.0,14997.59,14997.59,TXN1O0251,2807556.62
2026-06-18,credit,0.0,1393.37,1393.37,TXN100413,4580008.85
2026-06-18,debit,21328.64,0.0,-21328.64,TXN100548-R,5903455.98
2026-06-18,credit,0.0,19979.84,19979.84,TXN100610,6477835.88
2026-06-18,credit,0.0,6601.02,6601.02,TXN100725,7654865.66
2026-06-18,credit,0.0,2799.87,2799.87,TXN100971,10263483.75
2026-06-18,credit,0.0,11744.66,11744.66,TXN1O0986,10437038.81
2026-06-18,credit,0.0,17904.69,17904.69,TXN101132,11964683.46
2026-06-18,credit,0.0,4425.4,4425.4,TXN1O1174,12351383.22
2026-06-18,credit,0.0,9334.85,9334.85,TXN101532,15974072.39
2026-06-18,credit,0.0,11416.52,11416.52,TXN101660,17139805.35
2026-06-18,credit,0.0,8368.39,8368.39,TXN101677,17399631.14
2026-06-18,credit,0.0,17365.67,17365.67,TXN101784,18503777.7
2026-06-18,credit,0.0,20572.26,20572.26,TXN101957,20065979.77
2026-06-18,credit,0.0,4541.91,4541.91,TXN102057,21139750.62
2026-06-18,credit,0.0,820.53,820.53,TXN102257,23141466.86
2026-06-18,debit,17791.64,0.0,-17791.64,TXN102423-R,24559639.81
2026-06-18,debit,2515.96,0.0,-2515.96,TXN102532-R,25820807.81
2026-06-18,credit,0.0,10582.1,10582.1,TXN102645,26954179.43
2026-06-18,credit,0.0,458.58,458.58,TXN102812,28600741.25
2026-06-18,credit,0.0,10134.1,10134.1,TXN102969,30106171.7
2026-06-18,credit,0.0,21358.33,21358.33,TXN103389,34407500.53
2026-06-18,credit,0.0,2357.29,2357.29,TXN103439,34889562.64
2026-06-18,credit,0.0,18625.14,18625.14,TXN103561,36114127.99
2026-06-18,credit,0.0,12440.08,12440.08,TXN104051,40862911.27
2026-06-18,credit,0.0,10588.76,10588.76,TXN104060,40960243.0
2026-06-18,debit,12458.01,0.0,-12458.01,TXN104584-R,46368440.25
2026-06-18,debit,3946.54,0.0,-3946.54,TXN104641-R,46872607.63
2026-06-18,credit,0.0,11049.27,11049.27,TXN1O4786,48394742.9
2026-06-19,credit,0.0,10155.11,10155.11,TXN100054,834368.6
2026-06-19,credit,0.0,18123.42,18123.42,TXN1O0405,4529199.35
2026-06-19,credit,0.0,24202.1,24202.1,TXN100459,5075393.03
2026-06-19,credit,0.0,13772.49,13772.49,TXN100461,5064963.42
2026-06-19,credit,0.0,13029.97,13029.97,TXN100515,5623965.33
2026-06-19,credit,0.0,10134.55,10134.55,TXN100554,5974507.68
2026-06-19,debit,19979.84,0.0,-19979.84,TXN100610-R,6457856.04
2026-06-19,credit,0.0,8773.75,8773.75,TXN1O0825,8689905.06
2026-06-19,credit,0.0,16752.17,16752.17,TXN100940,9910461.03
2026-06-19,credit,0.0,8186.46,8186.46,TXN100962,10153564.39
2026-06-19,credit,0.0,17469.83,17469.83,TXN101115,11759911.13
2026-06-19,credit,0.0,22315.05,22315.05,TXN101686,17466684.93
2026-06-19,credit,0.0,8508.6,8508.6,TXN101813,18734338.54
2026-06-19,credit,0.0,17368.95,17368.95,TXN102130,21866277.26
2026-06-19,debit,24444.84,0.0,-24444.84,TXN102309-R,23615349.86
2026-06-19,credit,0.0,22088.36,22088.36,TXN102348,23950229.65
2026-06-19,credit,0.0,14157.8,14157.8,TXN102495,25430925.11
2026-06-19,credit,0.0,14369.24,14369.24,TXN102599,26488731.22
2026-06-19,credit,0.0,6016.21,6016.21,TXN102755,28002411.27
2026-06-19,credit,0.0,4937.27,4937.27,TXN103163,31986794.43
2026-06-19,credit,0.0,499.23,499.23,TXN103167,32008843.85
2026-06-19,credit,0.0,17800.26,17800.26,TXN103363,34130829.08
2026-06-19,credit,0.0,17626.18,17626.18,TXN103769,38165384.65
2026-06-19,credit,0.0,5456.24,5456.24,TXN104197,42354008.93
2026-06-19,credit,0.0,13248.75,13248.75,TXN1O4207,42448662.96
2026-06-19,debit,924.51,0.0,-924.51,TXN104556-R,46120639.36
2026-06-19,credit,0.0,13949.86,13949.86,TXN104684,47330614.57
2026-06-19,credit,0.0,23073.04,23073.04,TXN104856,49142257.14
2026-06-19,credit,0.0,24947.76,24947.76,TXN104977,50442108.72
2026-06-20,credit,0.0,1671.58,1671.58,TXN100081,1068764.85
2026-06-20,credit,0.0,11078.93,11078.93,TXN100130,1610695.98
2026-06-20,credit,0.0,4988.9,4988.9,TXN100585,6215786.01
2026-06-20,credit,0.0,23451.53,23451.53,TXN100621,6582937.84
2026-06-20,debit,19348.0,0.0,-19348.0,TXN100626-R,6621318.66
2026-06-20,credit,0.0,686.75,686.75,TXN100765,8062879.88
2026-06-20,credit,0.0,4593.89,4593.89,TXN100799,8363158.34
2026-06-20,credit,0.0,10398.47,10398.47,TXN101421,14826636.24
2026-06-20,credit,0.0,8126.89,8126.89,TXN101510,15760118.38
2026-06-20,credit,0.0,13887.01,13887.01,TXN101614,16783610.05
2026-06-20,credit,0.0,13826.03,13826.03,TXN101906,19559838.09
2026-06-20,credit,0.0,15159.51,15159.51,TXN1O2241,23037239.51
2026-06-20,credit,0.0,8234.33,8234.33,TXN102248,23076901.33
2026-06-20,credit,0.0,14522.49,14522.49,TXN102277,23272802.32
2026-06-20,credit,0.0,1390.81,1390.81,TXN102314,23632537.06
2026-06-20,debit,8054.47,0.0,-8054.47,TXN102368-R,24136460.9
2026-06-20,credit,0.0,22758.0,22758.0,TXN102441,24746056.03
2026-06-20,credit,0.0,23302.26,23302.26,TXN102868,29144959.32
2026-06-20,credit,0.0,18870.5,18870.5,TXN103169,32051129.25
2026-06-20,credit,0.0,9529.97,9529.97,TXN103196,32365373.19
2026-06-20,credit,0.0,15629.76,15629.76,TXN103289,33449436.92
2026-06-20,debit,17800.26,0.0,-17800.26,TXN103363-R,34113028.82
2026-06-20,debit,21358.33,0.0,-21358.33,TXN103389-R,34386142.2
2026-06-20,credit,0.0,17131.63,17131.63,TXN103390,34403273.83
2026-06-20,credit,0.0,12916.66,12916.66,TXN1O3611,36578962.1
2026-06-20,credit,0.0,23999.04,23999.04,TXN103750,37961037.66
2026-06-20,credit,0.0,10525.37,10525.37,TXN1O3837,38752644.56
2026-06-20,debit,5965.16,0.0,-5965.16,TXN104129-R,41647852.63
2026-06-20,debit,5456.24,0.0,-5456.24,TXN104197-R,42348552.69
2026-06-20,credit,0.0,9025.66,9025.66,TXN104797,48511701.39
2026-06-20,debit,24947.76,0.0,-24947.76,TXN104977-R,50417160.96
2026-06-21,credit,0.0,16795.64,16795.64,TXN100547,5920251.62
2026-06-21,credit,0.0,11864.38,11864.38,TXN100627,6633183.04
2026-06-21,credit,0.0,7498.77,7498.77,TXN100800,8370657.11
2026-06-21,debit,6277.92,0.0,-6277.92,TXN100808-R,8487107.62
2026-06-21,debit,16752.17,0.0,-16752.17,TXN100940-R,9893708.86
2026-06-21,debit,17904.69,0.0,-17904.69,TXN101132-R,11946778.77
2026-06-21,credit,0.0,13277.26,13277.26,TXN101297,13681303.14
2026-06-21,credit,0.0,7703.46,7703.46,TXN1O1841,18977243.8
2026-06-21,debit,13826.03,0.0,-13826.03,TXN101906-R,19546012.06
2026-06-21,credit,0.0,14200.95,14200.95,TXN102064,21219149.91
2026-06-21,credit,0.0,11687.79,11687.79,TXN102112,21659761.01
2026-06-21,credit,0.0,9437.52,9437.52,TXN102206,22640374.57
2026-06-21,credit,0.0,22133.11,22133.11,TXN102535,25858318.92
2026-06-21,credit,0.0,19350.64,19350.64,TXN1O2871,29193322.27
2026-06-21,credit,0.0,12256.76,12256.76,TXN103123,31669471.54
2026-06-21,credit,0.0,17300.82,17300.82,TXN103319,33777795.51
2026-06-21,credit,0.0,5194.32,5194.32,TXN103326,33822953.3
2026-06-21,debit,7084.44,0.0,-7084.44,TXN103336-R,33862602.56
2026-06-21,credit,0.0,21588.8,21588.8,TXN103352,34062678.26
2026-06-21,credit,0.0,17121.13,17121.13,TXN103557,36053923.21
2026-06-21,credit,0.0,6948.81,6948.81,TXN1O3620,36688900.11
2026-06-21,credit,0.0,2699.55,2699.55,TXN103936,39786168.06
2026-06-21,credit,0.0,18875.12,18875.12,TXN103958,40019758.11
2026-06-21,credit,0.0,19813.4,19813.4,TXN104033,40723902.46
2026-06-21,credit,0.0,22673.67,22673.67,TXN104458,45170049.08
2026-06-21,credit,0.0,12026.59,12026.59,TXN104549,46044388.52
2026-06-21,credit,0.0,19130.08,19130.08,TXN104779,48366529.47
2026-06-21,credit,0.0,14607.98,14607.98,TXN104929,49901009.04
2026-06-22,debit,10155.11,0.0,-10155.11,TXN100054-R,824213.49
2026-06-22,credit,0.0,15211.73,15211.73,TXN100256,2865899.58
2026-06-22,credit,0.0,7349.76,7349.76,TXN100643,6776412.09
2026-06-22,credit,0.0,15199.32,15199.32,TXN100798,8373763.77
2026-06-22,credit,0.0,1771.03,1771.03,TXN101031,10857981.54
2026-06-22,credit,0.0,12496.49,12496.49,TXN101259,13239741.38
2026-06-22,credit,0.0,9719.9,9719.9,TXN1O1306,13762473.49
2026-06-22,credit,0.0,4217.7,4217.7,TXN101563,16245571.23
2026-06-22,credit,0.0,2956.99,2956.99,TXN101591,16540485.02
2026-06-22,credit,0.0,14966.07,14966.07,TXN101616,16808813.55
2026-06-22,credit,0.0,11436.88,11436.88,TXN101723,17847290.88
2026-06-22,credit,0.0,21849.35,21849.35,TXN1O2118,21716285.62
2026-06-22,credit,0.0,23880.31,23880.31,TXN102302,23565628.45
2026-06-22,credit,0.0,6670.98,6670.98,TXN102512,25608513.83
2026-06-22,debit,18870.5,0.0,-18870.5,TXN103169-R,32032258.75
2026-06-22,credit,0.0,16702.35,16702.35,TXN1O3227,32722127.96
2026-06-22,credit,0.0,5332.94,5332.94,TXN103272,33282757.48
2026-06-22,credit,0.0,10905.85,10905.85,TXN103316,33740940.68
2026-06-22,credit,0.0,14494.32,14494.32,TXN103491,35405389.88
2026-06-22,credit,0.0,10870.36,10870.36,TXN103649,36971822.55
2026-06-22,credit,0.0,9786.47,9786.47,TXN103654,37029802.59
2026-06-22,credit,0.0,17205.94,17205.94,TXN103853,38971923.03
2026-06-22,credit,0.0,3576.46,3576.46,TXN103976,40167283.25
2026-06-22,credit,0.0,18595.41,18595.41,TXN104244,42860138.83
2026-06-22,credit,0.0,24486.42,24486.42,TXN104261,43043002.32
2026-06-22,credit,0.0,9448.19,9448.19,TXN104391,44391999.34
2026-06-22,credit,0.0,19142.71,19142.71,TXN104537,45921305.01
2026-06-22,credit,0.0,22172.36,22172.36,TXN104748,47972836.35
2026-06-22,credit,0.0,11405.42,11405.42,TXN1O4937,49951645.34
2026-06-22,credit,0.0,16170.43,16170.43,TXN104998,50695283.93
2026-06-23,credit,0.0,9479.22,9479.22,TXN100378,4249710.0
2026-06-23,credit,0.0,3198.34,3198.34,TXN100416,4584860.3
2026-06-23,credit,0.0,4545.27,4545.27,TXN100424,4665136.94
2026-06-23,debit,24202.1,0.0,-24202.1,TXN100459-R,5051190.93
2026-06-23,debit,10134.55,0.0,-10134.55,TXN100554-R,5964373.13
2026-06-23,credit,0.0,22838.71,22838.71,TXN100604,6414153.92
2026-06-23,credit,0.0,20977.68,20977.68,TXN100675,7154683.33
2026-06-23,credit,0.0,1031.75,1031.75,TXN100773,8111271.19
2026-06-23,credit,0.0,9231.58,9231.58,TXN1O1483,15482785.22
2026-06-23,debit,4217.7,0.0,-4217.7,TXN101563-R,16241353.53
2026-06-23,credit,0.0,12509.09,12509.09,TXN101836,18957551.0
2026-06-23,credit,0.0,1223.23,1223.23,TXN102203,22602328.59
2026-06-23,credit,0.0,13056.36,13056.36,TXN102463,25069138.93
2026-06-23,credit,0.0,4782.01,4782.01,TXN102510,25603885.88
2026-06-23,credit,0.0,14448.56,14448.56,TXN102675,27275015.31
2026-06-23,credit,0.0,17044.86,17044.86,TXN102843,28875254.8
2026-06-23,credit,0.0,22595.42,22595.42,TXN102856,29022582.11
2026-06-23,credit,0.0,2356.18,2356.18,TXN103070,31121644.17
2026-06-23,credit,0.0,24054.54,24054.54,TXN103072,31153483.49
2026-06-23,debit,17300.82,0.0,-17300.82,TXN103319-R,33760494.69
2026-06-23,credit,0.0,9508.04,9508.04,TXN103920,39582731.58
2026-06-23,credit,0.0,5624.19,5624.19,TXN103937,39791792.25
2026-06-23,credit,0.0,19420.07,19420.07,TXN104092,41297824.48
2026-06-23,credit,0.0,566.0,566.0,TXN104206,42435414.21
2026-06-23,credit,0.0,11617.65,11617.65,TXN104241,42803376.14
2026-06-23,credit,0.0,8882.67,8882.67,TXN104547,46028452.76
2026-06-23,debit,13949.86,0.0,-13949.86,TXN104684-R,47316664.71
2026-06-23,credit,0.0,23007.37,23007.37,TXN1O4740,47895734.74
2026-06-24,credit,0.0,2050.18,2050.18,TXN100060,871688.49
2026-06-24,credit,0.0,7181.5,7181.5,TXN100124,1546192.62
2026-06-24,credit,0.0,10258.28,10258.28,TXN100264,2983299.21
2026-06-24,credit,0.0,21352.83,21352.83,TXN1O0299,3431914.05
2026-06-24,credit,0.0,20385.66,20385.66,TXN100462,5085349.08
2026-06-24,debit,16795.64,0.0,-16795.64,TXN100547-R,5903455.98
2026-06-24,credit,0.0,10950.04,10950.04,TXN100796,8334201.08
2026-06-24,credit,0.0,23670.14,23670.14,TXN100817,8619538.82
2026-06-24,credit,0.0,14128.27,14128.27,TXN100832,8772107.35
2026-06-24,credit,0.0,3326.43,3326.43,TXN101000,10538822.15
2026-06-24,credit,0.0,22972.04,22972.04,TXN101029,10847493.76
2026-06-24,credit,0.0,6092.28,6092.28,TXN101198,12605197.52
2026-06-24,credit,0.0,8948.31,8948.31,TXN101208,12703772.39
2026-06-24,credit,0.0,24262.58,24262.58,TXN101229,12943198.1
2026-06-24,credit,0.0,8477.34,8477.34,TXN101301,13710921.01
2026-06-24,credit,0.0,1235.79,1235.79,TXN101319,13844343.42
2026-06-24,credit,0.0,9121.32,9121.32,TXN101347,14123373.25
2026-06-24,credit,0.0,21544.1,21544.1,TXN101355,14208322.62
2026-06-24,credit,0.0,13003.9,13003.9,TXN101753,18164013.62
2026-06-24,debit,12509.09,0.0,-12509.09,TXN101836-R,18945041.91
2026-06-24,debit,11687.79,0.0,-11687.79,TXN102112-R,21648073.22
2026-06-24,credit,0.0,692.1,692.1,TXN102539,25870887.86
2026-06-24,credit,0.0,14818.99,14818.99,TXN102592,26417185.08
2026-06-24,credit,0.0,19834.81,19834.81,TXN102613,26620190.35
2026-06-24,credit,0.0,14334.31,14334.31,TXN1O2677,27312426.58
2026-06-24,credit,0.0,14079.68,14079.68,TXN102681,27355576.55
2026-06-24,credit,0.0,3544.07,3544.07,TXN102760,28063753.31
2026-06-24,credit,0.0,8765.39,8765.39,TXN102763,28085684.26
2026-06-24,credit,0.0,20214.87,20214.87,TXN102835,28812595.32
2026-06-24,credit,0.0,7669.26,7669.26,TXN102992,30321657.0
2026-06-24,debit,9529.97,0.0,-9529.97,TXN103196-R,32355843.22
2026-06-24,credit,0.0,1854.6,1854.6,TXN103207,32512393.63
2026-06-24,credit,0.0,17291.66,17291.66,TXN1O3349,34019411.34
2026-06-24,credit,0.0,23127.1,23127.1,TXN103528,35801617.01
2026-06-24,debit,9786.47,0.0,-9786.47,TXN103654-R,37020016.12
2026-06-24,credit,0.0,23198.87,23198.87,TXN103765,38147602.21
2026-06-24,credit,0.0,12833.19,12833.19,TXN104021,40545078.73
2026-06-24,debit,18595.41,0.0,-18595.41,TXN104244-R,42841543.42
2026-06-24,credit,0.0,24614.73,24614.73,TXN104355,44039841.02
2026-06-24,credit,0.0,15580.69,15580.69,TXN104881,49351102.18
2026-06-24,credit,0.0,7687.39,7687.39,TXN104893,49499760.63
2026-06-24,credit,0.0,4677.75,4677.75,TXN104970,50357270.43
2026-06-25,credit,0.0,19232.45,19232.45,TXN100118,1486924.93
2026-06-25,credit,0.0,6316.15,6316.15,TXN100359,4080493.02
2026-06-25,credit,0.0,19544.21,19544.21,TXN100429,4710262.71
2026-06-25,credit,0.0,2313.1,2313.1,TXN100458,5053504.03
2026-06-25,debit,20385.66,0.0,-20385.66,TXN100462-R,5064963.42
2026-06-25,credit,0.0,19682.23,19682.23,TXN100602,6376401.06
2026-06-25,credit,0.0,7328.67,7328.67,TXN100650,6888095.39
2026-06-25,debit,7498.77,0.0,-7498.77,TXN100800-R,8363158.34
2026-06-25,credit,0.0,8893.88,8893.88,TXN1O1634,16914017.12
2026-06-25,credit,0.0,8936.36,8936.36,TXN1O1765,18284121.2
2026-06-25,credit,0.0,6977.06,6977.06,TXN1O1902,19529879.03
2026-06-25,credit,0.0,16798.51,16798.51,TXN101936,19819311.53
2026-06-25,credit,0.0,1861.58,1861.58,TXN101965,20133157.78
2026-06-25,credit,0.0,13413.73,13413.73,TXN102025,20770613.19
2026-06-25,credit,0.0,10259.41,10259.41,TXN102053,21087017.6
2026-06-25,credit,0.0,1933.06,1933.06,TXN102094,21508792.92
2026-06-25,credit,0.0,22831.35,22831.35,TXN102305,23591113.2
2026-06-25,debit,692.1,0.0,-692.1,TXN102539-R,25870195.76
2026-06-25,credit,0.0,2265.92,2265.92,TXN102570,26157669.45
2026-06-25,debit,22595.42,0.0,-22595.42,TXN102856-R,28999986.69
2026-06-25,debit,21588.8,0.0,-21588.8,TXN103352-R,34041089.46
2026-06-25,credit,0.0,22526.77,22526.77,TXN103391,34425800.6
2026-06-25,credit,0.0,22316.9,22316.9,TXN1O3404,34552334.7
2026-06-25,debit,23127.1,0.0,-23127.1,TXN103528-R,35778489.91
2026-06-25,credit,0.0,21150.96,21150.96,TXN103901,39415185.3
2026-06-25,credit,0.0,16221.84,16221.84,TXN104385,44331570.63
2026-06-25,credit,0.0,5396.91,5396.91,TXN104604,46505139.61
2026-06-25,credit,0.0,12824.76,12824.76,TXN104750,48009977.92
2026-06-25,credit,0.0,19622.77,19622.77,TXN104860,49172070.46
2026-06-25,credit,0.0,23458.57,23458.57,TXN104898,49544810.41
2026-06-25,debit,14607.98,0.0,-14607.98,TXN104929-R,49886401.06
2026-06-25,debit,4677.75,0.0,-4677.75,TXN104970-R,50352592.68
2026-06-26,credit,0.0,2768.1,2768.1,TXN100010,322354.71
2026-06-26,credit,0.0,19761.25,19761.25,TXN100334,3813553.94
2026-06-26,credit,0.0,20322.5,20322.5,TXN100383,4312610.58
2026-06-26,credit,0.0,8970.28,8970.28,TXN100400,4448237.61
2026-06-26,credit,0.0,17068.77,17068.77,TXN100454,5021102.43
2026-06-26,credit,0.0,13796.88,13796.88,TXN100599,6350330.91
2026-06-26,credit,0.0,19363.92,19363.92,TXN100655,6948226.22
2026-06-26,credit,0.0,6655.97,6655.97,TXN1O0734,7746140.55
2026-06-26,debit,15199.32,0.0,-15199.32,TXN100798-R,8358564.45
2026-06-26,credit,0.0,7753.6,7753.6,TXN101035,10910249.12
2026-06-26,credit,0.0,24129.3,24129.3,TXN101140,12072267.96
2026-06-26,credit,0.0,2902.57,2902.57,TXN101250,13143595.31
2026-06-26,debit,9121.32,0.0,-9121.32,TXN101347-R,14114251.93
2026-06-26,credit,0.0,19607.18,19607.18,TXN101432,14963194.48
2026-06-26,credit,0.0,22618.7,22618.7,TXN101772,18368126.23
2026-06-26,credit,0.0,13652.25,13652.25,TXN101808,18724233.66
2026-06-26,credit,0.0,1684.54,1684.54,TXN1O1949,19974379.8
2026-06-26,credit,0.0,17321.93,17321.93,TXN102075,21308177.97
2026-06-26,credit,0.0,5246.51,5246.51,TXN1O2168,22276040.64
2026-06-26,credit,0.0,19207.34,19207.34,TXN102486,25332588.81
2026-06-26,debit,4782.01,0.0,-4782.01,TXN102510-R,25599103.87
2026-06-26,credit,0.0,14923.42,14923.42,TXN102831,28768414.1
2026-06-26,debit,2356.18,0.0,-2356.18,TXN103070-R,31119287.99
2026-06-26,credit,0.0,21362.19,21362.19,TXN103096,31429191.35
2026-06-26,credit,0.0,14557.65,14557.65,TXN103642,36892901.14
2026-06-26,credit,0.0,20907.79,20907.79,TXN103746,37896678.81
2026-06-26,debit,23198.87,0.0,-23198.87,TXN103765-R,38124403.34
2026-06-26,credit,0.0,16302.67,16302.67,TXN103855,38992362.42
2026-06-26,credit,0.0,11974.79,11974.79,TXN103861,39066239.32
2026-06-26,credit,0.0,9786.44,9786.44,TXN103889,39323044.67
2026-06-26,credit,0.0,16972.41,16972.41,TXN103910,39520913.47
2026-06-26,credit,0.0,24918.14,24918.14,TXN104172,42055815.06
2026-06-26,credit,0.0,11457.67,11457.67,TXN104308,43584793.86
2026-06-26,credit,0.0,6381.69,6381.69,TXN104328,43765515.5
2026-06-26,credit,0.0,13926.82,13926.82,TXN104420,44730229.25
2026-06-26,credit,0.0,16725.71,16725.71,TXN104920,49769561.8
2026-06-26,credit,0.0,360.26,360.26,TXN104946,50087608.34
2026-06-27,credit,0.0,7037.46,7037.46,TXN100210,2379947.68
2026-06-27,credit,0.0,4720.53,4720.53,TXN101210,12708492.92
2026-06-27,credit,0.0,9274.56,9274.56,TXN101239,13046189.3
2026-06-27,credit,0.0,5443.48,5443.48,TXN101829,18899385.37
2026-06-27,debit,17321.93,0.0,-17321.93,TXN102075-R,21290856.04
2026-06-27,credit,0.0,4462.45,4462.45,TXN102132,21892490.24
2026-06-27,credit,0.0,9506.16,9506.16,TXN102198,22575727.48
2026-06-27,debit,1223.23,0.0,-1223.23,TXN102203-R,22601105.36
2026-06-27,credit,0.0,19686.68,19686.68,TXN102415,24516097.43
2026-06-27,credit,0.0,18999.04,18999.04,TXN102450,24885542.6
2026-06-27,credit,0.0,5502.41,5502.41,TXN102538,25870195.76
2026-06-27,credit,0.0,20863.18,20863.18,TXN1O2578,26272211.0
2026-06-27,credit,0.0,7489.28,7489.28,TXN102601,26500082.68
2026-06-27,credit,0.0,19463.09,19463.09,TXN102668,27222775.74
2026-06-27,credit,0.0,18725.15,18725.15,TXN1O2714,27616425.76
2026-06-27,credit,0.0,24095.13,24095.13,TXN103221,32673238.31
2026-06-27,credit,0.0,4877.02,4877.02,TXN103510,35610001.57
2026-06-27,debit,16972.41,0.0,-16972.41,TXN103910-R,39503941.06
2026-06-27,credit,0.0,8195.18,8195.18,TXN1O3941,39858140.57
2026-06-27,credit,0.0,19827.97,19827.97,TXN104173,42075643.03
2026-06-27,credit,0.0,19152.75,19152.75,TXN104175,42106366.79
2026-06-27,credit,0.0,21918.32,21918.32,TXN104211,42485966.75
2026-06-27,credit,0.0,9877.36,9877.36,TXN104671,47189968.32
2026-06-27,credit,0.0,7612.37,7612.37,TXN104739,47872727.37
2026-06-27,credit,0.0,15534.92,15534.92,TXN104878,49311616.48
2026-06-27,credit,0.0,4260.39,4260.39,TXN1O4989,50589226.65
2026-06-28,credit,0.0,10918.87,10918.87,TXN100411,4564017.89
2026-06-28,debit,2313.1,0.0,-2313.1,TXN100458-R,5051190.93
2026-06-28,credit,0.0,23878.84,23878.84,TXN1O0630,6673973.89
2026-06-28,credit,0.0,1593.77,1593.77,TXN100771,8110239.44
2026-06-28,credit,0.0,24444.39,24444.39,TXN100822,8670556.72
2026-06-28,credit,0.0,22304.03,22304.03,TXN101012,10660739.51
2026-06-28,credit,0.0,24564.78,24564.78,TXN101047,11092709.5
2026-06-28,credit,0.0,19856.81,19856.81,TXN101079,11387017.96
2026-06-28,credit,0.0,12078.97,12078.97,TXN101382,14472307.24
2026-06-28,credit,0.0,19034.15,19034.15,TXN101428,14918459.32
2026-06-28,credit,0.0,24093.21,24093.21,TXN101450,15133983.82
2026-06-28,credit,0.0,1641.85,1641.85,TXN101892,19440051.2
2026-06-28,credit,0.0,10677.21,10677.21,TXN102050,21062036.18
2026-06-28,credit,0.0,10858.86,10858.86,TXN102399,24374554.46
2026-06-28,credit,0.0,20411.43,20411.43,TXN102810,28577476.68
2026-06-28,credit,0.0,15927.27,15927.27,TXN103069,31119287.99
2026-06-28,credit,0.0,11963.44,11963.44,TXN103293,33485474.84
2026-06-28,credit,0.0,7423.69,7423.69,TXN103419,34686026.51
2026-06-28,credit,0.0,24532.08,24532.08,TXN103531,35815512.8
2026-06-28,credit,0.0,18293.74,18293.74,TXN103799,38417653.72
2026-06-28,credit,0.0,2352.37,2352.37,TXN103946,39877109.99
2026-06-28,credit,0.0,15820.74,15820.74,TXN104010,40493439.65
2026-06-28,credit,0.0,23930.83,23930.83,TXN104400,44484716.99
2026-06-28,credit,0.0,17635.93,17635.93,TXN104469,45274618.72
2026-06-28,credit,0.0,18029.66,18029.66,TXN104497,45577210.63
2026-06-28,credit,0.0,22596.53,22596.53,TXN104500,45601704.1
2026-06-29,credit,0.0,5838.29,5838.29,TXN100184,2110795.11
2026-06-29,credit,0.0,8972.16,8972.16,TXN100431,4722277.78
2026-06-29,credit,0.0,5763.59,5763.59,TXN101300,13702443.67
2026-06-29,credit,0.0,21724.0,21724.0,TXN101501,15673732.79
2026-06-29,credit,0.0,15520.66,15520.66,TXN101654,17081616.7
2026-06-29,credit,0.0,13869.33,13869.33,TXN101805,18688887.19
2026-06-29,credit,0.0,10392.81,10392.81,TXN101979,20294052.16
2026-06-29,debit,10677.21,0.0,-10677.21,TXN102050-R,21051358.97
2026-06-29,credit,0.0,7690.28,7690.28,TXN102461,25050637.08
2026-06-29,credit,0.0,12629.58,12629.58,TXN102794,28406431.2
2026-06-29,credit,0.0,22287.85,22287.85,TXN102993,30343944.85
2026-06-29,credit,0.0,17876.16,17876.16,TXN103031,30708538.24
2026-06-29,credit,0.0,18920.24,18920.24,TXN103841,38812368.41
2026-06-29,credit,0.0,2042.13,2042.13,TXN104202,42403711.99
2026-06-29,credit,0.0,17598.47,17598.47,TXN104279,43220773.2
2026-06-29,credit,0.0,24063.59,24063.59,TXN104307,43573336.19
2026-06-29,credit,0.0,1066.7,1066.7,TXN104675,47230464.25
2026-06-29,credit,0.0,24316.81,24316.81,TXN104749,47997153.16
2026-06-30,credit,0.0,7522.22,7522.22,TXN100171,2028907.69
2026-06-30,credit,0.0,5709.41,5709.41,TXN100324,3731548.02
2026-06-30,credit,0.0,21878.1,21878.1,TXN100390,4367562.61
2026-06-30,credit,0.0,15177.09,15177.09,TXN100529,5762525.93
2026-06-30,credit,0.0,4480.86,4480.86,TXN100736,7768818.02
2026-06-30,credit,0.0,23399.59,23399.59,TXN101021,10772626.05
2026-06-30,credit,0.0,8133.15,8133.15,TXN101504,15700682.0
2026-06-30,credit,0.0,1935.46,1935.46,TXN101780,18452370.97
2026-06-30,credit,0.0,24026.36,24026.36,TXN1O1875,19276241.47
2026-06-30,credit,0.0,10695.5,10695.5,TXN102273,23248033.07
2026-06-30,credit,0.0,6595.05,6595.05,TXN102364,24116742.33
2026-06-30,debit,19686.68,0.0,-19686.68,TXN102415-R,24496410.75
2026-06-30,credit,0.0,14912.02,14912.02,TXN102931,29771088.04
2026-06-30,credit,0.0,508.55,508.55,TXN102994,30344453.4
2026-06-30,credit,0.0,16487.51,16487.51,TXN103105,31514907.61
2026-06-30,credit,0.0,13648.9,13648.9,TXN103600,36489736.4
2026-06-30,credit,0.0,20149.93,20149.93,TXN103672,37202441.27
2026-06-30,credit,0.0,18786.91,18786.91,TXN103711,37511777.81
2026-06-30,credit,0.0,20366.37,20366.37,TXN104059,40949654.24
2026-06-30,credit,0.0,13281.69,13281.69,TXN1O4185,42227994.23
2026-06-30,credit,0.0,24115.42,24115.42,TXN104346,43950543.6
2026-06-30,debit,16725.71,0.0,-16725.71,TXN104920-R,49752836.09
2026-07-01,credit,0.0,20732.01,20732.01,TXN100011,343086.72
2026-07-01,credit,0.0,24126.48,24126.48,TXN100985,10425294.15
2026-07-01,credit,0.0,12148.21,12148.21,TXN1O1011,10638435.48
2026-07-01,credit,0.0,19048.01,19048.01,TXN101356,14227370.63
2026-07-01,credit,0.0,4153.09,4153.09,TXN101471,15364666.44
2026-07-01,debit,5443.48,0.0,-5443.48,TXN101829-R,18893941.89
2026-07-01,credit,0.0,3009.55,3009.55,TXN101848,19013019.26
2026-07-01,credit,0.0,10474.66,10474.66,TXN102199,22586202.14
2026-07-01,credit,0.0,16738.35,16738.35,TXN1O2349,23966968.0
2026-07-01,debit,7690.28,0.0,-7690.28,TXN102461-R,25042946.8
2026-07-01,credit,0.0,2140.67,2140.67,TXN103109,31532309.14
2026-07-01,credit,0.0,12596.46,12596.46,TXN103408,34595481.64
2026-07-01,credit,0.0,11631.58,11631.58,TXN103443,34915493.91
2026-07-01,debit,4877.02,0.0,-4877.02,TXN103510-R,35605124.55
2026-07-01,credit,0.0,7707.71,7707.71,TXN103856,39000070.13
2026-07-01,debit,2352.37,0.0,-2352.37,TXN103946-R,39874757.62
2026-07-01,credit,0.0,1748.02,1748.02,TXN104330,43772116.48
2026-07-01,credit,0.0,5314.27,5314.27,TXN104432,44865190.84
2026-07-01,credit,0.0,8479.45,8479.45,TXN104573,46256016.69
2026-07-01,credit,0.0,23330.96,23330.96,TXN104921,49776167.05
2026-07-01,credit,0.0,19392.53,19392.53,TXN104984,50520246.94
2026-07-02,credit,0.0,5717.22,5717.22,TXN100032,538015.13
2026-07-02,credit,0.0,12866.27,12866.27,TXN100549,5916322.25
2026-07-02,credit,0.0,13964.61,13964.61,TXN100595,6298244.6
2026-07-02,credit,0.0,2176.54,2176.54,TXN100672,7119259.92
2026-07-02,credit,0.0,17630.37,17630.37,TXN1O0812,8531831.91
2026-07-02,credit,0.0,394.24,394.24,TXN101068,11231533.8
2026-07-02,credit,0.0,17704.46,17704.46,TXN101119,11827885.23
2026-07-02,credit,0.0,19697.43,19697.43,TXN101205,12694824.08
2026-07-02,credit,0.0,8982.46,8982.46,TXN101499,15643384.54
2026-07-02,credit,0.0,22221.73,22221.73,TXN1O1565,16275761.63
2026-07-02,credit,0.0,11797.22,11797.22,TXN102256,23140646.33
2026-07-02,credit,0.0,17359.36,17359.36,TXN102376,24199937.69
2026-07-02,credit,0.0,15847.18,15847.18,TXN102429,24610677.85
2026-07-02,credit,0.0,11521.45,11521.45,TXN102464,25080660.38
2026-07-02,credit,0.0,533.44,533.44,TXN102615,26625574.63
2026-07-02,credit,0.0,1384.45,1384.45,TXN102618,26630104.26
2026-07-02,credit,0.0,17800.9,17800.9,TXN102897,29446203.85
2026-07-02,credit,0.0,14091.85,14091.85,TXN103132,31766841.66
2026-07-02,credit,0.0,15198.8,15198.8,TXN1O3160,31973772.55
2026-07-02,credit,0.0,15699.73,15699.73,TXN103179,32102351.01
2026-07-02,credit,0.0,19802.11,19802.11,TXN103213,32590731.87
2026-07-02,credit,0.0,22844.16,22844.16,TXN103285,33392420.58
2026-07-02,credit,0.0,6938.06,6938.06,TXN103584,36336798.41
2026-07-02,credit,0.0,8402.67,8402.67,TXN103606,36532435.32
2026-07-02,credit,0.0,5882.94,5882.94,TXN103622,36717130.4
2026-07-02,debit,20149.93,0.0,-20149.93,TXN103672-R,37182291.34
2026-07-02,credit,0.0,22202.94,22202.94,TXN104083,41214161.57
2026-07-02,credit,0.0,22744.52,22744.52,TXN104445,45014356.24
2026-07-03,credit,0.0,4231.21,4231.21,TXN100019,422435.45
2026-07-03,credit,0.0,18783.91,18783.91,TXN100593,6282753.3
2026-07-03,credit,0.0,8184.79,8184.79,TXN100840,8875706.58
2026-07-03,credit,0.0,13688.47,13688.47,TXN100864,9134157.59
2026-07-03,credit,0.0,12703.53,12703.53,TXN101368,14365441.02
2026-07-03,credit,0.0,8725.14,8725.14,TXN101652,17066096.04
2026-07-03,credit,0.0,13505.27,13505.27,TXN101938,19857154.82
2026-07-03,credit,0.0,22233.05,22233.05,TXN102030,20845210.58
2026-07-03,credit,0.0,11794.22,11794.22,TXN102031,20857004.8
2026-07-03,credit,0.0,4519.86,4519.86,TXN102032,20861524.66
2026-07-03,debit,10695.5,0.0,-10695.5,TXN102273-R,23237337.57
2026-07-03,credit,0.0,20537.01,20537.01,TXN102982,30234845.21
2026-07-03,credit,0.0,8556.77,8556.77,TXN103036,30752494.82
2026-07-03,credit,0.0,21087.03,21087.03,TXN103193,32320237.43
2026-07-03,credit,0.0,12652.43,12652.43,TXN103195,32355843.22
2026-07-03,credit,0.0,19571.15,19571.15,TXN103555,36036802.08
2026-07-03,credit,0.0,21427.7,21427.7,TXN1O3798,38399359.98
2026-07-03,credit,0.0,13053.61,13053.61,TXN103821,38652053.06
2026-07-03,credit,0.0,22013.21,22013.21,TXN104138,41730744.9
2026-07-03,credit,0.0,10834.91,10834.91,TXN104176,42117201.7
2026-07-03,credit,0.0,8643.69,8643.69,TXN104411,44639908.74
2026-07-03,debit,1066.7,0.0,-1066.7,TXN104675-R,47229397.55
2026-07-03,credit,0.0,19521.73,19521.73,TXN104703,47559778.66
2026-07-03,credit,0.0,1485.07,1485.07,TXN104808,48643725.49
2026-07-04,credit,0.0,14687.99,14687.99,TXN100110,1362022.63
2026-07-04,credit,0.0,16918.86,16918.86,TXN100339,3868604.42
2026-07-04,credit,0.0,11844.92,11844.92,TXN100552,5948958.01
2026-07-04,credit,0.0,15481.25,15481.25,TXN100666,7055437.85
2026-07-04,debit,4480.86,0.0,-4480.86,TXN100736-R,7764337.16
2026-07-04,credit,0.0,14616.47,14616.47,TXN100965,10196160.7
2026-07-04,credit,0.0,22468.99,22468.99,TXN1O1750,18129879.97
2026-07-04,credit,0.0,20253.67,20253.67,TXN101885,19377111.87
2026-07-04,credit,0.0,15782.23,15782.23,TXN102023,20772981.69
2026-07-04,credit,0.0,4742.44,4742.44,TXN102065,21223892.35
2026-07-04,credit,0.0,14350.85,14350.85,TXN102300,23541193.23
2026-07-04,credit,0.0,15153.28,15153.28,TXN102353,24001514.54
2026-07-04,credit,0.0,19767.83,19767.83,TXN102651,27032728.83
2026-07-04,credit,0.0,11462.38,11462.38,TXN102839,28835216.68
2026-07-04,credit,0.0,23342.18,23342.18,TXN1O3116,31606393.27
2026-07-04,credit,0.0,19976.02,19976.02,TXN103345,33932934.68
2026-07-04,credit,0.0,8809.41,8809.41,TXN103543,35904012.8
2026-07-04,credit,0.0,16606.6,16606.6,TXN103648,36960952.19
2026-07-04,credit,0.0,14219.42,14219.42,TXN104002,40420543.61
2026-07-04,credit,0.0,11121.67,11121.67,TXN104075,41154233.51
2026-07-04,credit,0.0,18206.58,18206.58,TXN104405,44563991.88
2026-07-04,credit,0.0,12642.46,12642.46,TXN104507,45630274.14
2026-07-04,credit,0.0,13978.32,13978.32,TXN104531,45854449.81
2026-07-04,credit,0.0,3801.3,3801.3,TXN1O4564,46197504.93
2026-07-04,credit,0.0,12875.97,12875.97,TXN1O4588,46397554.03
2026-07-04,credit,0.0,11338.17,11338.17,TXN104636,46840867.05
2026-07-04,credit,0.0,18163.25,18163.25,TXN104821,48751857.93
2026-07-05,credit,0.0,22513.58,22513.58,TXN100453,5004033.66
2026-07-05,credit,0.0,13997.16,13997.16,TXN100481,5286013.95
2026-07-05,credit,0.0,6123.72,6123.72,TXN100487,5344625.31
2026-07-05,credit,0.0,5729.19,5729.19,TXN100488,5350354.5
2026-07-05,credit,0.0,6565.16,6565.16,TXN100506,5512070.33
2026-07-05,credit,0.0,24327.09,24327.09,TXN100685,7255595.19
2026-07-05,credit,0.0,17016.58,17016.58,TXN100848,8955770.44
2026-07-05,credit,0.0,17702.09,17702.09,TXN101034,10920197.61
2026-07-05,credit,0.0,6735.81,6735.81,TXN101155,12162641.81
2026-07-05,credit,0.0,12696.55,12696.55,TXN101309,13785657.92
2026-07-05,debit,12703.53,0.0,-12703.53,TXN101368-R,14352737.49
2026-07-05,credit,0.0,15317.88,15317.88,TXN101474,15403946.75
2026-07-05,credit,0.0,19338.69,19338.69,TXN101571,16354478.48
2026-07-05,credit,0.0,10237.43,10237.43,TXN101615,16793847.48
2026-07-05,debit,15782.23,0.0,-15782.23,TXN102023-R,20757199.46
2026-07-05,credit,0.0,12653.55,12653.55,TXN102110,21643750.89
2026-07-05,credit,0.0,7634.71,7634.71,TXN102479,25251567.6
2026-07-05,credit,0.0,16624.45,16624.45,TXN102626,26726536.61
2026-07-05,credit,0.0,13013.67,13013.67,TXN102640,26888181.68
2026-07-05,credit,0.0,12618.54,12618.54,TXN102757,28030638.04
2026-07-05,credit,0.0,4904.08,4904.08,TXN102816,28634798.69
2026-07-05,credit,0.0,13886.32,13886.32,TXN102942,29882624.34
2026-07-05,credit,0.0,23767.24,23767.24,TXN102984,30269138.87
2026-07-05,credit,0.0,1635.86,1635.86,TXN103139,31783297.88
2026-07-05,credit,0.0,19157.21,19157.21,TXN103257,33061019.0
2026-07-05,credit,0.0,20569.83,20569.83,TXN103261,33121652.72
2026-07-05,credit,0.0,15281.37,15281.37,TXN1O3500,35516468.91
2026-07-05,credit,0.0,18205.3,18205.3,TXN1O3562,36132333.29
2026-07-05,credit,0.0,14226.12,14226.12,TXN103761,38081465.53
2026-07-05,credit,0.0,14225.1,14225.1,TXN103852,38968942.19
2026-07-05,credit,0.0,422.14,422.14,TXN103875,39204428.26
2026-07-05,credit,0.0,21526.16,21526.16,TXN104314,43629167.67
2026-07-05,debit,8643.69,0.0,-8643.69,TXN104411-R,44631265.05
2026-07-05,credit,0.0,16206.8,16206.8,TXN104416,44686471.65
2026-07-05,credit,0.0,20235.97,20235.97,TXN1O4530,45840471.49
2026-07-06,credit,0.0,2246.36,2246.36,TXN100013,363225.0
2026-07-06,credit,0.0,10097.36,10097.36,TXN100193,2201029.53
2026-07-06,credit,0.0,9578.44,9578.44,TXN100686,7265173.63
2026-07-06,credit,0.0,4727.54,4727.54,TXN100708,7484622.22
2026-07-06,credit,0.0,10966.64,10966.64,TXN100775,8134407.38
2026-07-06,credit,0.0,2126.94,2126.94,TXN100809,8489234.56
2026-07-06,debit,17702.09,0.0,-17702.09,TXN101034-R,10902495.52
2026-07-06,credit,0.0,4274.34,4274.34,TXN101059,11162878.83
2026-07-06,credit,0.0,9322.83,9322.83,TXN101379,14450243.63
2026-07-06,credit,0.0,9820.91,9820.91,TXN101403,14655071.37
2026-07-06,credit,0.0,14210.26,14210.26,TXN101457,15212718.89
2026-07-06,credit,0.0,2434.98,2434.98,TXN102095,21511227.9
2026-07-06,credit,0.0,11231.14,11231.14,TXN102186,22448337.4
2026-07-06,credit,0.0,15227.64,15227.64,TXN102194,22554608.24
2026-07-06,credit,0.0,13135.77,13135.77,TXN102462,25056082.57
2026-07-06,credit,0.0,20323.66,20323.66,TXN102545,25922292.95
2026-07-06,credit,0.0,17101.53,17101.53,TXN102630,26763572.12
2026-07-06,credit,0.0,5348.32,5348.32,TXN102758,28035986.36
2026-07-06,credit,0.0,4354.94,4354.94,TXN102777,28239097.3
2026-07-06,credit,0.0,15193.73,15193.73,TXN102829,28730633.58
2026-07-06,credit,0.0,23299.33,23299.33,TXN102899,29489205.01
2026-07-06,credit,0.0,14318.75,14318.75,TXN102962,30056154.74
2026-07-06,credit,0.0,18407.11,18407.11,TXN103138,31800069.13
2026-07-06,credit,0.0,24454.78,24454.78,TXN103153,31900016.87
2026-07-06,credit,0.0,19328.67,19328.67,TXN103279,33323729.95
2026-07-06,credit,0.0,23506.94,23506.94,TXN103488,35377617.34
2026-07-06,credit,0.0,20818.95,20818.95,TXN103613,36599781.05
2026-07-06,debit,14225.1,0.0,-14225.1,TXN103852-R,38954717.09
2026-07-06,credit,0.0,23053.05,23053.05,TXN103952,39940020.88
2026-07-06,credit,0.0,13560.38,13560.38,TXN104565,46211065.31
2026-07-06,credit,0.0,20383.93,20383.93,TXN104762,48176996.45
2026-07-06,credit,0.0,3656.84,3656.84,TXN104831,48874258.49
2026-07-06,credit,0.0,7698.09,7698.09,TXN104841,48998547.99
2026-07-07,credit,0.0,6996.83,6996.83,TXN100018,418204.24
2026-07-07,credit,0.0,7172.94,7172.94,TXN100181,2079624.81
2026-07-07,debit,10097.36,0.0,-10097.36,TXN100193-R,2190932.17
2026-07-07,credit,0.0,9836.15,9836.15,TXN100292,3345726.54
2026-07-07,credit,0.0,23303.98,23303.98,TXN100300,3455218.03
2026-07-07,credit,0.0,15606.85,15606.85,TXN100310,3543460.82
2026-07-07,credit,0.0,14086.02,14086.02,TXN100318,3650479.16
2026-07-07,credit,0.0,11537.52,11537.52,TXN100724,7648264.64
2026-07-07,credit,0.0,4486.69,4486.69,TXN100789,8270996.2
2026-07-07,debit,13688.47,0.0,-13688.47,TXN100864-R,9120469.12
2026-07-07,credit,0.0,9235.74,9235.74,TXN101075,11324976.2
2026-07-07,debit,9322.83,0.0,-9322.83,TXN101379-R,14440920.8
2026-07-07,credit,0.0,15951.45,15951.45,TXN101460,15226664.74
2026-07-07,credit,0.0,5142.76,5142.76,TXN1O1491,15583286.89
2026-07-07,credit,0.0,11049.19,11049.19,TXN101851,19032063.04
2026-07-07,credit,0.0,16839.05,16839.05,TXN101895,19458455.62
2026-07-07,credit,0.0,17058.79,17058.79,TXN101898,19482947.58
2026-07-07,credit,0.0,10520.78,10520.78,TXN102154,22149716.46
2026-07-07,credit,0.0,892.33,892.33,TXN102652,27033621.16
2026-07-07,credit,0.0,5236.97,5236.97,TXN102679,27331848.85
2026-07-07,credit,0.0,13180.36,13180.36,TXN102766,28116362.69
2026-07-07,credit,0.0,14776.17,14776.17,TXN102808,28555827.77
2026-07-07,credit,0.0,16451.82,16451.82,TXN1O2863,29079452.17
2026-07-07,credit,0.0,917.79,917.79,TXN102945,29906593.52
2026-07-07,credit,0.0,7340.19,7340.19,TXN103245,32939318.85
2026-07-07,credit,0.0,3128.18,3128.18,TXN1O3253,33003115.26
2026-07-07,credit,0.0,6966.83,6966.83,TXN103350,34026378.17
2026-07-07,credit,0.0,18012.83,18012.83,TXN103376,34284031.12
2026-07-07,credit,0.0,4758.23,4758.23,TXN103569,36170517.55
2026-07-07,credit,0.0,11843.11,11843.11,TXN103579,36273352.57
2026-07-07,debit,14219.42,0.0,-14219.42,TXN104002-R,40406324.19
2026-07-07,credit,0.0,1485.28,1485.28,TXN104117,41531762.26
2026-07-07,credit,0.0,19741.38,19741.38,TXN104126,41627768.53
2026-07-07,credit,0.0,4081.51,4081.51,TXN104383,44309623.85
2026-07-07,credit,0.0,11738.91,11738.91,TXN104443,44976833.19
2026-07-07,credit,0.0,9893.41,9893.41,TXN104465,45218347.1
2026-07-07,debit,12642.46,0.0,-12642.46,TXN104507-R,45617631.68
2026-07-07,credit,0.0,18300.08,18300.08,TXN104612,46631031.11
2026-07-07,credit,0.0,790.08,790.08,TXN104802,48561420.04
2026-07-08,credit,0.0,6068.99,6068.99,TXN1O0290,3327894.61
2026-07-08,credit,0.0,21377.39,21377.39,TXN100317,3636393.14
2026-07-08,debit,16918.86,0.0,-16918.86,TXN100339-R,3851685.56
2026-07-08,credit,0.0,8674.2,8674.2,TXN100521,5690446.74
2026-07-08,debit,9578.44,0.0,-9578.44,TXN100686-R,7255595.19
2026-07-08,credit,0.0,592.71,592.71,TXN100786,8234308.05
2026-07-08,credit,0.0,23537.67,23537.67,TXN100856,9031266.95
2026-07-08,credit,0.0,23029.6,23029.6,TXN100954,10028972.02
2026-07-08,credit,0.0,3689.73,3689.73,TXN101008,10599900.62
2026-07-08,credit,0.0,405.52,405.52,TXN101169,12327106.42
2026-07-08,credit,0.0,4862.15,4862.15,TXN101606,16679082.03
2026-07-08,credit,0.0,1596.28,1596.28,TXN101810,18725829.94
2026-07-08,credit,0.0,20707.59,20707.59,TXN101853,19064799.95
2026-07-08,credit,0.0,6053.75,6053.75,TXN101890,19434082.05
2026-07-08,credit,0.0,16620.13,16620.13,TXN101941,19878966.55
2026-07-08,credit,0.0,23185.01,23185.01,TXN102796,28439010.27
2026-07-08,debit,14776.17,0.0,-14776.17,TXN102808-R,28541051.6
2026-07-08,debit,11462.38,0.0,-11462.38,TXN102839-R,28823754.3
2026-07-08,credit,0.0,10428.07,10428.07,TXN103126,31694704.81
2026-07-08,credit,0.0,4941.56,4941.56,TXN103361,34113028.82
2026-07-08,credit,0.0,17532.02,17532.02,TXN103474,35189291.15
2026-07-08,credit,0.0,18589.23,18589.23,TXN103497,35478141.94
2026-07-08,credit,0.0,12535.33,12535.33,TXN1O3567,36154492.03
2026-07-08,credit,0.0,11267.29,11267.29,TXN103568,36165759.32
2026-07-08,credit,0.0,14337.3,14337.3,TXN103966,40093451.42
2026-07-08,credit,0.0,6655.45,6655.45,TXN104006,40447337.16
2026-07-08,credit,0.0,22977.97,22977.97,TXN104421,44753207.22
2026-07-08,credit,0.0,18385.36,18385.36,TXN104541,45969181.48
2026-07-08,credit,0.0,5192.1,5192.1,TXN104780,48371721.57
2026-07-08,credit,0.0,11320.28,11320.28,TXN104787,48406063.18
2026-07-09,credit,0.0,22114.98,22114.98,TXN100168,2011690.06
2026-07-09,debit,9836.15,0.0,-9836.15,TXN100292-R,3335890.39
2026-07-09,credit,0.0,6979.76,6979.76,TXN101013,10667719.27
2026-07-09,credit,0.0,20104.32,20104.32,TXN101081,11413041.85
2026-07-09,credit,0.0,10589.19,10589.19,TXN1O1282,13507973.92
2026-07-09,debit,14210.26,0.0,-14210.26,TXN101457-R,15198508.63
2026-07-09,credit,0.0,16789.0,16789.0,TXN101562,16241353.53
2026-07-09,credit,0.0,4928.26,4928.26,TXN101783,18486412.03
2026-07-09,credit,0.0,6880.98,6880.98,TXN101930,19751066.25
2026-07-09,credit,0.0,21912.94,21912.94,TXN101942,19900879.49
2026-07-09,credit,0.0,20204.29,20204.29,TXN102249,23097105.62
2026-07-09,credit,0.0,11783.26,11783.26,TXN102351,23983883.34
2026-07-09,credit,0.0,2738.98,2738.98,TXN102511,25601842.85
2026-07-09,credit,0.0,17004.53,17004.53,TXN102728,27749335.77
2026-07-09,credit,0.0,5555.37,5555.37,TXN102741,27896461.39
2026-07-09,credit,0.0,17044.14,17044.14,TXN102748,27971570.93
2026-07-09,credit,0.0,4762.61,4762.61,TXN1O2957,29993102.49
2026-07-09,credit,0.0,6206.03,6206.03,TXN103181,32130856.83
2026-07-09,debit,19328.67,0.0,-19328.67,TXN103279-R,33304401.28
2026-07-09,credit,0.0,22182.53,22182.53,TXN103639,36860829.35
2026-07-09,credit,0.0,3474.01,3474.01,TXN103879,39224712.66
2026-07-09,credit,0.0,18745.78,18745.78,TXN104271,43156135.3
2026-07-09,credit,0.0,19777.74,19777.74,TXN104302,43509332.19
2026-07-09,credit,0.0,17721.58,17721.58,TXN104605,46522861.19
2026-07-09,credit,0.0,19460.78,19460.78,TXN1O4696,47456881.41
2026-07-09,credit,0.0,19745.81,19745.81,TXN104985,50539992.75
2026-07-09,credit,0.0,19481.25,19481.25,TXN104992,50622603.48
2026-07-10,credit,0.0,24768.21,24768.21,TXN100605,6438922.13
2026-07-10,debit,10966.64,0.0,-10966.64,TXN100775-R,8123440.74
2026-07-10,credit,0.0,14503.04,14503.04,TXN100843,8914618.88
2026-07-10,credit,0.0,17607.92,17607.92,TXN100980,10395901.06
2026-07-10,credit,0.0,21313.7,21313.7,TXN1O1043,11061450.56
2026-07-10,credit,0.0,24284.69,24284.69,TXN101641,17023477.09
2026-07-10,credit,0.0,1557.78,1557.78,TXN102388,24296972.72
2026-07-10,credit,0.0,4178.78,4178.78,TXN102689,27403447.31
2026-07-10,credit,0.0,17556.53,17556.53,TXN102705,27522920.05
2026-07-10,credit,0.0,4460.8,4460.8,TXN102722,27690091.49
2026-07-10,debit,23185.01,0.0,-23185.01,TXN102796-R,28415825.26
2026-07-10,credit,0.0,9724.22,9724.22,TXN102889,29394750.82
2026-07-10,debit,18407.11,0.0,-18407.11,TXN103138-R,31781662.02
2026-07-10,credit,0.0,4837.24,4837.24,TXN103155,31915044.05
2026-07-10,credit,0.0,4939.33,4939.33,TXN103264,33159556.46
2026-07-10,credit,0.0,20624.36,20624.36,TXN103270,33256442.29
2026-07-10,credit,0.0,10004.27,10004.27,TXN103384,34362916.4
2026-07-10,credit,0.0,14851.95,14851.95,TXN103415,34642240.87
2026-07-10,credit,0.0,14711.13,14711.13,TXN103692,37325435.24
2026-07-10,credit,0.0,9427.16,9427.16,TXN103790,38318196.24
2026-07-10,credit,0.0,13222.79,13222.79,TXN103882,39252434.83
2026-07-10,credit,0.0,5742.75,5742.75,TXN103961,40055611.1
2026-07-10,credit,0.0,19256.49,19256.49,TXN104200,42386761.87
2026-07-10,credit,0.0,14907.99,14907.99,TXN104201,42401669.86
2026-07-10,credit,0.0,18041.74,18041.74,TXN104231,42683542.96
2026-07-10,credit,0.0,18547.7,18547.7,TXN104335,43807501.73
2026-07-10,debit,9893.41,0.0,-9893.41,TXN104465-R,45208453.69
2026-07-10,credit,0.0,15164.78,15164.78,TXN104606,46538025.97
2026-07-10,credit,0.0,5596.84,5596.84,TXN104657,47049438.32
2026-07-10,credit,0.0,11410.76,11410.76,TXN1O4730,47783991.43
2026-07-10,credit,0.0,12263.28,12263.28,TXN104759,48129938.25
2026-07-10,credit,0.0,3633.24,3633.24,TXN104825,48780633.68
2026-07-11,credit,0.0,21801.95,21801.95,TXN100428,4712520.45
2026-07-11,credit,0.0,8065.32,8065.32,TXN100539,5862713.2
2026-07-11,credit,0.0,19762.63,19762.63,TXN100647,6858811.16
2026-07-11,credit,0.0,2251.78,2251.78,TXN100752,7940112.82
2026-07-11,credit,0.0,8305.03,8305.03,TXN100795,8323251.04
2026-07-11,credit,0.0,12510.88,12510.88,TXN100930,9812360.47
2026-07-11,credit,0.0,12982.45,12982.45,TXN100990,10488415.24
2026-07-11,credit,0.0,12303.23,12303.23,TXN101002,10555469.7
2026-07-11,credit,0.0,21827.03,21827.03,TXN101104,11617800.71
2026-07-11,credit,0.0,24100.76,24100.76,TXN101261,13263842.14
2026-07-11,credit,0.0,10314.64,10314.64,TXN101447,15091388.55
2026-07-11,credit,0.0,2844.33,2844.33,TXN101517,15831126.95
2026-07-11,credit,0.0,13242.37,13242.37,TXN101519,15858215.63
2026-07-11,credit,0.0,304.83,304.83,TXN101619,16827465.1
2026-07-11,debit,24284.69,0.0,-24284.69,TXN101641-R,16999192.4
2026-07-11,credit,0.0,17763.26,17763.26,TXN101770,18324656.07
2026-07-11,credit,0.0,23596.1,23596.1,TXN102243,23060835.61
2026-07-11,credit,0.0,21323.37,21323.37,TXN102469,25154640.87
2026-07-11,credit,0.0,3040.38,3040.38,TXN102555,26013021.39
2026-07-11,credit,0.0,5921.19,5921.19,TXN102665,27203304.2
2026-07-11,credit,0.0,1233.03,1233.03,TXN102715,27617658.79
2026-07-11,debit,4460.8,0.0,-4460.8,TXN102722-R,27685630.69
2026-07-11,credit,0.0,23785.75,23785.75,TXN102789,28346782.95
2026-07-11,debit,4837.24,0.0,-4837.24,TXN103155-R,31910206.81
2026-07-11,credit,0.0,19274.95,19274.95,TXN103206,32510539.03
2026-07-11,debit,7340.19,0.0,-7340.19,TXN103245-R,32931978.66
2026-07-11,credit,0.0,1039.52,1039.52,TXN103315,33730034.83
2026-07-11,credit,0.0,1384.76,1384.76,TXN103807,38472669.79
2026-07-11,debit,3474.01,0.0,-3474.01,TXN103879-R,39221238.65
2026-07-11,credit,0.0,5692.14,5692.14,TXN103954,39969448.85
2026-07-11,credit,0.0,20759.2,20759.2,TXN103989,40326593.37
2026-07-11,credit,0.0,3514.18,3514.18,TXN104259,43003064.43
2026-07-11,credit,0.0,5503.23,5503.23,TXN104290,43377941.05
2026-07-11,credit,0.0,5424.51,5424.51,TXN104589,46402978.54
2026-07-11,credit,0.0,983.33,983.33,TXN104729,47773564.0
2026-07-11,credit,0.0,6338.95,6338.95,TXN104845,49010094.9
2026-07-11,credit,0.0,14537.37,14537.37,TXN104900,49571664.82
2026-07-11,credit,0.0,355.59,355.59,TXN104963,50247589.57
2026-07-12,credit,0.0,6913.2,6913.2,TXN100026,470271.54
2026-07-12,credit,0.0,10828.96,10828.96,TXN100374,4218590.82
2026-07-12,credit,0.0,3459.32,3459.32,TXN100579,6188789.94
2026-07-12,credit,0.0,1526.69,1526.69,TXN100594,6284279.99
2026-07-12,credit,0.0,2280.84,2280.84,TXN100932,9833503.98
2026-07-12,credit,0.0,7206.85,7206.85,TXN101488,15558458.97
2026-07-12,credit,0.0,17467.42,17467.42,TXN102166,22268895.78
2026-07-12,credit,0.0,2502.95,2502.95,TXN1O2344,23906267.8
2026-07-12,credit,0.0,14548.75,14548.75,TXN102503,25525963.76
2026-07-12,credit,0.0,4850.84,4850.84,TXN102614,26625041.19
2026-07-12,credit,0.0,11564.87,11564.87,TXN102938,29835376.66
2026-07-12,credit,0.0,1247.65,1247.65,TXN103024,30629978.4
2026-07-12,credit,0.0,4942.45,4942.45,TXN103366,34144784.32
2026-07-12,credit,0.0,17514.14,17514.14,TXN103640,36878343.49
2026-07-12,credit,0.0,528.69,528.69,TXN103758,38054345.8
2026-07-12,credit,0.0,22770.74,22770.74,TXN103932,39764251.42
2026-07-12,credit,0.0,13609.01,13609.01,TXN103956,39990504.78
2026-07-12,debit,20759.2,0.0,-20759.2,TXN103989-R,40305834.17
2026-07-12,credit,0.0,19903.98,19903.98,TXN104234,42744840.17
2026-07-12,debit,18745.78,0.0,-18745.78,TXN104271-R,43137389.52
2026-07-12,credit,0.0,14504.21,14504.21,TXN1O4425,44799589.99
2026-07-12,credit,0.0,9491.11,9491.11,TXN104640,46872607.63
2026-07-12,credit,0.0,11582.44,11582.44,TXN104847,49044297.83
2026-07-13,credit,0.0,17107.55,17107.55,TXN100138,1696712.96
2026-07-13,credit,0.0,21663.29,21663.29,TXN1O0268,3038100.06
2026-07-13,debit,21801.95,0.0,-21801.95,TXN100428-R,4690718.5
2026-07-13,debit,24768.21,0.0,-24768.21,TXN100605-R,6414153.92
2026-07-13,credit,0.0,20237.5,20237.5,TXN100657,6973098.44
2026-07-13,debit,17607.92,0.0,-17607.92,TXN100980-R,10378293.14
2026-07-13,credit,0.0,772.38,772.38,TXN101179,12423701.75
2026-07-13,credit,0.0,19299.25,19299.25,TXN101362,14296092.33
2026-07-13,credit,0.0,14500.2,14500.2,TXN101452,15172089.78
2026-07-13,debit,6880.98,0.0,-6880.98,TXN101930-R,19744185.27
2026-07-13,credit,0.0,3332.23,3332.23,TXN1O2169,22279372.87
2026-07-13,debit,23596.1,0.0,-23596.1,TXN102243-R,23037239.51
2026-07-13,debit,20204.29,0.0,-20204.29,TXN102249-R,23076901.33
2026-07-13,credit,0.0,23661.63,23661.63,TXN1O2663,27197383.01
2026-07-13,debit,5921.19,0.0,-5921.19,TXN102665-R,27197383.01
2026-07-13,credit,0.0,10584.55,10584.55,TXN103822,38662637.61
2026-07-13,credit,0.0,1096.98,1096.98,TXN1O3944,39859237.55
2026-07-13,credit,0.0,14477.87,14477.87,TXN104301,43489554.45
2026-07-13,credit,0.0,11047.93,11047.93,TXN104338,43833955.48
2026-07-13,credit,0.0,10488.13,10488.13,TXN104409,44620226.18
2026-07-13,credit,0.0,7780.58,7780.58,TXN104664,47158846.43
2026-07-13,credit,0.0,547.8,547.8,TXN104670,47180090.96
2026-07-13,credit,0.0,18420.06,18420.06,TXN104836,48926454.6
2026-07-13,credit,0.0,1529.8,1529.8,TXN104887,49420835.27
2026-07-14,credit,0.0,8532.72,8532.72,TXN100263,2981573.65
2026-07-14,credit,0.0,16922.55,16922.55,TXN100807,8487107.62
2026-07-14,debit,12982.45,0.0,-12982.45,TXN100990-R,10475432.79
2026-07-14,credit,0.0,7595.17,7595.17,TXN101196,12599105.24
2026-07-14,credit,0.0,9651.14,9651.14,TXN101322,13873441.63
2026-07-14,credit,0.0,6667.78,6667.78,TXN101418,14792098.25
2026-07-14,credit,0.0,12501.91,12501.91,TXN101453,15184591.69
2026-07-14,credit,0.0,3087.28,3087.28,TXN102155,22152803.74
2026-07-14,credit,0.0,22450.3,22450.3,TXN102242,23059689.81
2026-07-14,credit,0.0,17061.63,17061.63,TXN102509,25599103.87
2026-07-14,credit,0.0,7068.68,7068.68,TXN102566,26147501.6
2026-07-14,credit,0.0,11438.12,11438.12,TXN102711,27596298.12
2026-07-14,credit,0.0,7548.8,7548.8,TXN1O3313,33705782.05
2026-07-14,credit,0.0,14336.89,14336.89,TXN1O3509,35605124.55
2026-07-14,credit,0.0,9053.69,9053.69,TXN103624,36743254.62
2026-07-14,credit,0.0,16950.4,16950.4,TXN103629,36806433.7
2026-07-14,credit,0.0,10699.26,10699.26,TXN103631,36808919.38
2026-07-14,credit,0.0,1801.84,1801.84,TXN1O3701,37405611.85
2026-07-14,debit,1384.76,0.0,-1384.76,TXN103807-R,38471285.03
2026-07-14,debit,10584.55,0.0,-10584.55,TXN103822-R,38652053.06
2026-07-14,credit,0.0,23180.51,23180.51,TXN103970,40156903.44
2026-07-14,credit,0.0,1419.57,1419.57,TXN104144,41767319.54
2026-07-14,credit,0.0,3771.41,3771.41,TXN104293,43398883.03
2026-07-14,credit,0.0,17002.95,17002.95,TXN104361,44070380.5
2026-07-14,credit,0.0,17769.83,17769.83,TXN104468,45256982.79
2026-07-14,credit,0.0,17288.68,17288.68,TXN104658,47066727.0
2026-07-14,debit,983.33,0.0,-983.33,TXN104729-R,47772580.67
2026-07-14,credit,0.0,16257.21,16257.21,TXN104733,47842228.65
2026-07-14,credit,0.0,5642.89,5642.89,TXN104783,48380741.17
2026-07-14,credit,0.0,4422.32,4422.32,TXN1O4837,48930876.92
2026-07-14,credit,0.0,3250.13,3250.13,TXN104930,49889651.19
2026-07-15,credit,0.0,11835.51,11835.51,TXN100065,946546.65
2026-07-15,credit,0.0,1600.16,1600.16,TXN100270,3055853.99
2026-07-15,credit,0.0,17008.25,17008.25,TXN100617,6542172.15
2026-07-15,credit,0.0,7722.37,7722.37,TXN100702,7418848.23
2026-07-15,credit,0.0,3608.81,3608.81,TXN100740,7813730.49
2026-07-15,credit,0.0,15206.74,15206.74,TXN100913,9659996.08
2026-07-15,credit,0.0,12229.55,12229.55,TXN101053,11143984.11
2026-07-15,credit,0.0,6824.17,6824.17,TXN101101,11598335.59
2026-07-15,credit,0.0,11184.99,11184.99,TXN101219,12767609.72
2026-07-15,credit,0.0,854.42,854.42,TXN101390,14517268.33
2026-07-15,credit,0.0,23335.48,23335.48,TXN101462,15267619.27
2026-07-15,credit,0.0,7792.7,7792.7,TXN101694,17528288.53
2026-07-15,credit,0.0,23216.41,23216.41,TXN101776,18436899.14
2026-07-15,credit,0.0,6192.81,6192.81,TXN101827,18870073.86
2026-07-15,credit,0.0,22638.95,22638.95,TXN101864,19139274.47
2026-07-15,credit,0.0,8170.73,8170.73,TXN1O2229,22865628.82
2026-07-15,debit,22450.3,0.0,-22450.3,TXN102242-R,23037239.51
2026-07-15,credit,0.0,2633.76,2633.76,TXN102363,24112781.04
2026-07-15,credit,0.0,7565.05,7565.05,TXN102744,27923976.83
2026-07-15,credit,0.0,14805.2,14805.2,TXN103124,31684276.74
2026-07-15,credit,0.0,8987.71,8987.71,TXN1O3241,32905938.41
2026-07-15,credit,0.0,2860.78,2860.78,TXN103249,32969363.01
2026-07-15,credit,0.0,21449.76,21449.76,TXN103407,34604334.94
2026-07-15,debit,22770.74,0.0,-22770.74,TXN103932-R,39741480.68
2026-07-15,credit,0.0,9615.15,9615.15,TXN1O4362,44079995.65
2026-07-15,credit,0.0,18267.52,18267.52,TXN104892,49492073.24
2026-07-16,debit,11835.51,0.0,-11835.51,TXN100065-R,934711.14
2026-07-16,credit,0.0,21663.95,21663.95,TXN100151,1862349.24
2026-07-16,credit,0.0,10123.03,10123.03,TXN100166,1987737.12
2026-07-16,credit,0.0,1837.96,1837.96,TXN1O0167,1989575.08
2026-07-16,debit,8532.72,0.0,-8532.72,TXN100263-R,2973040.93
2026-07-16,credit,0.0,20917.68,20917.68,TXN100279,3167385.72
2026-07-16,credit,0.0,8694.92,8694.92,TXN1O0283,3231830.43
2026-07-16,credit,0.0,16476.57,16476.57,TXN1O0350,3947824.83
2026-07-16,credit,0.0,7591.25,7591.25,TXN100731,7715901.67
2026-07-16,credit,0.0,22463.18,22463.18,TXN100957,10061880.45
2026-07-16,credit,0.0,15242.98,15242.98,TXN101111,11704833.31
2026-07-16,credit,0.0,13439.8,13439.8,TXN101299,13696680.08
2026-07-16,credit,0.0,20604.05,20604.05,TXN1O1601,16608706.71
2026-07-16,credit,0.0,23277.08,23277.08,TXN101635,16937294.2
2026-07-16,credit,0.0,6236.91,6236.91,TXN101685,17444369.88
2026-07-16,credit,0.0,4110.4,4110.4,TXN101854,19068910.35
2026-07-16,credit,0.0,4361.84,4361.84,TXN101966,20137519.62
2026-07-16,credit,0.0,24510.55,24510.55,TXN102013,20655273.33
2026-07-16,credit,0.0,11674.14,11674.14,TXN102128,21826262.25
2026-07-16,credit,0.0,23034.21,23034.21,TXN102331,23799624.16
2026-07-16,credit,0.0,21260.82,21260.82,TXN102390,24339045.26
2026-07-16,credit,0.0,20877.09,20877.09,TXN102403,24417730.5
2026-07-16,credit,0.0,23121.58,23121.58,TXN102408,24467518.32
2026-07-16,credit,0.0,19299.72,19299.72,TXN102426,24586306.1
2026-07-16,credit,0.0,5367.21,5367.21,TXN102670,27239034.14
2026-07-16,credit,0.0,3998.02,3998.02,TXN103143,31796795.34
2026-07-16,debit,2860.78,0.0,-2860.78,TXN103249-R,32966502.23
2026-07-16,credit,0.0,16930.53,16930.53,TXN103259,33099975.83
2026-07-16,credit,0.0,1107.06,1107.06,TXN103260,33101082.89
2026-07-16,credit,0.0,20393.29,20393.29,TXN103475,35209684.44
2026-07-16,credit,0.0,718.07,718.07,TXN103912,39511559.85
2026-07-16,credit,0.0,16533.16,16533.16,TXN103934,39768371.25
2026-07-16,credit,0.0,5017.23,5017.23,TXN104123,41575199.7
2026-07-16,credit,0.0,24299.13,24299.13,TXN104455,45119696.73
2026-07-16,credit,0.0,12415.52,12415.52,TXN104526,45797411.85
2026-07-16,debit,16257.21,0.0,-16257.21,TXN104733-R,47825971.44
2026-07-17,credit,0.0,13594.05,13594.05,TXN100172,2042501.74
2026-07-17,credit,0.0,6531.11,6531.11,TXN100182,2086155.92
2026-07-17,credit,0.0,11505.05,11505.05,TXN100404,4511075.93
2026-07-17,credit,0.0,14676.98,14676.98,TXN100849,8970447.42
2026-07-17,credit,0.0,9325.69,9325.69,TXN100927,9808463.05
2026-07-17,credit,0.0,3079.22,3079.22,TXN101097,11577313.13
2026-07-17,credit,0.0,12640.07,12640.07,TXN101493,15607909.74
2026-07-17,credit,0.0,15517.39,15517.39,TXN101508,15749782.51
2026-07-17,credit,0.0,10229.47,10229.47,TXN102440,24733527.5
2026-07-17,credit,0.0,8416.89,8416.89,TXN102609,26589093.59
2026-07-17,credit,0.0,10815.27,10815.27,TXN102674,27271382.02
2026-07-17,credit,0.0,13315.56,13315.56,TXN1O3129,31729762.4
2026-07-17,credit,0.0,16805.69,16805.69,TXN103325,33817758.98
2026-07-17,credit,0.0,3180.79,3180.79,TXN103328,33838750.77
2026-07-17,debit,21449.76,0.0,-21449.76,TXN103407-R,34582885.18
2026-07-17,credit,0.0,23566.79,23566.79,TXN103444,34939060.7
2026-07-17,credit,0.0,6608.88,6608.88,TXN103526,35774837.76
2026-07-17,credit,0.0,5975.15,5975.15,TXN1O3627,36766318.09
2026-07-17,debit,16950.4,0.0,-16950.4,TXN103629-R,36789483.3
2026-07-17,credit,0.0,4639.41,4639.41,TXN103892,39336036.14
2026-07-17,credit,0.0,10188.01,10188.01,TXN103967,40103639.43
2026-07-17,credit,0.0,21927.98,21927.98,TXN104194,42324076.22
2026-07-17,credit,0.0,1699.32,1699.32,TXN104218,42532988.66
2026-07-17,credit,0.0,22053.86,22053.86,TXN104651,47013179.77
2026-07-18,credit,0.0,8704.19,8704.19,TXN100009,319586.61
2026-07-18,credit,0.0,14730.67,14730.67,TXN100035,568543.72
2026-07-18,credit,0.0,21741.88,21741.88,TXN100391,4389304.49
2026-07-18,credit,0.0,12049.92,12049.92,TXN100409,4547607.21
2026-07-18,credit,0.0,2196.41,2196.41,TXN100524,5699531.15
2026-07-18,credit,0.0,4772.76,4772.76,TXN100850,8975220.18
2026-07-18,credit,0.0,17093.72,17093.72,TXN100906,9621158.28
2026-07-18,credit,0.0,22418.43,22418.43,TXN1O1133,11969197.2
2026-07-18,credit,0.0,11828.61,11828.61,TXN101478,15447707.21
2026-07-18,debit,7792.7,0.0,-7792.7,TXN101694-R,17520495.83
2026-07-18,credit,0.0,13150.34,13150.34,TXN102015,20686405.89
2026-07-18,credit,0.0,17930.63,17930.63,TXN102091,21479767.91
2026-07-18,credit,0.0,12028.9,12028.9,TXN102254,23128849.11
2026-07-18,credit,0.0,2477.92,2477.92,TXN102352,23986361.26
2026-07-18,debit,2633.76,0.0,-2633.76,TXN102363-R,24110147.28
2026-07-18,credit,0.0,24677.78,24677.78,TXN102453,24938246.29
2026-07-18,credit,0.0,20762.41,20762.41,TXN102465,25101422.79
2026-07-18,debit,7068.68,0.0,-7068.68,TXN102566-R,26140432.92
2026-07-18,credit,0.0,4657.96,4657.96,TXN102773,28189875.55
2026-07-18,credit,0.0,24434.45,24434.45,TXN102927,29750754.93
2026-07-18,credit,0.0,4010.43,4010.43,TXN103113,31560121.53
2026-07-18,credit,0.0,12955.18,12955.18,TXN103729,37675892.32
2026-07-18,credit,0.0,12235.33,12235.33,TXN103756,38053817.11
2026-07-18,credit,0.0,16387.17,16387.17,TXN103788,38289696.9
2026-07-18,credit,0.0,24777.79,24777.79,TXN104113,41507559.23
2026-07-18,credit,0.0,21499.89,21499.89,TXN104192,42302148.24
2026-07-18,credit,0.0,17105.77,17105.77,TXN104359,44070483.32
2026-07-18,credit,0.0,22404.57,22404.57,TXN104817,48708265.35
2026-07-18,credit,0.0,16562.6,16562.6,TXN104938,49968207.94
2026-07-19,debit,13594.05,0.0,-13594.05,TXN100172-R,2028907.69
2026-07-19,credit,0.0,16639.58,16639.58,TXN100198,2276059.18
2026-07-19,credit,0.0,21175.33,21175.33,TXN100396,4424176.82
2026-07-19,credit,0.0,331.87,331.87,TXN100500,5452336.79
2026-07-19,credit,0.0,8068.24,8068.24,TXN100916,9685070.74
2026-07-19,credit,0.0,4568.34,4568.34,TXN101003,10560038.04
2026-07-19,debit,6824.17,0.0,-6824.17,TXN101101-R,11591511.42
2026-07-19,credit,0.0,10263.82,10263.82,TXN101168,12326700.9
2026-07-19,credit,0.0,4376.09,4376.09,TXN101352,14148258.72
2026-07-19,credit,0.0,16393.93,16393.93,TXN101422,14843030.17
2026-07-19,credit,0.0,21129.75,21129.75,TXN101751,18151009.72
2026-07-19,credit,0.0,15031.69,15031.69,TXN101757,18202400.7
2026-07-19,credit,0.0,17397.87,17397.87,TXN101918,19665507.63
2026-07-19,credit,0.0,8632.37,8632.37,TXN1O1961,20087816.34
2026-07-19,credit,0.0,9241.26,9241.26,TXN102086,21405626.21
2026-07-19,credit,0.0,4962.99,4962.99,TXN102161,22191682.0
2026-07-19,credit,0.0,2534.53,2534.53,TXN102354,24004049.07
2026-07-19,debit,21260.82,0.0,-21260.82,TXN102390-R,24317784.44
2026-07-19,debit,20877.09,0.0,-20877.09,TXN102403-R,24396853.41
2026-07-19,credit,0.0,10300.99,10300.99,TXN102431,24631695.38
2026-07-19,credit,0.0,16131.87,16131.87,TXN102564,26119470.39
2026-07-19,credit,0.0,24431.44,24431.44,TXN102631,26788003.56
2026-07-19,credit,0.0,11214.56,11214.56,TXN102650,27012961.0
2026-07-19,credit,0.0,21810.03,21810.03,TXN102999,30378665.49
2026-07-19,credit,0.0,6419.36,6419.36,TXN103016,30521884.31
2026-07-19,credit,0.0,13222.29,13222.29,TXN103242,32919160.7
2026-07-19,credit,0.0,17948.78,17948.78,TXN103667,37139219.03
2026-07-19,credit,0.0,2598.64,2598.64,TXN103732,37704367.46
2026-07-19,credit,0.0,14441.64,14441.64,TXN103775,38233149.47
2026-07-19,credit,0.0,19439.01,19439.01,TXN104066,41024287.9
2026-07-19,credit,0.0,9887.03,9887.03,TXN104088,41248262.02
2026-07-19,credit,0.0,15498.09,15498.09,TXN104767,48242591.4
2026-07-19,credit,0.0,13812.28,13812.28,TXN104872,49249531.84
2026-07-20,credit,0.0,11453.41,11453.41,TXN100382,4292288.08
2026-07-20,credit,0.0,4546.87,4546.87,TXN100417,4589407.17
2026-07-20,credit,0.0,20598.38,20598.38,TXN101255,13217608.88
2026-07-20,credit,0.0,7952.88,7952.88,TXN101323,13881394.51
2026-07-20,credit,0.0,24893.44,24893.44,TXN101689,17491578.37
2026-07-20,credit,0.0,15378.99,15378.99,TXN101901,19538280.96
2026-07-20,credit,0.0,5559.77,5559.77,TXN101925,19703449.59
2026-07-20,credit,0.0,3621.86,3621.86,TXN102189,22488161.02
2026-07-20,credit,0.0,3115.04,3115.04,TXN102413,24490575.59
2026-07-20,debit,10229.47,0.0,-10229.47,TXN102440-R,24723298.03
2026-07-20,credit,0.0,1925.02,1925.02,TXN102585,26300954.23
2026-07-20,debit,10815.27,0.0,-10815.27,TXN102674-R,27260566.75
2026-07-20,credit,0.0,20502.03,20502.03,TXN102692,27427458.67
2026-07-20,debit,24434.45,0.0,-24434.45,TXN102927-R,29726320.48
2026-07-20,credit,0.0,4865.55,4865.55,TXN103035,30743938.05
2026-07-20,debit,13222.29,0.0,-13222.29,TXN103242-R,32905938.41
2026-07-20,credit,0.0,5427.27,5427.27,TXN103373,34243738.92
2026-07-20,credit,0.0,12845.79,12845.79,TXN103374,34256584.71
2026-07-20,credit,0.0,2996.86,2996.86,TXN103379,34305119.99
2026-07-20,credit,0.0,17207.14,17207.14,TXN103541,35895203.39
2026-07-20,credit,0.0,891.11,891.11,TXN103637,36835077.09
2026-07-20,credit,0.0,12812.94,12812.94,TXN103656,37032829.06
2026-07-20,credit,0.0,12483.41,12483.41,TXN103670,37182291.34
2026-07-20,credit,0.0,24139.45,24139.45,TXN1O3925,39670182.53
2026-07-20,credit,0.0,10560.21,10560.21,TXN103950,39908849.96
2026-07-20,credit,0.0,16825.99,16825.99,TXN104235,42761666.16
2026-07-20,credit,0.0,21572.63,21572.63,TXN104305,43542538.11
2026-07-20,credit,0.0,8636.69,8636.69,TXN104460,45196288.49
2026-07-20,credit,0.0,2274.8,2274.8,TXN104501,45603978.9
2026-07-20,credit,0.0,20395.91,20395.91,TXN104626,46724889.46
2026-07-20,credit,0.0,2435.21,2435.21,TXN104643,46888462.99
2026-07-20,credit,0.0,1332.65,1332.65,TXN104728,47772580.67
2026-07-21,debit,21741.88,0.0,-21741.88,TXN100391-R,4367562.61
2026-07-21,credit,0.0,14494.78,14494.78,TXN100427,4690718.5
2026-07-21,credit,0.0,15904.63,15904.63,TXN100759,8013202.19
2026-07-21,credit,0.0,7116.26,7116.26,TXN100791,8290592.62
2026-07-21,debit,9325.69,0.0,-9325.69,TXN100927-R,9799137.36
2026-07-21,credit,0.0,10050.38,10050.38,TXN101539,16016241.53
2026-07-21,credit,0.0,8315.48,8315.48,TXN101567,16308416.98
2026-07-21,credit,0.0,14023.92,14023.92,TXN101830,18907965.81
2026-07-21,credit,0.0,2255.82,2255.82,TXN1O2358,24058909.02
2026-07-21,debit,1925.02,0.0,-1925.02,TXN102585-R,26299029.21
2026-07-21,credit,0.0,12974.21,12974.21,TXN102598,26487336.19
2026-07-21,credit,0.0,20268.65,20268.65,TXN102864,29099720.82
2026-07-21,credit,0.0,1932.95,1932.95,TXN103051,30901414.62
2026-07-21,debit,4010.43,0.0,-4010.43,TXN103113-R,31556111.1
2026-07-21,credit,0.0,584.99,584.99,TXN1O3273,33283342.47
2026-07-21,credit,0.0,12703.37,12703.37,TXN103303,33569150.28
2026-07-21,credit,0.0,2609.18,2609.18,TXN103441,34903862.33
2026-07-21,credit,0.0,7296.58,7296.58,TXN103645,36922453.44
2026-07-21,credit,0.0,1915.06,1915.06,TXN103685,37251442.43
2026-07-21,credit,0.0,17987.5,17987.5,TXN103859,39047856.7
2026-07-21,debit,17105.77,0.0,-17105.77,TXN104359-R,44053377.55
2026-07-21,credit,0.0,19444.28,19444.28,TXN104843,49023200.23
2026-07-21,credit,0.0,19311.88,19311.88,TXN104951,50136981.53
2026-07-22,credit,0.0,22070.06,22070.06,TXN100055,846283.55
2026-07-22,credit,0.0,2213.84,2213.84,TXN100162,1969821.96
2026-07-22,credit,0.0,1351.62,1351.62,TXN100472,5141656.52
2026-07-22,credit,0.0,17770.58,17770.58,TXN100827,8719659.34
2026-07-22,credit,0.0,18394.84,18394.84,TXN101052,11131754.56
2026-07-22,credit,0.0,9720.92,9720.92,TXN1O1329,13943337.49
2026-07-22,credit,0.0,4390.46,4390.46,TXN101384,14476697.7
2026-07-22,credit,0.0,9928.96,9928.96,TXN101717,17787394.57
2026-07-22,debit,17397.87,0.0,-17397.87,TXN101918-R,19648109.76
2026-07-22,credit,0.0,18462.51,18462.51,TXN101944,19919342.0
2026-07-22,debit,20502.03,0.0,-20502.03,TXN102692-R,27406956.64
2026-07-22,credit,0.0,24660.28,24660.28,TXN1O2965,30080815.02
2026-07-22,credit,0.0,4211.36,4211.36,TXN103001,30385801.92
2026-07-22,credit,0.0,10642.35,10642.35,TXN103514,35669932.03
2026-07-22,credit,0.0,5823.74,5823.74,TXN103659,37049784.58
2026-07-22,credit,0.0,21782.8,21782.8,TXN103755,38041581.78
2026-07-22,credit,0.0,16929.98,16929.98,TXN104004,40437288.47
2026-07-22,credit,0.0,3340.82,3340.82,TXN104115,41530276.98
2026-07-22,credit,0.0,10290.07,10290.07,TXN104268,43118038.78
2026-07-22,credit,0.0,2013.76,2013.76,TXN104386,44333584.39
2026-07-22,debit,19311.88,0.0,-19311.88,TXN104951-R,50117669.65
2026-07-23,credit,0.0,20258.15,20258.15,TXN1O0070,975213.45
2026-07-23,credit,0.0,13647.98,13647.98,TXN100107,1322178.32
2026-07-23,credit,0.0,11221.35,11221.35,TXN100144,1767733.76
2026-07-23,credit,0.0,15432.51,15432.51,TXN100158,1959457.01
2026-07-23,credit,0.0,4409.21,4409.21,TXN100305,3499845.33
2026-07-23,credit,0.0,23647.32,23647.32,TXN100314,3587903.44
2026-07-23,credit,0.0,23778.71,23778.71,TXN1O0353,3999333.93
2026-07-23,credit,0.0,2115.22,2115.22,TXN100375,4220706.04
2026-07-23,credit,0.0,24932.38,24932.38,TXN1O0546,5903455.98
2026-07-23,credit,0.0,9189.96,9189.96,TXN100781,8200361.66
2026-07-23,credit,0.0,12370.88,12370.88,TXN100858,9053835.34
2026-07-23,credit,0.0,19030.19,19030.19,TXN101110,11689590.33
2026-07-23,credit,0.0,5521.35,5521.35,TXN1O1112,11710354.66
2026-07-23,credit,0.0,6404.91,6404.91,TXN101559,16196131.52
2026-07-23,credit,0.0,15378.75,15378.75,TXN101655,17096995.45
2026-07-23,credit,0.0,4651.5,4651.5,TXN101834,18945041.91
2026-07-23,debit,15378.99,0.0,-15378.99,TXN101901-R,19522901.97
2026-07-23,credit,0.0,17970.39,17970.39,TXN101926,19721419.98
2026-07-23,credit,0.0,14641.05,14641.05,TXN101991,20406019.42
2026-07-23,credit,0.0,11338.71,11338.71,TXN102056,21135208.71
2026-07-23,credit,0.0,18243.42,18243.42,TXN102089,21454408.02
2026-07-23,credit,0.0,7429.26,7429.26,TXN1O2090,21461837.28
2026-07-23,credit,0.0,21750.53,21750.53,TXN102131,21888027.79
2026-07-23,credit,0.0,1614.26,1614.26,TXN102584,26299029.21
2026-07-23,credit,0.0,13114.87,13114.87,TXN102648,26990232.98
2026-07-23,credit,0.0,9372.88,9372.88,TXN102909,29623171.42
2026-07-23,credit,0.0,20033.14,20033.14,TXN103098,31461103.87
2026-07-23,credit,0.0,16362.21,16362.21,TXN103191,32275335.9
2026-07-23,credit,0.0,3095.61,3095.61,TXN103602,36501770.33
2026-07-23,credit,0.0,10802.42,10802.42,TXN103703,37433047.06
2026-07-23,debit,10560.21,0.0,-10560.21,TXN103950-R,39898289.75
2026-07-23,credit,0.0,19501.68,19501.68,TXN104038,40761324.52
2026-07-23,credit,0.0,8758.06,8758.06,TXN104049,40859229.25
2026-07-23,credit,0.0,3817.49,3817.49,TXN104205,42434848.21
2026-07-23,credit,0.0,1049.44,1049.44,TXN104320,43691208.01
2026-07-23,credit,0.0,888.73,888.73,TXN104422,44754095.95
2026-07-23,credit,0.0,2697.6,2697.6,TXN104442,44965094.28
2026-07-23,credit,0.0,4867.72,4867.72,TXN104489,45472104.49
2026-07-23,credit,0.0,20267.94,20267.94,TXN104700,47523532.52
2026-07-24,credit,0.0,14854.86,14854.86,TXN1O0007,291839.88
2026-07-24,credit,0.0,3762.5,3762.5,TXN100068,954955.3
2026-07-24,credit,0.0,19885.44,19885.44,TXN100214,2413530.1
2026-07-24,credit,0.0,6079.87,6079.87,TXN100474,5171412.95
2026-07-24,credit,0.0,14881.06,14881.06,TXN100527,5736309.59
2026-07-24,credit,0.0,9349.94,9349.94,TXN100820,8631624.34
2026-07-24,credit,0.0,581.47,581.47,TXN101049,11093290.97
2026-07-24,credit,0.0,8106.72,8106.72,TXN101233,12978494.34
2026-07-24,credit,0.0,19642.8,19642.8,TXN101430,14938102.12
2026-07-24,credit,0.0,21828.44,21828.44,TXN101505,15722510.44
2026-07-24,credit,0.0,7432.88,7432.88,TXN101734,17962330.73
2026-07-24,credit,0.0,8945.07,8945.07,TXN102078,21327068.18
2026-07-24,credit,0.0,21895.25,21895.25,TXN102088,21436164.6
2026-07-24,debit,3621.86,0.0,-3621.86,TXN102189-R,22484539.16
2026-07-24,credit,0.0,3979.87,3979.87,TXN102489,25351600.5
2026-07-24,credit,0.0,7948.96,7948.96,TXN102569,26155403.53
2026-07-24,debit,12974.21,0.0,-12974.21,TXN102598-R,26474361.98
2026-07-24,credit,0.0,23159.87,23159.87,TXN103044,30842219.89
2026-07-24,credit,0.0,15857.66,15857.66,TXN103050,30899481.67
2026-07-24,credit,0.0,6023.56,6023.56,TXN103081,31230074.59
2026-07-24,credit,0.0,19304.23,19304.23,TXN103178,32086651.28
2026-07-24,credit,0.0,22255.72,22255.72,TXN103644,36915156.86
2026-07-24,credit,0.0,23617.07,23617.07,TXN104327,43782750.88
2026-07-24,credit,0.0,12034.66,12034.66,TXN104435,44907343.55
2026-07-24,debit,2274.8,0.0,-2274.8,TXN104501-R,45601704.1
2026-07-24,credit,0.0,15203.19,15203.19,TXN104595,46489564.59
2026-07-24,credit,0.0,22756.94,22756.94,TXN104803,48584176.98
2026-07-25,credit,0.0,22740.06,22740.06,TXN100237,2675437.25
2026-07-25,credit,0.0,23261.22,23261.22,TXN100537,5840513.64
2026-07-25,credit,0.0,21224.19,21224.19,TXN100714,7549052.42
2026-07-25,credit,0.0,12169.55,12169.55,TXN100774,8123440.74
2026-07-25,credit,0.0,14628.87,14628.87,TXN100836,8822066.11
2026-07-25,credit,0.0,2165.25,2165.25,TXN1O0882,9340934.23
2026-07-25,credit,0.0,7017.31,7017.31,TXN100981,10385310.45
2026-07-25,credit,0.0,13700.9,13700.9,TXN100992,10490180.07
2026-07-25,credit,0.0,2120.62,2120.62,TXN1O1056,11155675.81
2026-07-25,credit,0.0,3116.38,3116.38,TXN101242,13070037.23
2026-07-25,credit,0.0,11323.78,11323.78,TXN101252,13175409.25
2026-07-25,credit,0.0,20178.48,20178.48,TXN101262,13284020.62
2026-07-25,credit,0.0,13153.58,13153.58,TXN101839,18958195.49
2026-07-25,credit,0.0,24174.38,24174.38,TXN101948,19972695.26
2026-07-25,credit,0.0,12115.63,12115.63,TXN102281,23317122.31
2026-07-25,debit,3979.87,0.0,-3979.87,TXN102489-R,25347620.63
2026-07-25,credit,0.0,21187.85,21187.85,TXN102644,26943597.33
2026-07-25,credit,0.0,14307.18,14307.18,TXN102818,28653900.88
2026-07-25,credit,0.0,21305.86,21305.86,TXN103218,32626784.27
2026-07-25,credit,0.0,21223.14,21223.14,TXN103365,34139841.87
2026-07-25,credit,0.0,12700.92,12700.92,TXN1O3900,39394034.34
2026-07-25,credit,0.0,17164.31,17164.31,TXN103999,40397717.07
2026-07-25,debit,8758.06,0.0,-8758.06,TXN104049-R,40850471.19
2026-07-25,credit,0.0,11073.25,11073.25,TXN104180,42155846.92
2026-07-25,debit,23617.07,0.0,-23617.07,TXN104327-R,43759133.81
2026-07-25,credit,0.0,11038.87,11038.87,TXN104410,44631265.05
2026-07-25,credit,0.0,7717.91,7717.91,TXN1O4418,44705823.12
2026-07-25,credit,0.0,22993.77,22993.77,TXN104471,45304869.03
2026-07-25,credit,0.0,9145.38,9145.38,TXN1O4506,45617631.68
2026-07-25,credit,0.0,4071.32,4071.32,TXN104512,45668275.37
2026-07-25,credit,0.0,7546.72,7546.72,TXN104692,47406243.43
2026-07-25,credit,0.0,3981.02,3981.02,TXN104811,48647706.51
2026-07-25,debit,19444.28,0.0,-19444.28,TXN104843-R,49003755.95
2026-07-25,credit,0.0,8433.16,8433.16,TXN104981,50473586.73
2026-07-26,credit,0.0,2564.33,2564.33,TXN100357,4059127.36
2026-07-26,credit,0.0,13892.82,13892.82,TXN100679,7207103.66
2026-07-26,credit,0.0,23295.85,23295.85,TXN100884,9364230.08
2026-07-26,credit,0.0,316.7,316.7,TXN100895,9535658.36
2026-07-26,credit,0.0,6873.99,6873.99,TXN101211,12715366.91
2026-07-26,credit,0.0,15034.37,15034.37,TXN101402,14645250.46
2026-07-26,credit,0.0,15511.94,15511.94,TXN101528,15940254.51
2026-07-26,credit,0.0,2476.89,2476.89,TXN101725,17849767.77
2026-07-26,credit,0.0,18432.4,18432.4,TXN101748,18104810.76
2026-07-26,credit,0.0,12341.42,12341.42,TXN101821,18823165.54
2026-07-26,credit,0.0,22371.49,22371.49,TXN101859,19109459.6
2026-07-26,credit,0.0,1369.94,1369.94,TXN101988,20371390.46
2026-07-26,credit,0.0,4604.14,4604.14,TXN101998,20460134.55
2026-07-26,credit,0.0,11754.89,11754.89,TXN102021,20746887.06
2026-07-26,credit,0.0,2968.51,2968.51,TXN102174,22333293.26
2026-07-26,credit,0.0,17471.69,17471.69,TXN102274,23254809.26
2026-07-26,credit,0.0,20318.59,20318.59,TXN102292,23459830.04
2026-07-26,credit,0.0,15820.41,15820.41,TXN102337,23853538.8
2026-07-26,credit,0.0,9782.82,9782.82,TXN1O2589,26367837.42
2026-07-26,credit,0.0,1678.52,1678.52,TXN102687,27399268.53
2026-07-26,credit,0.0,8865.51,8865.51,TXN1O2700,27462091.82
2026-07-26,credit,0.0,7123.51,7123.51,TXN102784,28320317.84
2026-07-26,credit,0.0,23623.35,23623.35,TXN102800,28474592.7
2026-07-26,credit,0.0,3941.41,3941.41,TXN102876,29241687.19
2026-07-26,credit,0.0,13987.65,13987.65,TXN1O3150,31868547.95
2026-07-26,credit,0.0,15971.24,15971.24,TXN1O3276,33299313.71
2026-07-26,credit,0.0,12190.75,12190.75,TXN103339,33890019.44
2026-07-26,credit,0.0,7585.06,7585.06,TXN103668,37146804.09
2026-07-26,credit,0.0,15277.16,15277.16,TXN104170,42030896.92
2026-07-26,credit,0.0,9488.67,9488.67,TXN104682,47292059.9
2026-07-26,credit,0.0,23545.22,23545.22,TXN104952,50141214.87
2026-07-27,credit,0.0,8109.58,8109.58,TXN100090,1141868.18
2026-07-27,credit,0.0,8936.56,8936.56,TXN1O0122,1539011.12
2026-07-27,debit,15432.51,0.0,-15432.51,TXN100158-R,1944024.5
2026-07-27,credit,0.0,1213.5,1213.5,TXN100513,5589199.92
2026-07-27,credit,0.0,16312.65,16312.65,TXN100654,6945174.95
2026-07-27,credit,0.0,8850.15,8850.15,TXN100692,7322206.87
2026-07-27,credit,0.0,14255.55,14255.55,TXN100753,7954368.37
2026-07-27,credit,0.0,2883.38,2883.38,TXN100794,8314946.01
2026-07-27,credit,0.0,15548.86,15548.86,TXN1O0844,8930167.74
2026-07-27,credit,0.0,22953.9,22953.9,TXN101095,11558914.65
2026-07-27,credit,0.0,6393.88,6393.88,TXN101134,11975591.08
2026-07-27,credit,0.0,3837.64,3837.64,TXN1O1162,12254734.5
2026-07-27,debit,3116.38,0.0,-3116.38,TXN101242-R,13066920.85
2026-07-27,credit,0.0,20666.49,20666.49,TXN101249,13140692.74
2026-07-27,credit,0.0,21778.93,21778.93,TXN101708,17677596.04
2026-07-27,credit,0.0,17652.9,17652.9,TXN101999,20477787.45
2026-07-27,credit,0.0,24077.38,24077.38,TXN102418,24520488.13
2026-07-27,credit,0.0,23248.53,23248.53,TXN102432,24654943.91
2026-07-27,credit,0.0,3495.81,3495.81,TXN102473,25190551.33
2026-07-27,credit,0.0,8103.38,8103.38,TXN1O2874,29217186.12
2026-07-27,debit,6023.56,0.0,-6023.56,TXN103081-R,31224051.03
2026-07-27,credit,0.0,4919.64,4919.64,TXN103370,34201971.93
2026-07-27,credit,0.0,622.26,622.26,TXN103403,34530017.8
2026-07-27,credit,0.0,17965.0,17965.0,TXN1O3485,35331722.37
2026-07-27,credit,0.0,9246.43,9246.43,TXN104085,41228159.29
2026-07-27,credit,0.0,20802.93,20802.93,TXN104178,42141422.47
2026-07-27,debit,12034.66,0.0,-12034.66,TXN104435-R,44895308.89
2026-07-27,credit,0.0,15568.05,15568.05,TXN104479,45396315.29
2026-07-28,debit,8109.58,0.0,-8109.58,TXN100090-R,1133758.6
2026-07-28,credit,0.0,14375.29,14375.29,TXN100207,2369486.97
2026-07-28,credit,0.0,19305.13,19305.13,TXN1O0477,5237040.37
2026-07-28,credit,0.0,24035.71,24035.71,TXN100511,5567642.43
2026-07-28,debit,16312.65,0.0,-16312.65,TXN100654-R,6928862.3
2026-07-28,credit,0.0,16535.77,16535.77,TXN100690,7303688.59
2026-07-28,credit,0.0,23591.48,23591.48,TXN100805,8449352.41
2026-07-28,credit,0.0,12475.09,12475.09,TXN101120,11840360.32
2026-07-28,credit,0.0,12677.74,12677.74,TXN101367,14352737.49
2026-07-28,credit,0.0,20382.4,20382.4,TXN101720,17819238.33
2026-07-28,debit,1369.94,0.0,-1369.94,TXN101988-R,20370020.52
2026-07-28,credit,0.0,5845.65,5845.65,TXN1O2101,21576140.88
2026-07-28,debit,17471.69,0.0,-17471.69,TXN102274-R,23237337.57
2026-07-28,debit,12115.63,0.0,-12115.63,TXN102281-R,23305006.68
2026-07-28,credit,0.0,16606.68,16606.68,TXN102355,24020655.75
2026-07-28,credit,0.0,3880.5,3880.5,TXN102383,24251328.98
2026-07-28,debit,24077.38,0.0,-24077.38,TXN102418-R,24496410.75
2026-07-28,debit,3495.81,0.0,-3495.81,TXN102473-R,25187055.52
2026-07-28,credit,0.0,23472.2,23472.2,TXN102526,25774395.79
2026-07-28,credit,0.0,1938.6,1938.6,TXN102717,27619597.39
2026-07-28,credit,0.0,22344.6,22344.6,TXN1O2990,30305115.31
2026-07-28,credit,0.0,10499.49,10499.49,TXN1O3255,33022574.91
2026-07-28,credit,0.0,23920.99,23920.99,TXN103696,37379153.02
2026-07-28,credit,0.0,17388.75,17388.75,TXN103751,37978426.41
2026-07-28,credit,0.0,15097.26,15097.26,TXN103935,39783468.51
2026-07-28,credit,0.0,16507.91,16507.91,TXN103965,40095622.03
2026-07-28,credit,0.0,16411.72,16411.72,TXN104159,41919257.66
2026-07-28,credit,0.0,13840.68,13840.68,TXN104415,44684105.53
2026-07-28,debit,15203.19,0.0,-15203.19,TXN104595-R,46474361.4
2026-07-28,credit,0.0,14669.2,14669.2,TXN104755,48060900.42
2026-07-28,credit,0.0,16229.53,16229.53,TXN104936,49940239.92
2026-07-29,credit,0.0,8056.62,8056.62,TXN100984,10401167.67
2026-07-29,credit,0.0,17829.33,17829.33,TXN101293,13631448.19
2026-07-29,credit,0.0,14324.4,14324.4,TXN101815,18768952.65
2026-07-29,credit,0.0,12760.23,12760.23,TXN101868,19185101.72
2026-07-29,credit,0.0,6754.76,6754.76,TXN102224,22829913.12
2026-07-29,credit,0.0,3487.24,3487.24,TXN102312,23620152.89
2026-07-29,credit,0.0,7993.14,7993.14,TXN102772,28193210.73
2026-07-29,credit,0.0,4361.89,4361.89,TXN102852,28988065.27
2026-07-29,credit,0.0,14030.16,14030.16,TXN103320,33774524.85
2026-07-29,debit,16507.91,0.0,-16507.91,TXN103965-R,40079114.12
2026-07-29,credit,0.0,21594.66,21594.66,TXN104510,45664204.05
2026-07-29,debit,4071.32,0.0,-4071.32,TXN104512-R,45664204.05
2026-07-29,credit,0.0,11164.15,11164.15,TXN104645,46907976.99
2026-07-30,credit,0.0,10998.09,10998.09,TXN100439,4815030.97
2026-07-30,credit,0.0,22628.17,22628.17,TXN100475,5194041.12
2026-07-30,credit,0.0,17492.98,17492.98,TXN100491,5392077.59
2026-07-30,credit,0.0,1347.79,1347.79,TXN100505,5505505.17
2026-07-30,credit,0.0,18730.0,18730.0,TXN100727,7685405.96
2026-07-30,credit,0.0,21743.27,21743.27,TXN101158,12210595.71
2026-07-30,credit,0.0,21341.22,21341.22,TXN1O1227,12900452.41
2026-07-30,credit,0.0,23496.1,23496.1,TXN101485,15520130.84
2026-07-30,credit,0.0,3623.28,3623.28,TXN101752,18154633.0
2026-07-30,debit,22371.49,0.0,-22371.49,TXN101859-R,19087088.11
2026-07-30,credit,0.0,14187.4,14187.4,TXN101874,19252215.11
2026-07-30,credit,0.0,14751.78,14751.78,TXN101996,20455530.41
2026-07-30,credit,0.0,17982.22,17982.22,TXN102014,20673255.55
2026-07-30,credit,0.0,6727.53,6727.53,TXN102322,23704429.18
2026-07-30,credit,0.0,20053.95,20053.95,TXN1O2404,24416907.36
2026-07-30,credit,0.0,19369.47,19369.47,TXN102637,26862051.37
2026-07-30,credit,0.0,20564.54,20564.54,TXN1O2719,27657728.88
2026-07-30,credit,0.0,10065.36,10065.36,TXN102998,30356855.46
2026-07-30,credit,0.0,7049.55,7049.55,TXN103034,30739072.5
2026-07-30,credit,0.0,10255.32,10255.32,TXN103145,31807050.66
2026-07-30,credit,0.0,2649.46,2649.46,TXN1O3335,33862602.56
2026-07-30,credit,0.0,1956.09,1956.09,TXN103768,38147758.47
2026-07-30,credit,0.0,16810.39,16810.39,TXN1O3877,39221238.65
2026-07-30,credit,0.0,3616.83,3616.83,TXN104076,41157850.34
2026-07-30,credit,0.0,691.5,691.5,TXN104130,41648544.13
2026-07-30,credit,0.0,3922.48,3922.48,TXN104518,45706614.36
2026-07-30,credit,0.0,12673.92,12673.92,TXN104741,47908408.66
2026-07-30,credit,0.0,8625.76,8625.76,TXN104744,47931545.84
2026-07-30,credit,0.0,24028.18,24028.18,TXN104799,48557771.51
2026-07-30,credit,0.0,23905.01,23905.01,TXN104879,49335521.49
2026-07-31,credit,0.0,23687.16,23687.16,TXN100051,802801.37
2026-07-31,credit,0.0,20245.18,20245.18,TXN100063,918465.81
2026-07-31,credit,0.0,19905.26,19905.26,TXN100145,1787639.02
2026-07-31,credit,0.0,15398.47,15398.47,TXN100150,1856083.76
2026-07-31,credit,0.0,11416.72,11416.72,TXN100160,1966755.29
2026-07-31,debit,14375.29,0.0,-14375.29,TXN100207-R,2355111.68
2026-07-31,credit,0.0,1958.19,1958.19,TXN1O0386,4331973.55
2026-07-31,credit,0.0,20040.02,20040.02,TXN100608,6454908.95
2026-07-31,credit,0.0,14500.02,14500.02,TXN101123,11886958.23
2026-07-31,credit,0.0,13846.31,13846.31,TXN101518,15844973.26
2026-07-31,credit,0.0,11277.19,11277.19,TXN101739,18017974.48
2026-07-31,credit,0.0,19520.37,19520.37,TXN101773,18387646.6
2026-07-31,credit,0.0,7743.77,7743.77,TXN101894,19449360.34
2026-07-31,credit,0.0,12588.62,12588.62,TXN101985,20357603.07
2026-07-31,credit,0.0,23025.42,23025.42,TXN102162,22214707.42
2026-07-31,credit,0.0,14187.71,14187.71,TXN102192,22529612.73
2026-07-31,credit,0.0,3113.19,3113.19,TXN102396,24356281.73
2026-07-31,credit,0.0,8524.57,8524.57,TXN102427,24594830.67
2026-07-31,credit,0.0,5929.64,5929.64,TXN102666,27203312.65
2026-07-31,debit,7993.14,0.0,-7993.14,TXN102772-R,28185217.59
2026-07-31,credit,0.0,24675.73,24675.73,TXN1O2846,28909874.27
2026-07-31,credit,0.0,4736.93,4736.93,TXN102901,29517113.78
2026-07-31,credit,0.0,17749.58,17749.58,TXN1O3020,30582617.45
2026-07-31,credit,0.0,24744.22,24744.22,TXN103046,30882241.88
2026-07-31,credit,0.0,13527.01,13527.01,TXN1O3223,32695513.9
2026-07-31,credit,0.0,12417.58,12417.58,TXN103512,35637910.17
2026-07-31,debit,23920.99,0.0,-23920.99,TXN103696-R,37355232.03
2026-07-31,credit,0.0,9068.29,9068.29,TXN1O3791,38327264.53
2026-07-31,credit,0.0,18379.19,18379.19,TXN103811,38521006.4
2026-07-31,credit,0.0,3664.86,3664.86,TXN103851,38954717.09
2026-07-31,credit,0.0,23267.86,23267.86,TXN103940,39849945.39
2026-07-31,credit,0.0,11536.07,11536.07,TXN104148,41807673.03
2026-07-31,credit,0.0,3646.76,3646.76,TXN104303,43512978.95
2026-07-31,credit,0.0,6239.84,6239.84,TXN104546,46019570.09
2026-07-31,credit,0.0,4612.16,4612.16,TXN104620,46662504.08
2026-07-31,credit,0.0,6528.26,6528.26,TXN104680,47282571.23
2026-08-01,credit,0.0,3117.95,3117.95,TXN100231,2619701.1
2026-08-01,credit,0.0,16368.31,16368.31,TXN100642,6785430.64
2026-08-01,credit,0.0,14334.95,14334.95,TXN100810,8503569.51
2026-08-01,credit,0.0,2172.58,2172.58,TXN100903,9578182.71
2026-08-01,credit,0.0,19584.15,19584.15,TXN101212,12734951.06
2026-08-01,credit,0.0,7700.38,7700.38,TXN101536,16007880.51
2026-08-01,credit,0.0,11070.62,11070.62,TXN1O1932,19755255.89
2026-08-01,credit,0.0,10969.14,10969.14,TXN102575,26224988.16
2026-08-01,credit,0.0,1152.34,1152.34,TXN1O2797,28416977.6
2026-08-01,credit,0.0,12284.3,12284.3,TXN102825,28700652.17
2026-08-01,credit,0.0,4116.48,4116.48,TXN103099,31465220.35
2026-08-01,credit,0.0,14783.05,14783.05,TXN1O3173,32067347.05
2026-08-01,credit,0.0,15673.41,15673.41,TXN103589,36395388.96
2026-08-01,credit,0.0,15575.96,15575.96,TXN104009,40477618.91
2026-08-01,credit,0.0,3175.24,3175.24,TXN104034,40727077.7
2026-08-01,credit,0.0,22999.01,22999.01,TXN104070,41080701.67
2026-08-01,credit,0.0,21729.16,21729.16,TXN104285,43312263.41
2026-08-01,credit,0.0,23009.84,23009.84,TXN104401,44507726.83
2026-08-01,debit,13840.68,0.0,-13840.68,TXN104415-R,44670264.85
2026-08-01,credit,0.0,15313.1,15313.1,TXN104524,45761395.88
2026-08-01,debit,24028.18,0.0,-24028.18,TXN104799-R,48533743.33
2026-08-01,credit,0.0,1300.95,1300.95,TXN104854,49117250.01
2026-08-01,credit,0.0,1934.09,1934.09,TXN104855,49119184.1
2026-08-02,credit,0.0,11782.38,11782.38,TXN1O0204,2341136.57
2026-08-02,credit,0.0,24194.39,24194.39,TXN100333,3793792.69
2026-08-02,credit,0.0,11536.29,11536.29,TXN100577,6185330.62
2026-08-02,credit,0.0,16584.32,16584.32,TXN100744,7876018.43
2026-08-02,credit,0.0,17347.23,17347.23,TXN101061,11188873.44
2026-08-02,credit,0.0,20115.94,20115.94,TXN101215,12755067.0
2026-08-02,credit,0.0,23497.63,23497.63,TXN101371,14380002.28
2026-08-02,credit,0.0,4513.0,4513.0,TXN1O1398,14593334.75
2026-08-02,credit,0.0,19405.98,19405.98,TXN101413,14759105.5
2026-08-02,credit,0.0,4603.11,4603.11,TXN101426,14892988.23
2026-08-02,credit,0.0,6436.94,6436.94,TXN101427,14899425.17
2026-08-02,credit,0.0,15689.14,15689.14,TXN101663,17187297.48
2026-08-02,debit,3623.28,0.0,-3623.28,TXN101752-R,18151009.72
2026-08-02,credit,0.0,4055.28,4055.28,TXN101774,18391701.88
2026-08-02,debit,7743.77,0.0,-7743.77,TXN101894-R,19441616.57
2026-08-02,credit,0.0,9485.99,9485.99,TXN102058,21149236.61
2026-08-02,credit,0.0,7050.58,7050.58,TXN102528,25805756.79
2026-08-02,credit,0.0,1967.58,1967.58,TXN102751,27985275.7
2026-08-02,credit,0.0,2076.91,2076.91,TXN102785,28322394.75
2026-08-02,debit,12284.3,0.0,-12284.3,TXN102825-R,28688367.87
2026-08-02,credit,0.0,1399.74,1399.74,TXN103166,32008344.62
2026-08-02,credit,0.0,5878.01,5878.01,TXN103356,34088346.55
2026-08-02,credit,0.0,1587.87,1587.87,TXN103540,35879584.12
2026-08-02,credit,0.0,14943.92,14943.92,TXN103626,36760342.94
2026-08-02,credit,0.0,21050.98,21050.98,TXN1O3698,37386415.82
2026-08-02,credit,0.0,1160.22,1160.22,TXN103891,39331396.73
2026-08-02,credit,0.0,20745.52,20745.52,TXN103988,40305834.17
2026-08-02,debit,3616.83,0.0,-3616.83,TXN104076-R,41154233.51
2026-08-02,credit,0.0,20614.3,20614.3,TXN104199,42388119.68
2026-08-02,credit,0.0,15051.51,15051.51,TXN104340,43861191.93
2026-08-02,debit,8625.76,0.0,-8625.76,TXN104744-R,47922920.08
2026-08-03,credit,0.0,20455.77,20455.77,TXN100049,759898.1
2026-08-03,debit,11416.72,0.0,-11416.72,TXN100160-R,1955338.57
2026-08-03,credit,0.0,5605.32,5605.32,TXN100173,2034513.01
2026-08-03,credit,0.0,5539.36,5539.36,TXN1O0209,2372910.22
2026-08-03,credit,0.0,21847.86,21847.86,TXN100301,3477065.89
2026-08-03,credit,0.0,19059.48,19059.48,TXN1O1113,11729414.14
2026-08-03,credit,0.0,6024.22,6024.22,TXN101372,14386026.5
2026-08-03,credit,0.0,5032.93,5032.93,TXN101594,16567393.22
2026-08-03,credit,0.0,12931.94,12931.94,TXN102173,22330324.75
2026-08-03,credit,0.0,13845.13,13845.13,TXN102235,22955547.87
2026-08-03,debit,6727.53,0.0,-6727.53,TXN102322-R,23697701.65
2026-08-03,credit,0.0,6028.07,6028.07,TXN102393,24335906.85
2026-08-03,credit,0.0,4795.01,4795.01,TXN102817,28639593.7
2026-08-03,credit,0.0,9943.74,9943.74,TXN102844,28885198.54
2026-08-03,credit,0.0,10786.62,10786.62,TXN103307,33618468.57
2026-08-03,credit,0.0,7420.02,7420.02,TXN1O3423,34734745.9
2026-08-03,credit,0.0,15704.5,15704.5,TXN103460,35063028.83
2026-08-03,credit,0.0,20402.56,20402.56,TXN103682,37269929.93
2026-08-03,credit,0.0,1344.44,1344.44,TXN103719,37560101.17
2026-08-03,credit,0.0,16449.29,16449.29,TXN103897,39386835.56
2026-08-03,credit,0.0,14148.57,14148.57,TXN1O4225,42620955.47
2026-08-03,credit,0.0,3376.71,3376.71,TXN104782,48375098.28
2026-08-03,credit,0.0,5207.96,5207.96,TXN104842,49003755.95
2026-08-03,credit,0.0,10745.46,10745.46,TXN104863,49191014.26
2026-08-03,credit,0.0,21486.86,21486.86,TXN104941,50034831.24
2026-08-04,debit,15398.47,0.0,-15398.47,TXN100150-R,1840685.29
2026-08-04,credit,0.0,2906.81,2906.81,TXN100200,2287694.4
2026-08-04,credit,0.0,2833.91,2833.91,TXN100228,2580779.14
2026-08-04,credit,0.0,2079.56,2079.56,TXN100232,2621780.66
2026-08-04,credit,0.0,23750.95,23750.95,TXN100262,2973040.93
2026-08-04,credit,0.0,5244.41,5244.41,TXN100544,5878523.6
2026-08-04,debit,16368.31,0.0,-16368.31,TXN100642-R,6769062.33
2026-08-04,credit,0.0,22403.47,22403.47,TXN101073,11302000.55
2026-08-04,credit,0.0,14972.88,14972.88,TXN101122,11872458.21
2026-08-04,credit,0.0,9173.5,9173.5,TXN101178,12422929.37
2026-08-04,debit,20115.94,0.0,-20115.94,TXN101215-R,12734951.06
2026-08-04,debit,7700.38,0.0,-7700.38,TXN101536-R,16000180.13
2026-08-04,credit,0.0,12004.02,12004.02,TXN101702,17596694.21
2026-08-04,credit,0.0,2907.95,2907.95,TXN101924,19697889.82
2026-08-04,credit,0.0,1343.15,1343.15,TXN1O2099,21562672.77
2026-08-04,credit,0.0,18005.94,18005.94,TXN102471,25183190.17
2026-08-04,credit,0.0,343.22,343.22,TXN102483,25284227.27
2026-08-04,credit,0.0,5468.17,5468.17,TXN102636,26842681.9
2026-08-04,credit,0.0,11391.71,11391.71,TXN102698,27453226.31
2026-08-04,credit,0.0,7902.93,7902.93,TXN102790,28354685.88
2026-08-04,credit,0.0,338.99,338.99,TXN102813,28601080.24
2026-08-04,credit,0.0,13888.05,13888.05,TXN1O3007,30444057.01
2026-08-04,credit,0.0,23927.51,23927.51,TXN103355,34082468.54
2026-08-04,credit,0.0,18449.93,18449.93,TXN103401,34512709.35
2026-08-04,debit,1587.87,0.0,-1587.87,TXN103540-R,35877996.25
2026-08-04,credit,0.0,20862.86,20862.86,TXN103665,37114008.86
2026-08-04,credit,0.0,11668.19,11668.19,TXN103908,39486687.29
2026-08-04,credit,0.0,18886.81,18886.81,TXN103997,40382462.94
2026-08-04,debit,20614.3,0.0,-20614.3,TXN104199-R,42367505.38
2026-08-04,credit,0.0,4852.96,4852.96,TXN104329,43770368.46
2026-08-04,credit,0.0,23122.25,23122.25,TXN104447,45048827.63
2026-08-04,credit,0.0,7256.54,7256.54,TXN104470,45281875.26
2026-08-04,credit,0.0,11873.35,11873.35,TXN104607,46549899.32
2026-08-04,credit,0.0,3187.96,3187.96,TXN104655,47024140.55
2026-08-04,credit,0.0,23943.59,23943.59,TXN104674,47229397.55
2026-08-04,credit,0.0,2886.44,2886.44,TXN104914,49673109.39
2026-08-05,credit,0.0,24131.16,24131.16,TXN100293,3360021.55
2026-08-05,credit,0.0,3168.18,3168.18,TXN100346,3909136.34
2026-08-05,credit,0.0,926.82,926.82,TXN100551,5937113.09
2026-08-05,credit,0.0,15058.71,15058.71,TXN1O0590,6252327.28
2026-08-05,credit,0.0,10197.51,10197.51,TXN100857,9041464.46
2026-08-05,credit,0.0,13878.24,13878.24,TXN100862,9113715.5
2026-08-05,credit,0.0,13690.48,13690.48,TXN101026,10821215.98
2026-08-05,credit,0.0,5551.26,5551.26,TXN101552,16120931.68
2026-08-05,credit,0.0,6029.86,6029.86,TXN101738,18006697.29
2026-08-05,credit,0.0,19128.16,19128.16,TXN102157,22183461.0
2026-08-05,credit,0.0,19880.47,19880.47,TXN102181,22406438.0
2026-08-05,credit,0.0,24192.22,24192.22,TXN102552,26004837.67
2026-08-05,credit,0.0,22641.34,22641.34,TXN102553,26027479.01
2026-08-05,credit,0.0,9228.35,9228.35,TXN102567,26149661.27
2026-08-05,credit,0.0,11718.58,11718.58,TXN102641,26899900.26
2026-08-05,credit,0.0,20266.17,20266.17,TXN102973,30168441.84
2026-08-05,credit,0.0,12616.68,12616.68,TXN103327,33835569.98
2026-08-05,credit,0.0,6394.49,6394.49,TXN103745,37875771.02
2026-08-05,credit,0.0,18793.36,18793.36,TXN1O4153,41854766.39
2026-08-05,credit,0.0,13787.83,13787.83,TXN104997,50679113.5
2026-08-06,credit,0.0,15039.45,15039.45,TXN100498,5452004.92
2026-08-06,credit,0.0,21732.93,21732.93,TXN100573,6138475.53
2026-08-06,credit,0.0,872.45,872.45,TXN100587,6216658.46
2026-08-06,credit,0.0,11810.3,11810.3,TXN1O0726,7666675.96
2026-08-06,credit,0.0,13900.87,13900.87,TXN100733,7739484.58
2026-08-06,credit,0.0,16060.63,16060.63,TXN100924,9789282.46
2026-08-06,credit,0.0,11312.52,11312.52,TXN100948,9954287.04
2026-08-06,credit,0.0,21526.19,21526.19,TXN100949,9975813.23
2026-08-06,credit,0.0,3773.89,3773.89,TXN101046,11071918.61
2026-08-06,credit,0.0,22785.81,22785.81,TXN101197,12621891.05
2026-08-06,credit,0.0,18506.67,18506.67,TXN101468,15317733.58
2026-08-06,credit,0.0,24450.71,24450.71,TXN101553,16145382.39
2026-08-06,credit,0.0,2497.26,2497.26,TXN101572,16356975.74
2026-08-06,credit,0.0,13724.48,13724.48,TXN101737,18000667.43
2026-08-06,debit,19128.16,0.0,-19128.16,TXN102157-R,22164332.84
2026-08-06,credit,0.0,7179.4,7179.4,TXN102170,22286552.27
2026-08-06,credit,0.0,6001.3,6001.3,TXN102175,22339294.56
2026-08-06,credit,0.0,13116.64,13116.64,TXN102639,26875168.01
2026-08-06,credit,0.0,16001.56,16001.56,TXN103240,32896950.7
2026-08-06,credit,0.0,23202.66,23202.66,TXN103420,34709229.17
2026-08-06,debit,20402.56,0.0,-20402.56,TXN103682-R,37249527.37
2026-08-06,credit,0.0,21029.99,21029.99,TXN104245,42862573.41
2026-08-06,credit,0.0,16095.03,16095.03,TXN104249,42915991.43
2026-08-06,credit,0.0,5135.35,5135.35,TXN104373,44175825.69
2026-08-06,credit,0.0,1877.78,1877.78,TXN104570,46242194.04
2026-08-06,credit,0.0,24725.05,24725.05,TXN104967,50315949.63
2026-08-07,credit,0.0,22465.85,22465.85,TXN100082,1091230.7
2026-08-07,credit,0.0,13364.79,13364.79,TXN100254,2849428.98
2026-08-07,credit,0.0,4026.27,4026.27,TXN100448,4917436.7
2026-08-07,credit,0.0,13328.26,13328.26,TXN100478,5250368.63
2026-08-07,credit,0.0,15751.66,15751.66,TXN100567,6096858.99
2026-08-07,credit,0.0,1294.3,1294.3,TXN100601,6356718.83
2026-08-07,credit,0.0,18862.67,18862.67,TXN100931,9831223.14
2026-08-07,credit,0.0,2921.55,2921.55,TXN1O1327,13918334.39
2026-08-07,credit,0.0,18883.86,18883.86,TXN101408,14685888.37
2026-08-07,credit,0.0,7568.02,7568.02,TXN101454,15192159.71
2026-08-07,credit,0.0,8878.04,8878.04,TXN1O1479,15456585.25
2026-08-07,credit,0.0,23609.1,23609.1,TXN101675,17391262.75
2026-08-07,credit,0.0,7114.19,7114.19,TXN101680,17414512.79
2026-08-07,credit,0.0,3095.34,3095.34,TXN1O1721,17822333.67
2026-08-07,credit,0.0,17101.6,17101.6,TXN102037,20917313.91
2026-08-07,credit,0.0,13309.06,13309.06,TXN102039,20939941.3
2026-08-07,credit,0.0,19123.58,19123.58,TXN102146,22041860.75
2026-08-07,credit,0.0,20342.99,20342.99,TXN102209,22680012.85
2026-08-07,credit,0.0,701.84,701.84,TXN102365,24117444.17
2026-08-07,credit,0.0,1089.66,1089.66,TXN102412,24487460.55
2026-08-07,debit,22641.34,0.0,-22641.34,TXN102553-R,26004837.67
2026-08-07,credit,0.0,12207.03,12207.03,TXN102556,26025228.42
2026-08-07,debit,9228.35,0.0,-9228.35,TXN102567-R,26140432.92
2026-08-07,credit,0.0,7384.45,7384.45,TXN102966,30088199.47
2026-08-07,credit,0.0,18232.07,18232.07,TXN103009,30462289.08
2026-08-07,credit,0.0,19834.86,19834.86,TXN103052,30921249.48
2026-08-07,credit,0.0,17361.88,17361.88,TXN103061,31009596.57
2026-08-07,credit,0.0,2794.77,2794.77,TXN1O3171,32051678.97
2026-08-07,credit,0.0,13052.63,13052.63,TXN103177,32080399.68
2026-08-07,credit,0.0,20530.57,20530.57,TXN103239,32880949.14
2026-08-07,credit,0.0,19072.18,19072.18,TXN103789,38308769.08
2026-08-07,credit,0.0,22518.36,22518.36,TXN103805,38455383.1
2026-08-07,debit,16449.29,0.0,-16449.29,TXN103897-R,39370386.27
2026-08-07,credit,0.0,24383.71,24383.71,TXN103969,40133722.93
2026-08-07,credit,0.0,16142.07,16142.07,TXN1O3980,40225552.9
2026-08-07,debit,18886.81,0.0,-18886.81,TXN103997-R,40363576.13
2026-08-07,credit,0.0,7901.86,7901.86,TXN104011,40501341.51
2026-08-07,debit,3187.96,0.0,-3187.96,TXN104655-R,47020952.59
2026-08-07,credit,0.0,4776.46,4776.46,TXN104688,47363310.71
2026-08-07,credit,0.0,5282.32,5282.32,TXN104947,50092890.66
2026-08-08,credit,0.0,7780.54,7780.54,TXN100137,1679605.41
2026-08-08,credit,0.0,5554.65,5554.65,TXN100393,4381134.75
2026-08-08,credit,0.0,13707.8,13707.8,TXN100504,5504157.38
2026-08-08,credit,0.0,11593.6,11593.6,TXN100588,6228252.06
2026-08-08,credit,0.0,11154.16,11154.16,TXN100596,6309398.76
2026-08-08,credit,0.0,11563.44,11563.44,TXN100742,7843061.02
2026-08-08,debit,3773.89,0.0,-3773.89,TXN101046-R,11068144.72
2026-08-08,credit,0.0,4384.44,4384.44,TXN101181,12433602.59
2026-08-08,credit,0.0,3553.0,3553.0,TXN101253,13178962.25
2026-08-08,credit,0.0,8636.57,8636.57,TXN101612,16758705.49
2026-08-08,credit,0.0,14384.81,14384.81,TXN102147,22056245.56
2026-08-08,credit,0.0,20900.49,20900.49,TXN102151,22119963.51
2026-08-08,credit,0.0,9055.49,9055.49,TXN102455,24968388.89
2026-08-08,credit,0.0,9810.7,9810.7,TXN102515,25634385.34
2026-08-08,credit,0.0,1402.49,1402.49,TXN102712,27597700.61
2026-08-08,credit,0.0,15045.0,15045.0,TXN102778,28254142.3
2026-08-08,credit,0.0,2144.4,2144.4,TXN103625,36745399.02
2026-08-08,credit,0.0,18136.19,18136.19,TXN103724,37616008.04
2026-08-08,credit,0.0,2904.75,2904.75,TXN103863,39069144.07
2026-08-08,credit,0.0,9588.87,9588.87,TXN103896,39370386.27
2026-08-08,credit,0.0,12237.01,12237.01,TXN104042,40807583.18
2026-08-08,credit,0.0,9188.5,9188.5,TXN104124,41584388.2
2026-08-08,debit,16095.03,0.0,-16095.03,TXN104249-R,42899896.4
2026-08-08,credit,0.0,17180.39,17180.39,TXN104254,42966493.62
2026-08-08,credit,0.0,17376.34,17376.34,TXN104277,43183413.21
2026-08-08,credit,0.0,22981.98,22981.98,TXN104647,46935316.59
2026-08-08,credit,0.0,15506.25,15506.25,TXN1O4793,48477535.3
2026-08-09,credit,0.0,12489.84,12489.84,TXN100033,550504.97
2026-08-09,credit,0.0,363.44,363.44,TXN1O0952,9999728.81
2026-08-09,credit,0.0,18053.53,18053.53,TXN101192,12543137.02
2026-08-09,credit,0.0,2153.69,2153.69,TXN101201,12642555.52
2026-08-09,credit,0.0,7222.59,7222.59,TXN101476,15432492.76
2026-08-09,credit,0.0,15418.19,15418.19,TXN101729,17900866.39
2026-08-09,credit,0.0,10283.68,10283.68,TXN101845,19009696.46
2026-08-09,debit,7179.4,0.0,-7179.4,TXN102170-R,22279372.87
2026-08-09,debit,20342.99,0.0,-20342.99,TXN102209-R,22659669.86
2026-08-09,credit,0.0,20130.95,20130.95,TXN102328,23749193.32
2026-08-09,credit,0.0,6497.66,6497.66,TXN102595,26461321.51
2026-08-09,credit,0.0,5717.7,5717.7,TXN102911,29632125.57
2026-08-09,credit,0.0,14937.29,14937.29,TXN102943,29897561.63
2026-08-09,credit,0.0,4915.45,4915.45,TXN103017,30526799.76
2026-08-09,credit,0.0,19651.64,19651.64,TXN103612,36598613.74
2026-08-09,credit,0.0,20725.45,20725.45,TXN103653,37020016.12
2026-08-09,credit,0.0,11921.51,11921.51,TXN104047,40850471.19
2026-08-09,credit,0.0,5113.49,5113.49,TXN1O4183,42195247.53
2026-08-09,credit,0.0,9459.35,9459.35,TXN104348,43960002.95
2026-08-09,credit,0.0,1679.72,1679.72,TXN104569,46241995.98
2026-08-09,credit,0.0,3891.44,3891.44,TXN104724,47730053.77
2026-08-09,credit,0.0,7724.05,7724.05,TXN104886,49419305.47
2026-08-10,debit,12489.84,0.0,-12489.84,TXN100033-R,538015.13
2026-08-10,credit,0.0,14664.28,14664.28,TXN100370,4169427.5
2026-08-10,debit,5554.65,0.0,-5554.65,TXN100393-R,4375580.1
2026-08-10,credit,0.0,14503.67,14503.67,TXN100499,5466508.59
2026-08-10,credit,0.0,20087.07,20087.07,TXN100532,5823660.35
2026-08-10,credit,0.0,24641.56,24641.56,TXN100875,9262220.7
2026-08-10,debit,22785.81,0.0,-22785.81,TXN101197-R,12599105.24
2026-08-10,credit,0.0,3248.04,3248.04,TXN101290,13578374.32
2026-08-10,credit,0.0,3818.64,3818.64,TXN101340,14030693.18
2026-08-10,credit,0.0,3767.16,3767.16,TXN101369,14356504.65
2026-08-10,credit,0.0,1238.09,1238.09,TXN101392,14533437.41
2026-08-10,credit,0.0,9841.41,9841.41,TXN102083,21371921.23
2026-08-10,credit,0.0,14652.42,14652.42,TXN102139,21955509.93
2026-08-10,credit,0.0,11494.75,11494.75,TXN102221,22804670.4
2026-08-10,credit,0.0,5132.08,5132.08,TXN102350,23972100.08
2026-08-10,credit,0.0,2900.59,2900.59,TXN102736,27860171.16
2026-08-10,credit,0.0,10504.23,10504.23,TXN102840,28834258.53
2026-08-10,credit,0.0,15971.38,15971.38,TXN102902,29533085.16
2026-08-10,credit,0.0,17916.6,17916.6,TXN102961,30059752.59
2026-08-10,debit,13052.63,0.0,-13052.63,TXN103177-R,32067347.05
2026-08-10,credit,0.0,24512.58,24512.58,TXN103922,39627612.33
2026-08-10,credit,0.0,13617.19,13617.19,TXN1O3927,39690410.9
2026-08-10,credit,0.0,9300.03,9300.03,TXN104090,41278404.41
2026-08-10,credit,0.0,21384.58,21384.58,TXN1O4467,45239212.96
2026-08-10,credit,0.0,24749.71,24749.71,TXN104725,47750912.04
2026-08-10,credit,0.0,19074.52,19074.52,TXN104993,50641678.0
2026-08-11,credit,0.0,21323.8,21323.8,TXN100482,5307337.75
2026-08-11,credit,0.0,6888.0,6888.0,TXN100523,5697334.74
2026-08-11,debit,20087.07,0.0,-20087.07,TXN100532-R,5803573.28
2026-08-11,credit,0.0,9625.93,9625.93,TXN100541,5873279.19
2026-08-11,credit,0.0,14082.44,14082.44,TXN100819,8636356.84
2026-08-11,debit,24641.56,0.0,-24641.56,TXN100875-R,9237579.14
2026-08-11,credit,0.0,17095.57,17095.57,TXN100904,9595278.28
2026-08-11,credit,0.0,24540.92,24540.92,TXN100960,10123416.25
2026-08-11,credit,0.0,6514.18,6514.18,TXN101380,14447434.98
2026-08-11,credit,0.0,23402.83,23402.83,TXN101394,14556840.24
2026-08-11,credit,0.0,7364.36,7364.36,TXN101442,15036317.99
2026-08-11,credit,0.0,11663.74,11663.74,TXN101481,15479841.73
2026-08-11,debit,701.84,0.0,-701.84,TXN102365-R,24116742.33
2026-08-11,credit,0.0,14785.07,14785.07,TXN102602,26514867.75
2026-08-11,debit,18232.07,0.0,-18232.07,TXN103009-R,30444057.01
2026-08-11,credit,0.0,18286.92,18286.92,TXN103406,34582885.18
2026-08-11,credit,0.0,11667.45,11667.45,TXN103451,35005525.17
2026-08-11,credit,0.0,7666.21,7666.21,TXN103516,35691956.3
2026-08-11,debit,19651.64,0.0,-19651.64,TXN103612-R,36578962.1
2026-08-11,credit,0.0,21471.77,21471.77,TXN103684,37270999.14
2026-08-11,credit,0.0,20487.43,20487.43,TXN103893,39356523.57
2026-08-11,credit,0.0,24534.51,24534.51,TXN104056,40938603.54
2026-08-11,credit,0.0,4147.23,4147.23,TXN104133,41679836.19
2026-08-11,credit,0.0,24142.91,24142.91,TXN104137,41732874.6
2026-08-11,credit,0.0,14302.43,14302.43,TXN104270,43137389.52
2026-08-11,debit,9459.35,0.0,-9459.35,TXN104348-R,43950543.6
2026-08-11,credit,0.0,23600.45,23600.45,TXN1O4525,45784996.33
2026-08-11,debit,1679.72,0.0,-1679.72,TXN104569-R,46240316.26
2026-08-12,credit,0.0,22615.1,22615.1,TXN100133,1644262.21
2026-08-12,credit,0.0,12269.55,12269.55,TXN100161,1967608.12
2026-08-12,credit,0.0,11983.7,11983.7,TXN100826,8701888.76
2026-08-12,credit,0.0,13075.4,13075.4,TXN1O0943,9911743.75
2026-08-12,credit,0.0,14729.73,14729.73,TXN101176,12389365.46
2026-08-12,credit,0.0,6803.98,6803.98,TXN101190,12525083.49
2026-08-12,credit,0.0,23849.34,23849.34,TXN101195,12591510.07
2026-08-12,debit,2153.69,0.0,-2153.69,TXN101201-R,12640401.83
2026-08-12,credit,0.0,1937.14,1937.14,TXN101298,13683240.28
2026-08-12,debit,11663.74,0.0,-11663.74,TXN101481-R,15468177.99
2026-08-12,credit,0.0,16750.39,16750.39,TXN101561,16224564.53
2026-08-12,credit,0.0,7693.79,7693.79,TXN101777,18444592.93
2026-08-12,credit,0.0,8633.94,8633.94,TXN101905,19554646.0
2026-08-12,debit,11494.75,0.0,-11494.75,TXN102221-R,22793175.65
2026-08-12,credit,0.0,16311.9,16311.9,TXN102245,23053551.41
2026-08-12,credit,0.0,24800.52,24800.52,TXN102448,24853864.04
2026-08-12,credit,0.0,4004.89,4004.89,TXN102478,25243932.89
2026-08-12,credit,0.0,18303.8,18303.8,TXN102560,26066891.24
2026-08-12,credit,0.0,19914.54,19914.54,TXN102579,26292125.54
2026-08-12,debit,14785.07,0.0,-14785.07,TXN102602-R,26500082.68
2026-08-12,debit,17916.6,0.0,-17916.6,TXN102961-R,30041835.99
2026-08-12,credit,0.0,17635.34,17635.34,TXN1O3417,34667816.5
2026-08-12,credit,0.0,8142.92,8142.92,TXN1O3677,37198616.25
2026-08-12,debit,21471.77,0.0,-21471.77,TXN103684-R,37249527.37
2026-08-12,debit,18136.19,0.0,-18136.19,TXN103724-R,37597871.85
2026-08-12,credit,0.0,18779.27,18779.27,TXN103754,38019798.98
2026-08-12,credit,0.0,14806.73,14806.73,TXN103780,38254750.76
2026-08-12,credit,0.0,24889.7,24889.7,TXN1O3984,40262159.24
2026-08-12,credit,0.0,7424.23,7424.23,TXN104001,40406324.19
2026-08-12,debit,4147.23,0.0,-4147.23,TXN104133-R,41675688.96
2026-08-12,credit,0.0,22635.71,22635.71,TXN104457,45147375.41
2026-08-12,credit,0.0,8828.82,8828.82,TXN104835,48908034.54
2026-08-12,credit,0.0,9280.87,9280.87,TXN104859,49152447.69
2026-08-13,credit,0.0,13211.88,13211.88,TXN100452,4981520.08
2026-08-13,debit,14503.67,0.0,-14503.67,TXN100499-R,5452004.92
2026-08-13,credit,0.0,24373.97,24373.97,TXN100502,5476710.76
2026-08-13,credit,0.0,13738.82,13738.82,TXN1O0503,5490449.58
2026-08-13,credit,0.0,10237.71,10237.71,TXN100555,5974610.84
2026-08-13,debit,14082.44,0.0,-14082.44,TXN100819-R,8622274.4
2026-08-13,credit,0.0,1877.64,1877.64,TXN100947,9944852.16
2026-08-13,credit,0.0,6453.95,6453.95,TXN101009,10606354.57
2026-08-13,credit,0.0,21558.54,21558.54,TXN101033,10902495.52
2026-08-13,credit,0.0,22019.52,22019.52,TXN101116,11781930.65
2026-08-13,credit,0.0,6382.27,6382.27,TXN101649,17054353.0
2026-08-13,credit,0.0,14163.68,14163.68,TXN101758,18216564.38
2026-08-13,credit,0.0,7806.54,7806.54,TXN101792,18565540.0
2026-08-13,credit,0.0,21197.92,21197.92,TXN102127,21835786.03
2026-08-13,credit,0.0,10006.17,10006.17,TXN102468,25133317.5
2026-08-13,credit,0.0,22623.83,22623.83,TXN102981,30214308.2
2026-08-13,credit,0.0,7683.5,7683.5,TXN103027,30669452.46
2026-08-13,credit,0.0,3691.09,3691.09,TXN103090,31355495.79
2026-08-13,credit,0.0,12727.72,12727.72,TXN103399,34506987.14
2026-08-13,credit,0.0,9948.42,9948.42,TXN103483,35313757.37
2026-08-13,credit,0.0,2775.61,2775.61,TXN103718,37558756.73
2026-08-13,credit,0.0,12333.68,12333.68,TXN103757,38066150.79
2026-08-13,credit,0.0,5202.01,5202.01,TXN103867,39124282.5
2026-08-13,credit,0.0,14355.99,14355.99,TXN103919,39573223.54
2026-08-13,credit,0.0,22483.93,22483.93,TXN104019,40553644.53
2026-08-13,debit,24142.91,0.0,-24142.91,TXN104137-R,41708731.69
2026-08-13,credit,0.0,10583.92,10583.92,TXN1O4575,46278770.13
2026-08-13,credit,0.0,22023.47,22023.47,TXN104704,47581802.13
2026-08-13,debit,3891.44,0.0,-3891.44,TXN104724-R,47726162.33
2026-08-13,credit,0.0,8754.53,8754.53,TXN104792,48462029.05
2026-08-13,credit,0.0,11546.44,11546.44,TXN104834,48899205.72
2026-08-14,credit,0.0,22444.3,22444.3,TXN100045,709538.21
2026-08-14,credit,0.0,21412.12,21412.12,TXN100052,824213.49
2026-08-14,credit,0.0,8790.81,8790.81,TXN100217,2446980.75
2026-08-14,credit,0.0,5874.09,5874.09,TXN100637,6725270.02
2026-08-14,credit,0.0,3612.09,3612.09,TXN100712,7519370.73
2026-08-14,credit,0.0,17710.1,17710.1,TXN100746,7907654.13
2026-08-14,credit,0.0,13877.85,13877.85,TXN100911,9644789.34
2026-08-14,debit,1877.64,0.0,-1877.64,TXN100947-R,9942974.52
2026-08-14,credit,0.0,8913.16,8913.16,TXN101016,10678379.63
2026-08-14,credit,0.0,5007.24,5007.24,TXN101171,12332113.66
2026-08-14,credit,0.0,18048.25,18048.25,TXN101254,13197010.5
2026-08-14,credit,0.0,21159.92,21159.92,TXN101887,19404405.83
2026-08-14,debit,8633.94,0.0,-8633.94,TXN101905-R,19546012.06
2026-08-14,debit,21197.92,0.0,-21197.92,TXN102127-R,21814588.11
2026-08-14,credit,0.0,12039.13,12039.13,TXN102217,22755843.53
2026-08-14,credit,0.0,10993.36,10993.36,TXN102313,23631146.25
2026-08-14,credit,0.0,10716.54,10716.54,TXN102430,24621394.39
2026-08-14,credit,0.0,7202.85,7202.85,TXN102838,28830957.15
2026-08-14,credit,0.0,12075.64,12075.64,TXN102918,29684186.19
2026-08-14,credit,0.0,8707.38,8707.38,TXN102954,29970227.91
2026-08-14,debit,3691.09,0.0,-3691.09,TXN103090-R,31351804.7
2026-08-14,credit,0.0,8570.65,8570.65,TXN103112,31556111.1
2026-08-14,credit,0.0,6116.11,6116.11,TXN103354,34058541.03
2026-08-14,debit,12727.72,0.0,-12727.72,TXN103399-R,34494259.42
2026-08-14,credit,0.0,16526.44,16526.44,TXN103689,37298443.13
2026-08-14,credit,0.0,11955.33,11955.33,TXN104052,40874866.6
2026-08-14,credit,0.0,20487.56,20487.56,TXN104081,41212446.19
2026-08-14,credit,0.0,4418.81,4418.81,TXN104188,42262702.49
2026-08-14,credit,0.0,7408.82,7408.82,TXN104387,44340993.21
2026-08-14,credit,0.0,5386.1,5386.1,TXN104412,44636651.15
2026-08-14,credit,0.0,20031.3,20031.3,TXN104832,48894289.79
2026-08-14,credit,0.0,9715.23,9715.23,TXN104949,50102605.89
2026-08-15,credit,0.0,18309.43,18309.43,TXN100022,442759.82
2026-08-15,credit,0.0,19216.11,19216.11,TXN100050,779114.21
2026-08-15,credit,0.0,12106.59,12106.59,TXN100607,6434868.93
2026-08-15,credit,0.0,8580.37,8580.37,TXN100622,6591518.21
2026-08-15,credit,0.0,9668.13,9668.13,TXN100691,7313356.72
2026-08-15,credit,0.0,13925.6,13925.6,TXN100745,7889944.03
2026-08-15,credit,0.0,10123.58,10123.58,TXN100888,9431625.66
2026-08-15,credit,0.0,7789.66,7789.66,TXN101530,15958827.47
2026-08-15,credit,0.0,19872.02,19872.02,TXN101544,16065255.04
2026-08-15,debit,7693.79,0.0,-7693.79,TXN101777-R,18436899.14
2026-08-15,credit,0.0,20609.28,20609.28,TXN101782,18481483.77
2026-08-15,credit,0.0,16044.38,16044.38,TXN101900,19522901.97
2026-08-15,credit,0.0,16651.74,16651.74,TXN102040,20956593.04
2026-08-15,credit,0.0,727.66,727.66,TXN102372,24162550.38
2026-08-15,credit,0.0,9648.02,9648.02,TXN102680,27341496.87
2026-08-15,credit,0.0,15629.67,15629.67,TXN102859,29035705.42
2026-08-15,credit,0.0,12173.03,12173.03,TXN103127,31706877.84
2026-08-15,credit,0.0,22082.46,22082.46,TXN103204,32486511.33
2026-08-15,credit,0.0,11471.25,11471.25,TXN103577,36242214.85
2026-08-15,debit,14806.73,0.0,-14806.73,TXN103780-R,38239944.03
2026-08-15,credit,0.0,17533.82,17533.82,TXN103943,39875674.39
2026-08-15,credit,0.0,20710.58,20710.58,TXN104022,40565789.31
2026-08-15,debit,24534.51,0.0,-24534.51,TXN104056-R,40914069.03
2026-08-15,credit,0.0,15167.46,15167.46,TXN1O4109,41463793.17
2026-08-15,credit,0.0,9257.61,9257.61,TXN104187,42258283.68
2026-08-15,credit,0.0,12761.39,12761.39,TXN104745,47935681.47
2026-08-15,credit,0.0,3298.87,3298.87,TXN104820,48733694.68
2026-08-15,credit,0.0,11792.84,11792.84,TXN104982,50485379.57
2026-08-15,credit,0.0,5096.01,5096.01,TXN104990,50594322.66
2026-08-16,credit,0.0,12017.97,12017.97,TXN100287,3297300.49
2026-08-16,credit,0.0,3577.88,3577.88,TXN100347,3912714.22
2026-08-16,credit,0.0,6831.85,6831.85,TXN100634,6709582.12
2026-08-16,credit,0.0,20109.28,20109.28,TXN1O0669,7087416.0
2026-08-16,credit,0.0,10008.55,10008.55,TXN100688,7287152.82
2026-08-16,debit,5007.24,0.0,-5007.24,TXN101171-R,12327106.42
2026-08-16,credit,0.0,13152.29,13152.29,TXN101313,13811456.59
2026-08-16,credit,0.0,13823.88,13823.88,TXN101337,14026874.54
2026-08-16,credit,0.0,5151.87,5151.87,TXN101359,14258564.71
2026-08-16,credit,0.0,10546.73,10546.73,TXN101423,14853576.9
2026-08-16,credit,0.0,4611.11,4611.11,TXN1O1503,15692548.85
2026-08-16,credit,0.0,20530.53,20530.53,TXN101588,16518088.26
2026-08-16,credit,0.0,21980.85,21980.85,TXN101775,18413682.73
2026-08-16,credit,0.0,7345.59,7345.59,TXN102061,21176126.33
2026-08-16,credit,0.0,406.92,406.92,TXN102150,22099469.94
2026-08-16,credit,0.0,4915.28,4915.28,TXN102382,24247448.48
2026-08-16,credit,0.0,8561.98,8561.98,TXN102447,24837625.5
2026-08-16,credit,0.0,7566.31,7566.31,TXN102633,26814266.11
2026-08-16,credit,0.0,10634.81,10634.81,TXN102690,27414082.12
2026-08-16,debit,7202.85,0.0,-7202.85,TXN102838-R,28823754.3
2026-08-16,credit,0.0,4866.78,4866.78,TXN1O2916,29662083.78
2026-08-16,credit,0.0,16535.74,16535.74,TXN1O3075,31195335.71
2026-08-16,credit,0.0,5265.89,5265.89,TXN103707,37458420.16
2026-08-16,credit,0.0,5201.46,5201.46,TXN103713,37518494.89
2026-08-16,credit,0.0,10069.5,10069.5,TXN103714,37528564.39
2026-08-16,credit,0.0,3288.25,3288.25,TXN1O3986,40285088.65
2026-08-16,debit,22483.93,0.0,-22483.93,TXN104019-R,40531160.6
2026-08-16,debit,11955.33,0.0,-11955.33,TXN104052-R,40862911.27
2026-08-16,debit,20487.56,0.0,-20487.56,TXN104081-R,41191958.63
2026-08-16,credit,0.0,11178.27,11178.27,TXN1O4149,41818851.3
2026-08-16,credit,0.0,17170.57,17170.57,TXN104291,43395111.62
2026-08-16,credit,0.0,5579.95,5579.95,TXN104316,43650448.3
2026-08-16,credit,0.0,22239.37,22239.37,TXN1O4321,43713447.38
2026-08-16,credit,0.0,22022.27,22022.27,TXN104402,44529749.1
2026-08-16,credit,0.0,5241.44,5241.44,TXN1O4550,46049629.96
2026-08-16,credit,0.0,18927.47,18927.47,TXN104676,47248325.02
2026-08-17,credit,0.0,8493.73,8493.73,TXN100769,8099381.77
2026-08-17,credit,0.0,6852.04,6852.04,TXN101065,11207479.41
2026-08-17,credit,0.0,17100.52,17100.52,TXN101268,13354987.07
2026-08-17,credit,0.0,1097.97,1097.97,TXN1O1278,13483221.35
2026-08-17,debit,5151.87,0.0,-5151.87,TXN101359-R,14253412.84
2026-08-17,credit,0.0,11960.97,11960.97,TXN1O1364,14321649.05
2026-08-17,credit,0.0,23962.43,23962.43,TXN1O1473,15388628.87
2026-08-17,credit,0.0,5910.07,5910.07,TXN101531,15964737.54
2026-08-17,credit,0.0,13968.28,13968.28,TXN101639,16993438.71
2026-08-17,credit,0.0,3554.77,3554.77,TXN101687,17470239.7
2026-08-17,credit,0.0,15868.33,15868.33,TXN101947,19948520.88
2026-08-17,credit,0.0,12579.53,12579.53,TXN101982,20325345.9
2026-08-17,credit,0.0,8787.31,8787.31,TXN1O2183,22427526.11
2026-08-17,credit,0.0,14548.33,14548.33,TXN102497,25447876.7
2026-08-17,credit,0.0,4453.45,4453.45,TXN102507,25562765.11
2026-08-17,credit,0.0,9856.92,9856.92,TXN102738,27885437.26
2026-08-17,credit,0.0,13586.52,13586.52,TXN103664,37093146.0
2026-08-17,credit,0.0,792.02,792.02,TXN103709,37474597.74
2026-08-17,debit,12333.68,0.0,-12333.68,TXN103757-R,38053817.11
2026-08-17,credit,0.0,6900.72,6900.72,TXN103911,39510841.78
2026-08-17,credit,0.0,21336.59,21336.59,TXN104407,44589107.74
2026-08-17,credit,0.0,14513.22,14513.22,TXN104491,45510980.21
2026-08-17,credit,0.0,13956.71,13956.71,TXN104754,48046231.22
2026-08-18,credit,0.0,2398.44,2398.44,TXN100003,256145.03
2026-08-18,credit,0.0,11992.97,11992.97,TXN100516,5635958.3
2026-08-18,credit,0.0,9678.45,9678.45,TXN100629,6650095.05
2026-08-18,credit,0.0,14218.69,14218.69,TXN100764,8062193.13
2026-08-18,credit,0.0,4744.2,4744.2,TXN100804,8430505.13
2026-08-18,credit,0.0,5584.03,5584.03,TXN100865,9126053.15
2026-08-18,credit,0.0,19932.7,19932.7,TXN101010,10626287.27
2026-08-18,credit,0.0,9571.08,9571.08,TXN1O1054,11153555.19
2026-08-18,credit,0.0,7406.94,7406.94,TXN101332,13981213.37
2026-08-18,credit,0.0,14095.3,14095.3,TXN101378,14440920.8
2026-08-18,credit,0.0,8887.32,8887.32,TXN101581,16427858.03
2026-08-18,credit,0.0,13224.67,13224.67,TXN101662,17171608.34
2026-08-18,debit,406.92,0.0,-406.92,TXN102150-R,22099063.02
2026-08-18,credit,0.0,736.46,736.46,TXN102184,22428262.57
2026-08-18,debit,8561.98,0.0,-8561.98,TXN102447-R,24829063.52
2026-08-18,credit,0.0,16198.26,16198.26,TXN1O2655,27073130.7
2026-08-18,credit,0.0,22835.85,22835.85,TXN102661,27166605.03
2026-08-18,credit,0.0,15277.77,15277.77,TXN103045,30857497.66
2026-08-18,credit,0.0,413.85,413.85,TXN103294,33485888.69
2026-08-18,credit,0.0,17591.09,17591.09,TXN103736,37742609.07
2026-08-18,credit,0.0,20243.54,20243.54,TXN103812,38541249.94
2026-08-18,debit,17533.82,0.0,-17533.82,TXN103943-R,39858140.57
2026-08-18,credit,0.0,19140.84,19140.84,TXN104080,41191958.63
2026-08-18,credit,0.0,3417.84,3417.84,TXN104177,42120619.54
2026-08-18,credit,0.0,24977.71,24977.71,TXN104508,45642609.39
2026-08-18,credit,0.0,1336.87,1336.87,TXN104652,47014516.64
2026-08-18,credit,0.0,2867.77,2867.77,TXN104705,47584669.9
2026-08-18,credit,0.0,9520.93,9520.93,TXN104712,47620419.72
2026-08-18,debit,20031.3,0.0,-20031.3,TXN104832-R,48874258.49
2026-08-18,credit,0.0,23515.95,23515.95,TXN104965,50291224.58
2026-08-19,credit,0.0,11314.07,11314.07,TXN100159,1955338.57
2026-08-19,credit,0.0,8470.55,8470.55,TXN100218,2455451.3
2026-08-19,credit,0.0,1206.42,1206.42,TXN100266,3008151.91
2026-08-19,credit,0.0,24454.39,24454.39,TXN100640,6769062.33
2026-08-19,debit,8493.73,0.0,-8493.73,TXN100769-R,8090888.04
2026-08-19,debit,4744.2,0.0,-4744.2,TXN100804-R,8425760.93
2026-08-19,credit,0.0,12132.06,12132.06,TXN101007,10596210.89
2026-08-19,credit,0.0,21044.41,21044.41,TXN101067,11231139.56
2026-08-19,credit,0.0,11417.28,11417.28,TXN101344,14079503.69
2026-08-19,debit,3554.77,0.0,-3554.77,TXN101687-R,17466684.93
2026-08-19,credit,0.0,9700.99,9700.99,TXN101730,17910567.38
2026-08-19,credit,0.0,7000.19,7000.19,TXN101741,18040097.19
2026-08-19,credit,0.0,2393.55,2393.55,TXN102647,26979511.66
2026-08-19,credit,0.0,21728.08,21728.08,TXN1O3185,32179599.16
2026-08-19,debit,10069.5,0.0,-10069.5,TXN103714-R,37518494.89
2026-08-19,credit,0.0,11571.01,11571.01,TXN104174,42087214.04
2026-08-19,credit,0.0,24115.16,24115.16,TXN104388,44365108.37
2026-08-19,credit,0.0,7158.44,7158.44,TXN104520,45726356.66
2026-08-19,credit,0.0,1978.65,1978.65,TXN104585,46370418.9
2026-08-19,credit,0.0,22888.89,22888.89,TXN104656,47043841.48
2026-08-19,credit,0.0,14714.52,14714.52,TXN104765,48216407.13
2026-08-19,credit,0.0,13400.79,13400.79,TXN104833,48887659.28
2026-08-20,credit,0.0,21561.26,21561.26,TXN100037,614421.45
2026-08-20,credit,0.0,4139.56,4139.56,TXN100100,1206125.4
2026-08-20,credit,0.0,5416.79,5416.79,TXN100361,4091278.39
2026-08-20,credit,0.0,16102.91,16102.91,TXN100559,5994924.63
2026-08-20,credit,0.0,11772.77,11772.77,TXN100757,7992855.05
2026-08-20,credit,0.0,8355.33,8355.33,TXN101094,11535960.75
2026-08-20,credit,0.0,15924.81,15924.81,TXN101265,13313499.62
2026-08-20,credit,0.0,21906.74,21906.74,TXN101335,14012636.43
2026-08-20,credit,0.0,20144.64,20144.64,TXN101861,19111861.86
2026-08-20,credit,0.0,16822.15,16822.15,TXN102191,22515425.02
2026-08-20,credit,0.0,9570.52,9570.52,TXN102260,23151037.38
2026-08-20,credit,0.0,24097.82,24097.82,TXN102519,25701336.54
2026-08-20,credit,0.0,6375.32,6375.32,TXN102621,26661491.03
2026-08-20,credit,0.0,19013.25,19013.25,TXN102667,27222325.9
2026-08-20,credit,0.0,4687.61,4687.61,TXN1O2683,27362867.23
2026-08-20,debit,10634.81,0.0,-10634.81,TXN102690-R,27403447.31
2026-08-20,credit,0.0,3228.51,3228.51,TXN102709,27572101.45
2026-08-20,credit,0.0,14639.97,14639.97,TXN103244,32931978.66
2026-08-20,credit,0.0,12125.66,12125.66,TXN103533,35827638.46
2026-08-20,credit,0.0,17513.71,17513.71,TXN103635,36830763.95
2026-08-20,credit,0.0,21018.11,21018.11,TXN103662,37077984.82
2026-08-20,credit,0.0,20797.48,20797.48,TXN1O3847,38913460.32
2026-08-20,credit,0.0,20580.62,20580.62,TXN104280,43241353.82
2026-08-20,credit,0.0,13383.81,13383.81,TXN104638,46854250.86
2026-08-21,credit,0.0,16315.26,16315.26,TXN100078,1040991.88
2026-08-21,credit,0.0,19026.67,19026.67,TXN100213,2412671.33
2026-08-21,credit,0.0,18729.07,18729.07,TXN100235,2646961.36
2026-08-21,credit,0.0,9334.64,9334.64,TXN1O0337,3844853.43
2026-08-21,credit,0.0,13722.04,13722.04,TXN100783,8216490.82
2026-08-21,credit,0.0,21806.85,21806.85,TXN101225,12862919.24
2026-08-21,credit,0.0,19777.48,19777.48,TXN101576,16408226.38
2026-08-21,debit,8887.32,0.0,-8887.32,TXN101581-R,16418970.71
2026-08-21,credit,0.0,18429.0,18429.0,TXN101608,16711890.71
2026-08-21,credit,0.0,13536.37,13536.37,TXN101778,18450435.51
2026-08-21,credit,0.0,15899.25,15899.25,TXN102286,23358952.96
2026-08-21,credit,0.0,16393.31,16393.31,TXN102520,25693632.03
2026-08-21,credit,0.0,11458.03,11458.03,TXN102525,25750923.59
2026-08-21,credit,0.0,3145.18,3145.18,TXN102616,26628719.81
2026-08-21,credit,0.0,1043.57,1043.57,TXN102671,27240077.71
2026-08-21,credit,0.0,11119.72,11119.72,TXN102922,29708918.76
2026-08-21,debit,21018.11,0.0,-21018.11,TXN103662-R,37056966.71
2026-08-21,debit,792.02,0.0,-792.02,TXN103709-R,37473805.72
2026-08-21,credit,0.0,18678.08,18678.08,TXN103951,39916967.83
2026-08-21,credit,0.0,18882.58,18882.58,TXN104243,42841543.42
2026-08-21,credit,0.0,1725.69,1725.69,TXN104310,43587304.48
2026-08-21,credit,0.0,9354.32,9354.32,TXN104591,46431015.93
2026-08-22,credit,0.0,21695.37,21695.37,TXN100114,1423965.74
2026-08-22,debit,8470.55,0.0,-8470.55,TXN100218-R,2446980.75
2026-08-22,credit,0.0,8203.47,8203.47,TXN100342,3895077.81
2026-08-22,credit,0.0,14173.58,14173.58,TXN100389,4359858.09
2026-08-22,credit,0.0,2922.74,2922.74,TXN100580,6191712.68
2026-08-22,credit,0.0,8328.72,8328.72,TXN100620,6567815.03
2026-08-22,credit,0.0,10283.27,10283.27,TXN100711,7515758.64
2026-08-22,credit,0.0,15904.92,15904.92,TXN101138,12031277.76
2026-08-22,credit,0.0,5089.41,5089.41,TXN101647,17042948.47
2026-08-22,debit,9700.99,0.0,-9700.99,TXN101730-R,17900866.39
2026-08-22,credit,0.0,12997.3,12997.3,TXN101804,18675017.86
2026-08-22,credit,0.0,15451.68,15451.68,TXN1O2126,21814588.11
2026-08-22,debit,736.46,0.0,-736.46,TXN102184-R,22427526.11
2026-08-22,credit,0.0,1315.79,1315.79,TXN102310,23616665.65
2026-08-22,credit,0.0,12038.74,12038.74,TXN102325,23720945.93
2026-08-22,credit,0.0,5835.16,5835.16,TXN102414,24496410.75
2026-08-22,credit,0.0,2403.26,2403.26,TXN102496,25433328.37
2026-08-22,debit,24097.82,0.0,-24097.82,TXN102519-R,25677238.72
2026-08-22,credit,0.0,22112.62,22112.62,TXN102563,26103338.52
2026-08-22,debit,2393.55,0.0,-2393.55,TXN102647-R,26977118.11
2026-08-22,credit,0.0,15409.18,15409.18,TXN102737,27875580.34
2026-08-22,credit,0.0,19159.48,19159.48,TXN103058,30986823.65
2026-08-22,credit,0.0,6998.64,6998.64,TXN103323,33800953.29
2026-08-22,credit,0.0,4129.41,4129.41,TXN103429,34779278.86
2026-08-22,credit,0.0,952.63,952.63,TXN103445,34940013.33
2026-08-22,credit,0.0,21379.51,21379.51,TXN1O3513,35659289.68
2026-08-22,credit,0.0,7180.38,7180.38,TXN103733,37711547.84
2026-08-22,credit,0.0,19458.67,19458.67,TXN103749,37937038.62
2026-08-22,credit,0.0,13663.12,13663.12,TXN103777,38246812.59
2026-08-22,credit,0.0,11208.68,11208.68,TXN103795,38380240.9
2026-08-22,credit,0.0,18553.72,18553.72,TXN1O4067,41042841.62
2026-08-22,credit,0.0,13322.98,13322.98,TXN104255,42979816.6
2026-08-22,credit,0.0,11377.17,11377.17,TXN104284,43301911.42
2026-08-22,credit,0.0,3909.17,3909.17,TXN104548,46032361.93
2026-08-23,credit,0.0,19238.47,19238.47,TXN100197,2259419.6
2026-08-23,credit,0.0,5368.58,5368.58,TXN1O0360,4085861.6
2026-08-23,credit,0.0,1317.5,1317.5,TXN1O0569,6098176.49
2026-08-23,credit,0.0,21642.9,21642.9,TXN100729,7716316.14
2026-08-23,credit,0.0,21354.84,21354.84,TXN1O0891,9473688.16
2026-08-23,credit,0.0,3809.93,3809.93,TXN101025,10807525.5
2026-08-23,credit,0.0,14301.49,14301.49,TXN1O1351,14143882.63
2026-08-23,credit,0.0,23733.18,23733.18,TXN101370,14380237.83
2026-08-23,credit,0.0,10783.3,10783.3,TXN101529,15951037.81
2026-08-23,credit,0.0,21821.24,21821.24,TXN1O1731,17922687.63
2026-08-23,credit,0.0,6574.05,6574.05,TXN101877,19282815.52
2026-08-23,credit,0.0,11070.89,11070.89,TXN102108,21631097.34
2026-08-23,credit,0.0,18247.39,18247.39,TXN102226,22848160.51
2026-08-23,credit,0.0,23519.23,23519.23,TXN102608,26580676.7
2026-08-23,debit,952.63,0.0,-952.63,TXN103445-R,34939060.7
2026-08-23,credit,0.0,22636.8,22636.8,TXN103530,35813617.52
2026-08-23,credit,0.0,12777.8,12777.8,TXN103652,36999290.67
2026-08-23,debit,13663.12,0.0,-13663.12,TXN103777-R,38233149.47
2026-08-23,credit,0.0,21031.84,21031.84,TXN104186,42249026.07
2026-08-23,credit,0.0,14162.33,14162.33,TXN104334,43788954.03
2026-08-23,credit,0.0,20515.51,20515.51,TXN104633,46809785.28
2026-08-24,credit,0.0,21507.35,21507.35,TXN100027,491778.89
2026-08-24,credit,0.0,23689.65,23689.65,TXN100048,739442.33
2026-08-24,credit,0.0,6230.92,6230.92,TXN100086,1133758.6
2026-08-24,credit,0.0,7550.95,7550.95,TXN100141,1733727.85
2026-08-24,credit,0.0,1099.92,1099.92,TXN100536,5817252.42
2026-08-24,debit,21642.9,0.0,-21642.9,TXN100729-R,7694673.24
2026-08-24,credit,0.0,12044.86,12044.86,TXN100762,8030769.05
2026-08-24,credit,0.0,20497.55,20497.55,TXN100768,8090888.04
2026-08-24,credit,0.0,1838.39,1838.39,TXN100978,10372627.13
2026-08-24,credit,0.0,1073.89,1073.89,TXN101044,11062524.45
2026-08-24,credit,0.0,14821.97,14821.97,TXN101098,11592135.1
2026-08-24,credit,0.0,13522.01,13522.01,TXN101935,19802513.02
2026-08-24,credit,0.0,18954.52,18954.52,TXN102097,21540472.21
2026-08-24,credit,0.0,12754.28,12754.28,TXN102204,22613859.64
2026-08-24,credit,0.0,3198.56,3198.56,TXN102291,23442710.01
2026-08-24,credit,0.0,3494.21,3494.21,TXN1O2340,23872835.36
2026-08-24,credit,0.0,13187.32,13187.32,TXN102498,25461064.02
2026-08-24,credit,0.0,10346.62,10346.62,TXN102521,25703978.65
2026-08-24,debit,19013.25,0.0,-19013.25,TXN102667-R,27203312.65
2026-08-24,credit,0.0,4535.04,4535.04,TXN102746,27946411.39
2026-08-24,credit,0.0,13914.17,13914.17,TXN103165,32006944.88
2026-08-24,debit,22636.8,0.0,-22636.8,TXN103530-R,35790980.72
2026-08-24,credit,0.0,19294.61,19294.61,TXN103578,36261509.46
2026-08-24,credit,0.0,19086.37,19086.37,TXN103744,37869376.53
2026-08-24,credit,0.0,13216.84,13216.84,TXN104024,40603275.95
2026-08-24,credit,0.0,4651.79,4651.79,TXN104236,42766317.95
2026-08-24,credit,0.0,5048.31,5048.31,TXN104269,43123087.09
2026-08-24,credit,0.0,6759.03,6759.03,TXN104371,44154240.18
2026-08-24,credit,0.0,3255.16,3255.16,TXN104394,44426656.1
2026-08-24,credit,0.0,16774.74,16774.74,TXN104423,44770870.69
2026-08-24,credit,0.0,6782.2,6782.2,TXN1O4505,45608486.3
2026-08-24,credit,0.0,11406.47,11406.47,TXN104760,48141344.72
2026-08-24,credit,0.0,10686.18,10686.18,TXN104766,48227093.31
2026-08-24,credit,0.0,21742.91,21742.91,TXN104939,49989950.85
2026-08-25,credit,0.0,14532.43,14532.43,TXN100062,898220.63
2026-08-25,debit,19026.67,0.0,-19026.67,TXN100213-R,2393644.66
2026-08-25,credit,0.0,10046.43,10046.43,TXN100422,4657446.89
2026-08-25,credit,0.0,10589.22,10589.22,TXN100501,5462926.01
2026-08-25,credit,0.0,10339.78,10339.78,TXN100572,6116742.6
2026-08-25,credit,0.0,23720.67,23720.67,TXN100615,6514194.12
2026-08-25,credit,0.0,582.46,582.46,TXN100662,7014010.25
2026-08-25,credit,0.0,16950.77,16950.77,TXN100951,9999365.37
2026-08-25,credit,0.0,21635.31,21635.31,TXN101083,11434677.16
2026-08-25,credit,0.0,16633.08,16633.08,TXN101086,11461361.91
2026-08-25,debit,14821.97,0.0,-14821.97,TXN101098-R,11577313.13
2026-08-25,credit,0.0,11368.04,11368.04,TXN1O1232,12970387.62
2026-08-25,credit,0.0,13888.96,13888.96,TXN101296,13668025.88
2026-08-25,debit,23733.18,0.0,-23733.18,TXN101370-R,14356504.65
2026-08-25,credit,0.0,14930.99,14930.99,TXN101391,14532199.32
2026-08-25,debit,19777.48,0.0,-19777.48,TXN101576-R,16388448.9
2026-08-25,credit,0.0,18267.74,18267.74,TXN101644,17031994.02
2026-08-25,credit,0.0,5022.26,5022.26,TXN101648,17047970.73
2026-08-25,credit,0.0,14613.78,14613.78,TXN101711,17707525.69
2026-08-25,credit,0.0,17891.83,17891.83,TXN101755,18187369.01
2026-08-25,credit,0.0,20967.68,20967.68,TXN101832,18928933.49
2026-08-25,credit,0.0,2659.54,2659.54,TXN102207,22643034.11
2026-08-25,credit,0.0,10230.08,10230.08,TXN102214,22717582.59
2026-08-25,credit,0.0,5844.83,5844.83,TXN102285,23343053.71
2026-08-25,credit,0.0,18130.4,18130.4,TXN102457,25009599.44
2026-08-25,credit,0.0,7790.65,7790.65,TXN102485,25313381.47
2026-08-25,debit,13187.32,0.0,-13187.32,TXN102498-R,25447876.7
2026-08-25,credit,0.0,19686.09,19686.09,TXN102849,28965881.99
2026-08-25,credit,0.0,12143.61,12143.61,TXN102912,29644269.18
2026-08-25,credit,0.0,5679.85,5679.85,TXN103060,30997914.54
2026-08-25,credit,0.0,12696.25,12696.25,TXN103151,31881244.2
2026-08-25,credit,0.0,9911.71,9911.71,TXN103225,32705425.61
2026-08-25,credit,0.0,24822.88,24822.88,TXN103263,33154617.13
2026-08-25,credit,0.0,9745.4,9745.4,TXN103275,33293087.87
2026-08-25,credit,0.0,9809.55,9809.55,TXN103583,36329860.35
2026-08-25,debit,11208.68,0.0,-11208.68,TXN103795-R,38369032.22
2026-08-25,credit,0.0,6611.18,6611.18,TXN103926,39676793.71
2026-08-25,credit,0.0,7446.92,7446.92,TXN1O3955,39976895.77
2026-08-25,credit,0.0,16557.7,16557.7,TXN104053,40879468.97
2026-08-25,credit,0.0,12175.18,12175.18,TXN1O4167,41989470.83
2026-08-25,credit,0.0,21626.26,21626.26,TXN104233,42724936.19
2026-08-25,debit,11377.17,0.0,-11377.17,TXN104284-R,43290534.25
2026-08-25,credit,0.0,4576.73,4576.73,TXN104318,43677327.55
2026-08-25,credit,0.0,16226.32,16226.32,TXN104397,44444024.14
2026-08-25,credit,0.0,9078.91,9078.91,TXN105000,50705561.41
2026-08-26,credit,0.0,5049.53,5049.53,TXN100015,383851.97
2026-08-26,credit,0.0,9695.41,9695.41,TXN100170,2021385.47
2026-08-26,credit,0.0,14801.94,14801.94,TXN100258,2904760.72
2026-08-26,debit,14173.58,0.0,-14173.58,TXN100389-R,4345684.51
2026-08-26,debit,10589.22,0.0,-10589.22,TXN100501-R,5452336.79
2026-08-26,credit,0.0,2121.64,2121.64,TXN100556,5976732.48
2026-08-26,credit,0.0,6837.0,6837.0,TXN100571,6106402.82
2026-08-26,debit,8328.72,0.0,-8328.72,TXN100620-R,6559486.31
2026-08-26,credit,0.0,7983.94,7983.94,TXN100699,7366546.79
2026-08-26,credit,0.0,19222.47,19222.47,TXN100801,8382380.81
2026-08-26,debit,1838.39,0.0,-1838.39,TXN100978-R,10370788.74
2026-08-26,credit,0.0,21208.68,21208.68,TXN1O1020,10749226.46
2026-08-26,credit,0.0,16378.95,16378.95,TXN101055,11169934.14
2026-08-26,credit,0.0,6348.92,6348.92,TXN101456,15198508.63
2026-08-26,credit,0.0,21323.42,21323.42,TXN101475,15425270.17
2026-08-26,credit,0.0,3385.84,3385.84,TXN101477,15435878.6
2026-08-26,credit,0.0,9724.19,9724.19,TXN1O1633,16905123.24
2026-08-26,credit,0.0,3446.63,3446.63,TXN101824,18842539.47
2026-08-26,credit,0.0,11344.85,11344.85,TXN101840,18969540.34
2026-08-26,credit,0.0,12604.48,12604.48,TXN101863,19129240.0
2026-08-26,credit,0.0,391.48,391.48,TXN101931,19744576.75
2026-08-26,credit,0.0,24262.36,24262.36,TXN1O2006,20576889.74
2026-08-26,credit,0.0,19923.63,19923.63,TXN1O2027,20807664.79
2026-08-26,credit,0.0,1687.12,1687.12,TXN102438,24701365.44
2026-08-26,debit,19686.09,0.0,-19686.09,TXN102849-R,28946195.9
2026-08-26,credit,0.0,18774.74,18774.74,TXN102861,29063000.35
2026-08-26,debit,12143.61,0.0,-12143.61,TXN102912-R,29632125.57
2026-08-26,credit,0.0,12165.66,12165.66,TXN102930,29756176.02
2026-08-26,credit,0.0,23413.26,23413.26,TXN103237,32860418.57
2026-08-26,credit,0.0,825.34,825.34,TXN103330,33847782.44
2026-08-26,credit,0.0,16315.06,16315.06,TXN103368,34178350.15
2026-08-26,credit,0.0,6114.75,6114.75,TXN103521,35739395.91
2026-08-26,credit,0.0,23899.47,23899.47,TXN103737,37766508.54
2026-08-26,credit,0.0,18910.79,18910.79,TXN103781,38258854.82
2026-08-26,credit,0.0,8543.69,8543.69,TXN104093,41306368.17
2026-08-26,credit,0.0,4069.34,4069.34,TXN1O4107,41440706.21
2026-08-26,credit,0.0,24694.78,24694.78,TXN104160,41943952.44
2026-08-26,credit,0.0,10319.72,10319.72,TXN104169,42015619.76
2026-08-27,credit,0.0,18472.71,18472.71,TXN100080,1067093.27
2026-08-27,credit,0.0,14978.85,14978.85,TXN100143,1756512.41
2026-08-27,credit,0.0,9312.07,9312.07,TXN100328,3751268.35
2026-08-27,credit,0.0,13991.61,13991.61,TXN1O0445,4897169.31
2026-08-27,credit,0.0,18089.94,18089.94,TXN100508,5530160.27
2026-08-27,credit,0.0,4108.6,4108.6,TXN100568,6100967.59
2026-08-27,credit,0.0,14567.57,14567.57,TXN100612,6484445.99
2026-08-27,debit,582.46,0.0,-582.46,TXN100662-R,7013427.79
2026-08-27,credit,0.0,4476.26,4476.26,TXN101878,19287291.78
2026-08-27,credit,0.0,6054.75,6054.75,TXN101953,20028477.26
2026-08-27,credit,0.0,8985.25,8985.25,TXN102121,21762630.0
2026-08-27,credit,0.0,8891.56,8891.56,TXN102145,22022737.17
2026-08-27,credit,0.0,18700.14,18700.14,TXN102148,22074945.7
2026-08-27,credit,0.0,3383.21,3383.21,TXN102581,26295508.75
2026-08-27,credit,0.0,2122.13,2122.13,TXN1O3140,31785420.01
2026-08-27,credit,0.0,2706.92,2706.92,TXN103233,32787611.96
2026-08-27,debit,9745.4,0.0,-9745.4,TXN103275-R,33283342.47
2026-08-27,credit,0.0,7946.1,7946.1,TXN103597,36475389.38
2026-08-27,credit,0.0,18913.37,18913.37,TXN103993,40343625.97
2026-08-27,credit,0.0,18195.6,18195.6,TXN104120,41557822.84
2026-08-28,credit,0.0,10625.49,10625.49,TXN100031,532297.91
2026-08-28,credit,0.0,3758.31,3758.31,TXN100311,3547219.13
2026-08-28,credit,0.0,9016.51,9016.51,TXN100589,6237268.57
2026-08-28,debit,16378.95,0.0,-16378.95,TXN101055-R,11153555.19
2026-08-28,credit,0.0,2760.39,2760.39,TXN101136,11991200.65
2026-08-28,credit,0.0,14288.38,14288.38,TXN101157,12188852.44
2026-08-28,credit,0.0,14394.76,14394.76,TXN101270,13388022.42
2026-08-28,credit,0.0,21196.55,21196.55,TXN101292,13613618.86
2026-08-28,credit,0.0,6471.47,6471.47,TXN101627,16876716.7
2026-08-28,credit,0.0,22143.98,22143.98,TXN101665,17227000.71
2026-08-28,credit,0.0,7622.46,7622.46,TXN102100,21570295.23
2026-08-28,debit,3198.56,0.0,-3198.56,TXN102291-R,23439511.45
2026-08-28,credit,0.0,11119.36,11119.36,TXN102752,27996395.06
2026-08-28,credit,0.0,13612.85,13612.85,TXN1O2919,29697799.04
2026-08-28,credit,0.0,2929.14,2929.14,TXN103076,31198264.85
2026-08-28,credit,0.0,22981.02,22981.02,TXN103431,34802259.88
2026-08-28,credit,0.0,15240.6,15240.6,TXN103492,35420630.48
2026-08-28,credit,0.0,5975.53,5975.53,TXN103688,37281916.69
2026-08-28,credit,0.0,9594.4,9594.4,TXN103843,38839232.69
2026-08-28,credit,0.0,4329.97,4329.97,TXN103949,39898289.75
2026-08-28,credit,0.0,18731.24,18731.24,TXN104031,40690526.8
2026-08-28,credit,0.0,23625.23,23625.23,TXN104204,42431030.72
2026-08-28,credit,0.0,12230.3,12230.3,TXN104223,42599942.77
2026-08-28,debit,6759.03,0.0,-6759.03,TXN104371-R,44147481.15
2026-08-28,credit,0.0,21184.8,21184.8,TXN104699,47503264.58
2026-08-28,credit,0.0,15848.66,15848.66,TXN104806,48621046.63
2026-08-29,credit,0.0,13651.88,13651.88,TXN100057,865668.45
2026-08-29,credit,0.0,23845.83,23845.83,TXN100222,2482868.06
2026-08-29,credit,0.0,24258.69,24258.69,TXN100238,2699695.94
2026-08-29,credit,0.0,18634.04,18634.04,TXN100349,3931348.26
2026-08-29,credit,0.0,6210.27,6210.27,TXN100636,6719395.93
2026-08-29,credit,0.0,20008.68,20008.68,TXN101040,11008827.21
2026-08-29,credit,0.0,5919.57,5919.57,TXN101080,11392937.53
2026-08-29,credit,0.0,13475.67,13475.67,TXN101287,13565420.71
2026-08-29,credit,0.0,18410.7,18410.7,TXN101366,14340059.75
2026-08-29,credit,0.0,12903.77,12903.77,TXN101513,15787970.1
2026-08-29,debit,12604.48,0.0,-12604.48,TXN101863-R,19116635.52
2026-08-29,credit,0.0,15069.01,15069.01,TXN102092,21494836.92
2026-08-29,credit,0.0,1641.68,1641.68,TXN102252,23093561.71
2026-08-29,credit,0.0,22298.95,22298.95,TXN102400,24396853.41
2026-08-29,credit,0.0,20175.44,20175.44,TXN102953,29961520.53
2026-08-29,credit,0.0,13095.63,13095.63,TXN103039,30766212.85
2026-08-29,debit,5679.85,0.0,-5679.85,TXN103060-R,30992234.69
2026-08-29,debit,12696.25,0.0,-12696.25,TXN103151-R,31868547.95
2026-08-29,credit,0.0,7996.15,7996.15,TXN1O3306,33607681.95
2026-08-29,credit,0.0,12476.21,12476.21,TXN103473,35184235.34
2026-08-29,credit,0.0,7198.7,7198.7,TXN1O3650,36979021.25
2026-08-29,credit,0.0,9592.36,9592.36,TXN103680,37244496.79
2026-08-29,credit,0.0,19877.71,19877.71,TXN103727,37641412.35
2026-08-29,credit,0.0,7681.73,7681.73,TXN104078,41161915.24
2026-08-29,credit,0.0,18328.91,18328.91,TXN104343,43902732.59
2026-08-29,credit,0.0,4512.66,4512.66,TXN104509,45647122.05
2026-08-29,credit,0.0,15307.33,15307.33,TXN104677,47263632.35
2026-08-29,credit,0.0,13145.19,13145.19,TXN104883,49381040.84
2026-08-29,credit,0.0,18769.04,18769.04,TXN104995,50665325.67
2026-08-30,credit,0.0,14240.48,14240.48,TXN100177,2048753.49
2026-08-30,credit,0.0,16948.53,16948.53,TXN100194,2207880.7
2026-08-30,credit,0.0,6929.37,6929.37,TXN1O0205,2348065.94
2026-08-30,credit,0.0,8500.27,8500.27,TXN100294,3368521.82
2026-08-30,debit,4108.6,0.0,-4108.6,TXN100568-R,6096858.99
2026-08-30,credit,0.0,8608.42,8608.42,TXN1O0606,6422762.34
2026-08-30,credit,0.0,2393.37,2393.37,TXN100846,8932561.11
2026-08-30,debit,391.48,0.0,-391.48,TXN101931-R,19744185.27
2026-08-30,credit,0.0,2398.06,2398.06,TXN102201,22594864.84
2026-08-30,credit,0.0,8619.9,8619.9,TXN102216,22743804.4
2026-08-30,credit,0.0,4677.63,4677.63,TXN102913,29636803.2
2026-08-30,credit,0.0,3451.03,3451.03,TXN102960,30041835.99
2026-08-30,credit,0.0,3281.88,3281.88,TXN103425,34749538.08
2026-08-30,credit,0.0,5648.64,5648.64,TXN103573,36192778.13
2026-08-30,credit,0.0,908.76,908.76,TXN103610,36566045.44
2026-08-30,credit,0.0,6474.24,6474.24,TXN103742,37829785.43
2026-08-30,credit,0.0,4064.82,4064.82,TXN103778,38237214.29
2026-08-30,credit,0.0,6511.18,6511.18,TXN103905,39445332.47
2026-08-30,credit,0.0,20508.0,20508.0,TXN104228,42650983.27
2026-08-30,credit,0.0,2675.22,2675.22,TXN104332,43774791.7
2026-08-30,credit,0.0,19825.95,19825.95,TXN104844,49023581.9
2026-08-30,credit,0.0,9608.14,9608.14,TXN104903,49596873.58
2026-08-30,credit,0.0,15063.76,15063.76,TXN104950,50117669.65
2026-08-30,credit,0.0,5805.62,5805.62,TXN104958,50179503.15
2026-08-31,credit,0.0,24316.47,24316.47,TXN100036,592860.19
2026-08-31,credit,0.0,370.04,370.04,TXN1O0363,4100063.85
2026-08-31,credit,0.0,12022.38,12022.38,TXN100611,6469878.42
2026-08-31,debit,14567.57,0.0,-14567.57,TXN100612-R,6469878.42
2026-08-31,credit,0.0,14770.25,14770.25,TXN100785,8233715.34
2026-08-31,credit,0.0,16063.06,16063.06,TXN100813,8547894.97
2026-08-31,credit,0.0,13335.43,13335.43,TXN100873,9230228.72
2026-08-31,credit,0.0,1719.34,1719.34,TXN1O1439,15013160.73
2026-08-31,credit,0.0,6011.02,6011.02,TXN101537,16006191.15
2026-08-31,credit,0.0,16163.69,16163.69,TXN101632,16895399.05
2026-08-31,credit,0.0,16488.62,16488.62,TXN101653,17082584.66
2026-08-31,credit,0.0,13429.55,13429.55,TXN101674,17367653.65
2026-08-31,credit,0.0,21398.6,21398.6,TXN101797,18619740.03
2026-08-31,credit,0.0,11456.92,11456.92,TXN101833,18940390.41
2026-08-31,credit,0.0,14479.42,14479.42,TXN102514,25624574.64
2026-08-31,credit,0.0,13248.55,13248.55,TXN102782,28306672.32
2026-08-31,credit,0.0,21644.2,21644.2,TXN102959,30038384.96
2026-08-31,credit,0.0,18144.27,18144.27,TXN103014,30508194.03
2026-08-31,credit,0.0,5204.43,5204.43,TXN103226,32710630.04
2026-08-31,credit,0.0,18752.86,18752.86,TXN1O3308,33637221.43
2026-08-31,credit,0.0,7413.07,7413.07,TXN103387,34386142.2
2026-08-31,credit,0.0,8817.99,8817.99,TXN103395,34455719.17
2026-08-31,credit,0.0,12263.56,12263.56,TXN103405,34564598.26
2026-08-31,credit,0.0,7786.96,7786.96,TXN103435,34837508.88
2026-08-31,credit,0.0,1182.89,1182.89,TXN104000,40398899.96
2026-08-31,credit,0.0,19523.91,19523.91,TXN104884,49400564.75
2026-09-01,credit,0.0,1258.87,1258.87,TXN100255,2850687.85
2026-09-01,credit,0.0,8017.49,8017.49,TXN100392,4375580.1
2026-09-01,credit,0.0,1653.11,1653.11,TXN100414,4581661.96
2026-09-01,credit,0.0,14763.36,14763.36,TXN100918,9716056.23
2026-09-01,credit,0.0,10075.61,10075.61,TXN101143,12082343.57
2026-09-01,debit,14394.76,0.0,-14394.76,TXN101270-R,13373627.66
2026-09-01,credit,0.0,3734.72,3734.72,TXN101399,14597069.47
2026-09-01,credit,0.0,1264.2,1264.2,TXN1O1407,14667004.51
2026-09-01,credit,0.0,12910.53,12910.53,TXN101443,15049228.52
2026-09-01,credit,0.0,22347.37,22347.37,TXN101582,16441318.08
2026-09-01,credit,0.0,11017.55,11017.55,TXN101613,16769723.04
2026-09-01,credit,0.0,15122.52,15122.52,TXN101740,18033097.0
2026-09-01,credit,0.0,16060.65,16060.65,TXN101912,19612501.32
2026-09-01,credit,0.0,18273.78,18273.78,TXN102107,21620026.45
2026-09-01,credit,0.0,17826.28,17826.28,TXN1O2307,23608939.48
2026-09-01,credit,0.0,15603.29,15603.29,TXN102580,26307728.83
2026-09-01,credit,0.0,19284.52,19284.52,TXN102588,26358054.6
2026-09-01,credit,0.0,17402.62,17402.62,TXN1O2607,26557157.47
2026-09-01,credit,0.0,415.24,415.24,TXN1O2729,27749751.01
2026-09-01,credit,0.0,8115.4,8115.4,TXN102747,27954526.79
2026-09-01,credit,0.0,24222.88,24222.88,TXN102759,28060209.24
2026-09-01,debit,2929.14,0.0,-2929.14,TXN103076-R,31195335.71
2026-09-01,credit,0.0,19422.88,19422.88,TXN103212,32570929.76
2026-09-01,credit,0.0,8141.53,8141.53,TXN103262,33129794.25
2026-09-01,credit,0.0,8206.33,8206.33,TXN103329,33846957.1
2026-09-01,credit,0.0,22592.77,22592.77,TXN103663,37079559.48
2026-09-01,credit,0.0,10476.47,10476.47,TXN103699,37396892.29
2026-09-01,credit,0.0,17253.77,17253.77,TXN103909,39503941.06
2026-09-01,credit,0.0,22122.76,22122.76,TXN103973,40185829.55
2026-09-01,credit,0.0,12043.51,12043.51,TXN104036,40741822.84
2026-09-01,credit,0.0,18146.31,18146.31,TXN104145,41785465.85
2026-09-01,credit,0.0,11936.4,11936.4,TXN104208,42460599.36
2026-09-01,credit,0.0,22893.02,22893.02,TXN104257,43004885.22
2026-09-01,credit,0.0,19411.23,19411.23,TXN104298,43466581.36
2026-09-01,credit,0.0,557.61,557.61,TXN104364,44100616.9
2026-09-01,credit,0.0,3496.87,3496.87,TXN104529,45820235.52
2026-09-01,credit,0.0,24869.45,24869.45,TXN1O4839,48975925.89
2026-09-02,credit,0.0,955.44,955.44,TXN100005,259714.74
2026-09-02,credit,0.0,17590.35,17590.35,TXN101263,13301610.97
2026-09-02,debit,16488.62,0.0,-16488.62,TXN101653-R,17066096.04
2026-09-02,debit,16060.65,0.0,-16060.65,TXN101912-R,19596440.67
2026-09-02,credit,0.0,15245.42,15245.42,TXN102084,21387166.65
2026-09-02,debit,2398.06,0.0,-2398.06,TXN102201-R,22592466.78
2026-09-02,credit,0.0,6705.15,6705.15,TXN102371,24168527.87
2026-09-02,credit,0.0,21380.31,21380.31,TXN102401,24418233.72
2026-09-02,credit,0.0,16836.3,16836.3,TXN102417,24513247.05
2026-09-02,credit,0.0,24950.49,24950.49,TXN102660,27143769.18
2026-09-02,credit,0.0,12368.75,12368.75,TXN102684,27375235.98
2026-09-02,credit,0.0,14214.66,14214.66,TXN102693,27421171.3
2026-09-02,credit,0.0,3195.52,3195.52,TXN103042,30798570.01
2026-09-02,credit,0.0,13906.68,13906.68,TXN1O3078,31215741.73
2026-09-02,credit,0.0,2708.06,2708.06,TXN103091,31354512.76
2026-09-02,credit,0.0,18408.05,18408.05,TXN103148,31844671.27
2026-09-02,credit,0.0,12311.49,12311.49,TXN103208,32524705.12
2026-09-02,debit,5204.43,0.0,-5204.43,TXN103226-R,32705425.61
2026-09-02,credit,0.0,5540.73,5540.73,TXN103322,33793954.65
2026-09-02,debit,12476.21,0.0,-12476.21,TXN103473-R,35171759.13
2026-09-02,credit,0.0,16483.66,16483.66,TXN103549,35957875.51
2026-09-02,credit,0.0,22998.67,22998.67,TXN103726,37621534.64
2026-09-02,credit,0.0,6375.5,6375.5,TXN103764,38124403.34
2026-09-02,debit,4064.82,0.0,-4064.82,TXN103778-R,38233149.47
2026-09-02,credit,0.0,9152.24,9152.24,TXN104122,41570182.47
2026-09-02,credit,0.0,24005.44,24005.44,TXN1O4216,42531289.34
2026-09-02,debit,557.61,0.0,-557.61,TXN104364-R,44100059.29
2026-09-02,debit,4512.66,0.0,-4512.66,TXN104509-R,45642609.39
2026-09-02,credit,0.0,24604.81,24604.81,TXN104683,47316664.71
2026-09-02,credit,0.0,13916.43,13916.43,TXN104702,47540256.93
2026-09-02,debit,19825.95,0.0,-19825.95,TXN104844-R,49003755.95
2026-09-02,credit,0.0,12535.33,12535.33,TXN104943,50069506.78
2026-09-03,credit,0.0,5108.84,5108.84,TXN100043,673471.25
2026-09-03,credit,0.0,15299.01,15299.01,TXN100190,2159407.62
2026-09-03,credit,0.0,18705.75,18705.75,TXN1O0322,3706377.81
2026-09-03,credit,0.0,3963.85,3963.85,TXN100376,4224669.89
2026-09-03,credit,0.0,9528.53,9528.53,TXN100668,7076835.25
2026-09-03,credit,0.0,5233.81,5233.81,TXN101194,12567660.73
2026-09-03,credit,0.0,22922.98,22922.98,TXN101260,13262664.36
2026-09-03,debit,12910.53,0.0,-12910.53,TXN101443-R,15036317.99
2026-09-03,credit,0.0,23605.76,23605.76,TXN101451,15157589.58
2026-09-03,credit,0.0,15759.5,15759.5,TXN102079,21342827.68
2026-09-03,credit,0.0,1159.79,1159.79,TXN102258,23142626.65
2026-09-03,credit,0.0,3580.4,3580.4,TXN102487,25336169.21
2026-09-03,credit,0.0,14185.3,14185.3,TXN102678,27326611.88
2026-09-03,credit,0.0,11381.71,11381.71,TXN102980,30191684.37
2026-09-03,credit,0.0,2152.46,2152.46,TXN103182,32133009.29
2026-09-03,credit,0.0,21524.79,21524.79,TXN1O3728,37662937.14
2026-09-03,credit,0.0,15598.0,15598.0,TXN103810,38502627.21
2026-09-03,credit,0.0,20237.13,20237.13,TXN103938,39812029.38
2026-09-03,credit,0.0,23735.83,23735.83,TXN103953,39963756.71
2026-09-03,debit,22122.76,0.0,-22122.76,TXN103973-R,40163706.79
2026-09-03,credit,0.0,14777.02,14777.02,TXN104073,41127013.01
2026-09-03,credit,0.0,17812.59,17812.59,TXN104521,45744169.25
2026-09-03,credit,0.0,11497.34,11497.34,TXN104561,46164210.16
2026-09-03,credit,0.0,5375.1,5375.1,TXN104794,48482910.4
2026-09-03,credit,0.0,20413.32,20413.32,TXN104827,48822256.47
2026-09-03,credit,0.0,18936.49,18936.49,TXN104830,48870601.65
2026-09-03,credit,0.0,21354.17,21354.17,TXN104917,49722759.54
2026-09-04,debit,15299.01,0.0,-15299.01,TXN100190-R,2144108.61
2026-09-04,credit,0.0,15929.43,15929.43,TXN100870,9183166.06
2026-09-04,credit,0.0,5620.27,5620.27,TXN101045,11068144.72
2026-09-04,credit,0.0,9486.24,9486.24,TXN101216,12744437.3
2026-09-04,credit,0.0,7147.42,7147.42,TXN101590,16537528.03
2026-09-04,credit,0.0,23000.11,23000.11,TXN101719,17821856.04
2026-09-04,credit,0.0,6048.22,6048.22,TXN101761,18250370.31
2026-09-04,credit,0.0,2434.93,2434.93,TXN101869,19187536.65
2026-09-04,credit,0.0,1571.45,1571.45,TXN101872,19226427.04
2026-09-04,credit,0.0,4409.45,4409.45,TXN101958,20070389.22
2026-09-04,debit,1159.79,0.0,-1159.79,TXN102258-R,23141466.86
2026-09-04,credit,0.0,15358.5,15358.5,TXN1O2419,24511769.25
2026-09-04,credit,0.0,1679.59,1679.59,TXN102834,28792380.45
2026-09-04,credit,0.0,1462.7,1462.7,TXN103338,33877828.69
2026-09-04,credit,0.0,17128.62,17128.62,TXN1O3467,35136477.62
2026-09-04,credit,0.0,12398.14,12398.14,TXN103522,35751794.05
2026-09-04,debit,11936.4,0.0,-11936.4,TXN104208-R,42448662.96
2026-09-04,debit,22893.02,0.0,-22893.02,TXN104257-R,42981992.2
2026-09-04,credit,0.0,1608.38,1608.38,TXN104295,43415287.16
2026-09-04,credit,0.0,22794.65,22794.65,TXN104428,44851388.31
2026-09-04,credit,0.0,20951.01,20951.01,TXN104567,46240316.26
2026-09-04,credit,0.0,22296.59,22296.59,TXN104752,48032274.51
2026-09-04,credit,0.0,7325.79,7325.79,TXN104916,49701405.37
2026-09-05,credit,0.0,19784.33,19784.33,TXN100203,2329354.19
2026-09-05,credit,0.0,10380.46,10380.46,TXN100351,3958205.29
2026-09-05,credit,0.0,14674.29,14674.29,TXN100444,4883177.7
2026-09-05,credit,0.0,10627.93,10627.93,TXN100583,6210797.11
2026-09-05,credit,0.0,4071.21,4071.21,TXN100933,9837575.19
2026-09-05,credit,0.0,19738.7,19738.7,TXN101039,10988818.53
2026-09-05,debit,17590.35,0.0,-17590.35,TXN101263-R,13284020.62
2026-09-05,credit,0.0,20918.28,20918.28,TXN101341,14051611.46
2026-09-05,credit,0.0,16587.73,16587.73,TXN101350,14146168.87
2026-09-05,credit,0.0,16507.53,16507.53,TXN101438,15011441.39
2026-09-05,credit,0.0,6728.87,6728.87,TXN101697,17547715.76
2026-09-05,credit,0.0,12153.56,12153.56,TXN101707,17655817.11
2026-09-05,credit,0.0,24475.48,24475.48,TXN101764,18275184.84
2026-09-05,credit,0.0,6540.42,6540.42,TXN101819,18810824.12
2026-09-05,credit,0.0,5748.14,5748.14,TXN1O1960,20079183.97
2026-09-05,credit,0.0,7698.17,7698.17,TXN102210,22667368.03
2026-09-05,debit,15603.29,0.0,-15603.29,TXN102580-R,26292125.54
2026-09-05,credit,0.0,3342.95,3342.95,TXN103468,35139820.57
2026-09-05,credit,0.0,7903.57,7903.57,TXN103657,37040732.63
2026-09-05,credit,0.0,15385.56,15385.56,TXN103708,37473805.72
2026-09-05,credit,0.0,20504.73,20504.73,TXN103743,37850290.16
2026-09-05,credit,0.0,23338.0,23338.0,TXN103763,38118027.84
2026-09-05,credit,0.0,18144.8,18144.8,TXN103818,38596036.85
2026-09-05,credit,0.0,11301.06,11301.06,TXN103858,39029869.2
2026-09-05,credit,0.0,17906.98,17906.98,TXN103906,39463239.45
2026-09-05,credit,0.0,16810.27,16810.27,TXN104152,41835973.03
2026-09-05,credit,0.0,2899.14,2899.14,TXN104157,41884880.82
2026-09-05,credit,0.0,13594.4,13594.4,TXN1O4246,42876167.81
2026-09-05,debit,1608.38,0.0,-1608.38,TXN104295-R,43413678.78
2026-09-05,credit,0.0,2949.36,2949.36,TXN104609,46574325.45
2026-09-05,credit,0.0,23189.38,23189.38,TXN104732,47825971.44
2026-09-05,credit,0.0,18842.15,18842.15,TXN104790,48453274.52
2026-09-05,credit,0.0,20970.19,20970.19,TXN104915,49694079.58
2026-09-06,credit,0.0,2324.99,2324.99,TXN100087,1136083.59
2026-09-06,credit,0.0,5735.83,5735.83,TXN100236,2652697.19
2026-09-06,credit,0.0,1787.69,1787.69,TXN100239,2701483.63
2026-09-06,credit,0.0,3466.17,3466.17,TXN100470,5140304.9
2026-09-06,credit,0.0,1591.72,1591.72,TXN100854,8995459.44
2026-09-06,credit,0.0,15333.79,15333.79,TXN101103,11611307.47
2026-09-06,credit,0.0,15118.79,15118.79,TXN101241,13082039.64
2026-09-06,debit,22922.98,0.0,-22922.98,TXN101260-R,13239741.38
2026-09-06,credit,0.0,13403.32,13403.32,TXN101302,13724324.33
2026-09-06,credit,0.0,1861.97,1861.97,TXN101325,13896448.04
2026-09-06,credit,0.0,21463.68,21463.68,TXN1O1586,16489336.59
2026-09-06,credit,0.0,23190.22,23190.22,TXN1O1658,17128388.83
2026-09-06,debit,23000.11,0.0,-23000.11,TXN101719-R,17798855.93
2026-09-06,credit,0.0,1431.3,1431.3,TXN101955,20042284.26
2026-09-06,credit,0.0,10893.91,10893.91,TXN102289,23415548.04
2026-09-06,debit,6705.15,0.0,-6705.15,TXN102371-R,24161822.72
2026-09-06,debit,21380.31,0.0,-21380.31,TXN102401-R,24396853.41
2026-09-06,debit,16836.3,0.0,-16836.3,TXN102417-R,24496410.75
2026-09-06,credit,0.0,16405.32,16405.32,TXN102445,24823408.77
2026-09-06,credit,0.0,18873.49,18873.49,TXN102587,26338770.08
2026-09-06,credit,0.0,15283.09,15283.09,TXN102590,26383120.51
2026-09-06,credit,0.0,11282.22,11282.22,TXN102596,26472603.73
2026-09-06,credit,0.0,18042.91,18042.91,TXN102703,27500646.46
2026-09-06,credit,0.0,22953.36,22953.36,TXN103194,32343190.79
2026-09-06,debit,12311.49,0.0,-12311.49,TXN103208-R,32512393.63
2026-09-06,credit,0.0,13394.99,13394.99,TXN103448,34981982.71
2026-09-06,credit,0.0,16502.66,16502.66,TXN103595,36467443.28
2026-09-06,credit,0.0,6329.29,6329.29,TXN1O3918,39558867.55
2026-09-06,credit,0.0,5699.79,5699.79,TXN103968,40109339.22
2026-09-06,credit,0.0,12722.7,12722.7,TXN1O4068,41055564.32
2026-09-06,credit,0.0,10853.08,10853.08,TXN104282,43266691.1
2026-09-06,credit,0.0,10173.2,10173.2,TXN104438,44912555.32
2026-09-06,credit,0.0,1990.34,1990.34,TXN104478,45380747.24
2026-09-06,credit,0.0,20168.07,20168.07,TXN1O4987,50560160.82
2026-09-07,credit,0.0,18536.13,18536.13,TXN100271,3074390.12
2026-09-07,credit,0.0,15560.89,15560.89,TXN100377,4240230.78
2026-09-07,credit,0.0,15090.51,15090.51,TXN100397,4439267.33
2026-09-07,credit,0.0,11590.71,11590.71,TXN100497,5436965.47
2026-09-07,credit,0.0,17105.85,17105.85,TXN100597,6326504.61
2026-09-07,debit,9528.53,0.0,-9528.53,TXN100668-R,7067306.72
2026-09-07,debit,15333.79,0.0,-15333.79,TXN101103-R,11595973.68
2026-09-07,credit,0.0,6927.24,6927.24,TXN101209,12710699.63
2026-09-07,credit,0.0,17945.3,17945.3,TXN101266,13331444.92
2026-09-07,credit,0.0,6322.53,6322.53,TXN101305,13752753.59
2026-09-07,debit,1861.97,0.0,-1861.97,TXN101325-R,13894586.07
2026-09-07,debit,16587.73,0.0,-16587.73,TXN101350-R,14129581.14
2026-09-07,credit,0.0,4629.11,4629.11,TXN101860,19091717.22
2026-09-07,credit,0.0,19848.43,19848.43,TXN102369,24156309.33
2026-09-07,credit,0.0,5418.05,5418.05,TXN102405,24422325.41
2026-09-07,credit,0.0,16378.95,16378.95,TXN102490,25363999.58
2026-09-07,credit,0.0,5453.23,5453.23,TXN102612,26600355.54
2026-09-07,credit,0.0,10470.68,10470.68,TXN102936,29823811.79
2026-09-07,credit,0.0,20083.91,20083.91,TXN103114,31576195.01
2026-09-07,credit,0.0,2897.58,2897.58,TXN103309,33640119.01
2026-09-07,credit,0.0,14086.08,14086.08,TXN103422,34727325.88
2026-09-07,credit,0.0,12309.33,12309.33,TXN103559,36074917.2
2026-09-07,credit,0.0,10801.25,10801.25,TXN103574,36203579.38
2026-09-07,credit,0.0,20757.1,20757.1,TXN104103,41428373.98
2026-09-07,credit,0.0,10479.31,10479.31,TXN104419,44716302.43
2026-09-07,credit,0.0,22221.27,22221.27,TXN104434,44895308.89
2026-09-07,credit,0.0,550.44,550.44,TXN104463,45208453.69
2026-09-07,credit,0.0,8198.34,8198.34,TXN104861,49180268.8
2026-09-08,credit,0.0,15577.44,15577.44,TXN1O0014,378802.44
2026-09-08,credit,0.0,7490.54,7490.54,TXN100042,668362.41
2026-09-08,credit,0.0,14867.8,14867.8,TXN1O0247,2775969.14
2026-09-08,credit,0.0,2636.23,2636.23,TXN100326,3734184.25
2026-09-08,credit,0.0,12504.69,12504.69,TXN100435,4761836.3
2026-09-08,credit,0.0,7946.46,7946.46,TXN100438,4804032.88
2026-09-08,credit,0.0,7596.16,7596.16,TXN100566,6081107.33
2026-09-08,credit,0.0,16662.4,16662.4,TXN100704,7435510.63
2026-09-08,credit,0.0,12250.22,12250.22,TXN100793,8312062.63
2026-09-08,credit,0.0,19268.84,19268.84,TXN100893,9512084.67
2026-09-08,credit,0.0,3859.31,3859.31,TXN101091,11525213.65
2026-09-08,credit,0.0,15505.53,15505.53,TXN101295,13669642.45
2026-09-08,credit,0.0,3341.6,3341.6,TXN101523,15897594.54
2026-09-08,credit,0.0,1747.62,1747.62,TXN101573,16358723.36
2026-09-08,credit,0.0,7767.46,7767.46,TXN101679,17407398.6
2026-09-08,credit,0.0,19979.29,19979.29,TXN101763,18270688.65
2026-09-08,credit,0.0,7994.59,7994.59,TXN101850,19021013.85
2026-09-08,debit,1431.3,0.0,-1431.3,TXN101955-R,20040852.96
2026-09-08,credit,0.0,16585.38,16585.38,TXN101983,20341931.28
2026-09-08,credit,0.0,843.24,843.24,TXN102048,21037685.53
2026-09-08,debit,5418.05,0.0,-5418.05,TXN102405-R,24416907.36
2026-09-08,credit,0.0,23396.0,23396.0,TXN1O2576,26248384.16
2026-09-08,credit,0.0,2604.28,2604.28,TXN103175,32069951.33
2026-09-08,credit,0.0,24861.79,24861.79,TXN103183,32157871.08
2026-09-08,credit,0.0,11690.51,11690.51,TXN103440,34901253.15
2026-09-08,credit,0.0,11169.08,11169.08,TXN104045,40826453.3
2026-09-08,credit,0.0,1141.72,1141.72,TXN104395,44427797.82
2026-09-08,credit,0.0,21935.14,21935.14,TXN104429,44873323.45
2026-09-08,credit,0.0,11898.32,11898.32,TXN104439,44924453.64
2026-09-08,credit,0.0,13107.05,13107.05,TXN104485,45429985.61
2026-09-08,credit,0.0,18683.07,18683.07,TXN104590,46421661.61
2026-09-08,credit,0.0,24137.62,24137.62,TXN104955,50173697.53
2026-09-09,debit,2324.99,0.0,-2324.99,TXN100087-R,1133758.6
2026-09-09,credit,0.0,16288.44,16288.44,TXN100455,5037390.87
2026-09-09,credit,0.0,6798.56,6798.56,TXN100881,9338768.98
2026-09-09,credit,0.0,24176.62,24176.62,TXN101164,12298060.17
2026-09-09,debit,15118.79,0.0,-15118.79,TXN101241-R,13066920.85
2026-09-09,debit,17945.3,0.0,-17945.3,TXN101266-R,13313499.62
2026-09-09,credit,0.0,1045.24,1045.24,TXN101361,14276793.08
2026-09-09,credit,0.0,13070.07,13070.07,TXN101494,15620979.81
2026-09-09,credit,0.0,2678.66,2678.66,TXN101498,15637080.74
2026-09-09,credit,0.0,24076.03,24076.03,TXN101716,17777465.61
2026-09-09,credit,0.0,12594.21,12594.21,TXN1O1760,18244322.09
2026-09-09,credit,0.0,20953.51,20953.51,TXN101812,18746783.45
2026-09-09,credit,0.0,24338.02,24338.02,TXN101937,19843649.55
2026-09-09,credit,0.0,15427.31,15427.31,TXN1O1969,20156541.19
2026-09-09,credit,0.0,10986.55,10986.55,TXN102275,23248324.12
2026-09-09,credit,0.0,20811.72,20811.72,TXN102389,24317784.44
2026-09-09,credit,0.0,5555.03,5555.03,TXN1O2530,25820807.81
2026-09-09,credit,0.0,449.25,449.25,TXN1O2767,28116811.94
2026-09-09,credit,0.0,17752.01,17752.01,TXN102798,28434729.61
2026-09-09,credit,0.0,20251.0,20251.0,TXN103080,31244302.03
2026-09-09,credit,0.0,20126.99,20126.99,TXN103311,33674268.24
2026-09-09,credit,0.0,13564.53,13564.53,TXN103617,36661216.86
2026-09-09,credit,0.0,24402.69,24402.69,TXN103740,37817881.45
2026-09-09,credit,0.0,17269.88,17269.88,TXN103842,38829638.29
2026-09-09,credit,0.0,16018.94,16018.94,TXN103991,40321853.11
2026-09-09,credit,0.0,1486.06,1486.06,TXN104164,41972444.74
2026-09-09,debit,21935.14,0.0,-21935.14,TXN104429-R,44851388.31
2026-09-09,credit,0.0,4117.95,4117.95,TXN104527,45801529.8
2026-09-09,credit,0.0,8799.57,8799.57,TXN104991,50603122.23
2026-09-10,credit,0.0,20862.69,20862.69,TXN100102,1245013.11
2026-09-10,credit,0.0,21875.46,21875.46,TXN100201,2309569.86
2026-09-10,credit,0.0,3042.91,3042.91,TXN100430,4713305.62
2026-09-10,credit,0.0,24173.99,24173.99,TXN100437,4796086.42
2026-09-10,credit,0.0,23921.89,23921.89,TXN100565,6073511.17
2026-09-10,credit,0.0,18699.66,18699.66,TXN100936,9882481.94
2026-09-10,debit,6927.24,0.0,-6927.24,TXN101209-R,12703772.39
2026-09-10,credit,0.0,20490.16,20490.16,TXN101251,13164085.47
2026-09-10,credit,0.0,430.68,430.68,TXN101434,14981382.87
2026-09-10,debit,19979.29,0.0,-19979.29,TXN101763-R,18250709.36
2026-09-10,credit,0.0,20303.03,20303.03,TXN101838,18965344.94
2026-09-10,credit,0.0,13296.79,13296.79,TXN101871,19224855.59
2026-09-10,credit,0.0,11971.77,11971.77,TXN102103,21594900.77
2026-09-10,credit,0.0,22372.4,22372.4,TXN102114,21672019.83
2026-09-10,credit,0.0,20016.04,20016.04,TXN102320,23696053.84
2026-09-10,debit,16405.32,0.0,-16405.32,TXN102445-R,24807003.45
2026-09-10,credit,0.0,10543.36,10543.36,TXN102470,25165184.23
2026-09-10,credit,0.0,11451.42,11451.42,TXN102488,25347620.63
2026-09-10,credit,0.0,12660.68,12660.68,TXN1O2522,25716639.33
2026-09-10,credit,0.0,6755.61,6755.61,TXN102536,25865074.53
2026-09-10,credit,0.0,17511.03,17511.03,TXN102941,29868738.02
2026-09-10,credit,0.0,3973.53,3973.53,TXN103023,30628730.75
2026-09-10,debit,2604.28,0.0,-2604.28,TXN103175-R,32067347.05
2026-09-10,credit,0.0,7124.04,7124.04,TXN103246,32939102.7
2026-09-10,credit,0.0,11003.39,11003.39,TXN103250,32977505.62
2026-09-10,credit,0.0,15793.94,15793.94,TXN103679,37234904.43
2026-09-10,credit,0.0,20107.21,20107.21,TXN103705,37453154.27
2026-09-10,credit,0.0,3164.17,3164.17,TXN1O3899,39381333.42
2026-09-10,credit,0.0,1179.69,1179.69,TXN103913,39512739.54
2026-09-10,credit,0.0,14648.15,14648.15,TXN103939,39826677.53
2026-09-10,credit,0.0,7956.72,7956.72,TXN103960,40049868.35
2026-09-10,credit,0.0,15166.49,15166.49,TXN104039,40776491.01
2026-09-10,credit,0.0,22918.73,22918.73,TXN104534,45888484.51
2026-09-10,credit,0.0,16855.5,16855.5,TXN104583,46368440.25
2026-09-10,credit,0.0,15485.64,15485.64,TXN104673,47205453.96
2026-09-10,credit,0.0,15787.64,15787.64,TXN1O4722,47722253.35
2026-09-10,credit,0.0,20810.61,20810.61,TXN104757,48097784.34
2026-09-11,credit,0.0,3049.88,3049.88,TXN100001,253049.88
2026-09-11,credit,0.0,24501.01,24501.01,TXN100106,1308530.34
2026-09-11,credit,0.0,23525.21,23525.21,TXN100340,3875210.77
2026-09-11,credit,0.0,15049.51,15049.51,TXN100358,4074176.87
2026-09-11,credit,0.0,24506.67,24506.67,TXN100530,5787032.6
2026-09-11,credit,0.0,16373.09,16373.09,TXN100743,7859434.11
2026-09-11,credit,0.0,7880.26,7880.26,TXN100842,8900115.84
2026-09-11,credit,0.0,20553.08,20553.08,TXN100977,10370788.74
2026-09-11,credit,0.0,23461.28,23461.28,TXN101037,10951731.72
2026-09-11,credit,0.0,6461.81,6461.81,TXN101183,12459532.63
2026-09-11,credit,0.0,7638.94,7638.94,TXN101237,13020775.59
2026-09-11,credit,0.0,11316.03,11316.03,TXN101546,16081376.53
2026-09-11,credit,0.0,12797.16,12797.16,TXN101585,16480670.07
2026-09-11,credit,0.0,4327.3,4327.3,TXN101891,19438409.35
2026-09-11,credit,0.0,11500.06,11500.06,TXN101917,19648109.76
2026-09-11,credit,0.0,321.43,321.43,TXN101929,19744185.27
2026-09-11,credit,0.0,5808.72,5808.72,TXN102611,26594902.31
2026-09-11,credit,0.0,22509.22,22509.22,TXN102642,26922409.48
2026-09-11,credit,0.0,17453.8,17453.8,TXN102713,27615154.41
2026-09-11,credit,0.0,23951.41,23951.41,TXN1O2841,28858209.94
2026-09-11,credit,0.0,24370.15,24370.15,TXN102963,30080524.89
2026-09-11,debit,20251.0,0.0,-20251.0,TXN103080-R,31224051.03
2026-09-11,credit,0.0,24624.51,24624.51,TXN1O3281,33351867.59
2026-09-11,credit,0.0,11335.46,11335.46,TXN103353,34052424.92
2026-09-11,credit,0.0,2965.91,2965.91,TXN103411,34627388.92
2026-09-11,credit,0.0,20923.71,20923.71,TXN103458,35047324.33
2026-09-11,credit,0.0,20368.17,20368.17,TXN103921,39603099.75
2026-09-11,credit,0.0,18430.75,18430.75,TXN103923,39646043.08
2026-09-11,credit,0.0,311.46,311.46,TXN104150,41819162.76
2026-09-11,credit,0.0,12586.38,12586.38,TXN104220,42545575.04
2026-09-11,credit,0.0,8865.66,8865.66,TXN104639,46863116.52
2026-09-11,credit,0.0,2685.7,2685.7,TXN1O4665,47161532.13
2026-09-11,credit,0.0,23091.84,23091.84,TXN104850,49085258.83
2026-09-11,credit,0.0,19763.45,19763.45,TXN104966,50310988.03
2026-09-12,credit,0.0,11633.64,11633.64,TXN100029,503412.53
2026-09-12,credit,0.0,10886.74,10886.74,TXN1O0178,2059640.23
2026-09-12,debit,12504.69,0.0,-12504.69,TXN100435-R,4749331.61
2026-09-12,credit,0.0,4624.7,4624.7,TXN1O0510,5543606.72
2026-09-12,credit,0.0,2089.24,2089.24,TXN100557,5978821.72
2026-09-12,credit,0.0,23450.67,23450.67,TXN100574,6161926.2
2026-09-12,credit,0.0,18196.61,18196.61,TXN100735,7764337.16
2026-09-12,credit,0.0,23378.67,23378.67,TXN100738,7810121.68
2026-09-12,credit,0.0,1933.04,1933.04,TXN100937,9884414.98
2026-09-12,credit,0.0,13739.91,13739.91,TXN101074,11315740.46
2026-09-12,credit,0.0,6009.66,6009.66,TXN101202,12646411.49
2026-09-12,debit,15505.53,0.0,-15505.53,TXN101295-R,13654136.92
2026-09-12,credit,0.0,7235.99,7235.99,TXN101385,14483933.69
2026-09-12,debit,2678.66,0.0,-2678.66,TXN101498-R,15634402.08
2026-09-12,debit,12797.16,0.0,-12797.16,TXN101585-R,16467872.91
2026-09-12,credit,0.0,20956.6,20956.6,TXN101595,16588349.82
2026-09-12,debit,20953.51,0.0,-20953.51,TXN101812-R,18725829.94
2026-09-12,debit,20303.03,0.0,-20303.03,TXN101838-R,18945041.91
2026-09-12,credit,0.0,23125.71,23125.71,TXN102171,22302498.58
2026-09-12,credit,0.0,10335.33,10335.33,TXN102268,23216704.58
2026-09-12,credit,0.0,7288.96,7288.96,TXN1O2341,23880124.32
2026-09-12,credit,0.0,16664.74,16664.74,TXN102727,27748995.98
2026-09-12,credit,0.0,17519.21,17519.21,TXN102803,28507889.73
2026-09-12,credit,0.0,24506.58,24506.58,TXN103067,31089856.23
2026-09-12,credit,0.0,10099.85,10099.85,TXN103157,31931939.62
2026-09-12,credit,0.0,1286.73,1286.73,TXN104737,47853341.67
2026-09-12,debit,19763.45,0.0,-19763.45,TXN104966-R,50291224.58
2026-09-13,debit,3049.88,0.0,-3049.88,TXN100001-R,250000.0
2026-09-13,credit,0.0,2014.94,2014.94,TXN100021,424450.39
2026-09-13,credit,0.0,8728.41,8728.41,TXN1O0199,2284787.59
2026-09-13,credit,0.0,3980.04,3980.04,TXN100249,2790495.21
2026-09-13,credit,0.0,1861.46,1861.46,TXN1O0343,3896939.27
2026-09-13,credit,0.0,8976.06,8976.06,TXN100355,4032348.32
2026-09-13,credit,0.0,20431.41,20431.41,TXN100432,4742709.19
2026-09-13,credit,0.0,21646.98,21646.98,TXN1O0443,4868503.41
2026-09-13,credit,0.0,16462.35,16462.35,TXN100463,5081425.77
2026-09-13,credit,0.0,4919.84,4919.84,TXN100517,5640878.14
2026-09-13,credit,0.0,9161.34,9161.34,TXN100535,5816152.5
2026-09-13,credit,0.0,15068.92,15068.92,TXN100815,8579175.79
2026-09-13,credit,0.0,16692.89,16692.89,TXN100816,8595868.68
2026-09-13,credit,0.0,11252.75,11252.75,TXN100999,10535495.72
2026-09-13,credit,0.0,4578.06,4578.06,TXN1O1130,11940244.73
2026-09-13,credit,0.0,14163.38,14163.38,TXN101280,13497384.73
2026-09-13,credit,0.0,9516.32,9516.32,TXN101334,13990729.69
2026-09-13,debit,13070.07,0.0,-13070.07,TXN101494-R,15607909.74
2026-09-13,credit,0.0,9727.64,9727.64,TXN101540,16025969.17
2026-09-13,credit,0.0,687.98,687.98,TXN101856,19072999.39
2026-09-13,credit,0.0,5191.6,5191.6,TXN101940,19862346.42
2026-09-13,credit,0.0,24974.11,24974.11,TXN102019,20735132.17
2026-09-13,credit,0.0,19339.87,19339.87,TXN102054,21106357.47
2026-09-13,credit,0.0,17370.16,17370.16,TXN102072,21290856.04
2026-09-13,debit,11971.77,0.0,-11971.77,TXN102103-R,21582929.0
2026-09-13,credit,0.0,6345.33,6345.33,TXN102105,21589274.33
2026-09-13,credit,0.0,22669.69,22669.69,TXN102236,22978217.56
2026-09-13,credit,0.0,18888.2,18888.2,TXN102346,23934854.1
2026-09-13,credit,0.0,13259.54,13259.54,TXN102357,24056653.2
2026-09-13,credit,0.0,8865.07,8865.07,TXN102397,24365146.8
2026-09-13,debit,16664.74,0.0,-16664.74,TXN102727-R,27732331.24
2026-09-13,credit,0.0,20373.95,20373.95,TXN102762,28097292.82
2026-09-13,credit,0.0,17657.6,17657.6,TXN102914,29654460.8
2026-09-13,debit,24370.15,0.0,-24370.15,TXN102963-R,30056154.74
2026-09-13,credit,0.0,24268.52,24268.52,TXN103089,31351804.7
2026-09-13,credit,0.0,17472.6,17472.6,TXN103146,31824523.26
2026-09-13,credit,0.0,23213.26,23213.26,TXN103314,33728995.31
2026-09-13,credit,0.0,20329.44,20329.44,TXN1O3845,38883910.97
2026-09-13,credit,0.0,5863.15,5863.15,TXN103887,39307851.14
2026-09-13,credit,0.0,24733.46,24733.46,TXN103987,40309822.11
2026-09-13,credit,0.0,7701.04,7701.04,TXN1O4043,40815284.22
2026-09-13,credit,0.0,14217.87,14217.87,TXN104100,41378836.04
2026-09-13,credit,0.0,22464.08,22464.08,TXN104131,41671008.21
2026-09-13,credit,0.0,19766.97,19766.97,TXN1O4232,42703309.93
2026-09-13,credit,0.0,8299.94,8299.94,TXN104566,46219365.25
2026-09-13,credit,0.0,19890.63,19890.63,TXN104758,48117674.97
2026-09-13,credit,0.0,17179.64,17179.64,TXN104800,48550922.97
2026-09-14,credit,0.0,17270.28,17270.28,TXN100006,276985.02
2026-09-14,credit,0.0,1294.38,1294.38,TXN100185,2112089.49
2026-09-14,credit,0.0,4832.7,4832.7,TXN100447,4913410.43
2026-09-14,credit,0.0,24363.37,24363.37,TXN100797,8358564.45
2026-09-14,debit,1933.04,0.0,-1933.04,TXN100937-R,9882481.94
2026-09-14,credit,0.0,19468.23,19468.23,TXN101182,12453070.82
2026-09-14,credit,0.0,24386.93,24386.93,TXN101267,13337886.55
2026-09-14,credit,0.0,517.45,517.45,TXN101303,13724841.78
2026-09-14,credit,0.0,10738.81,10738.81,TXN101411,14722518.38
2026-09-14,credit,0.0,9536.8,9536.8,TXN1O1701,17584690.19
2026-09-14,credit,0.0,22706.91,22706.91,TXN1O1726,17872474.68
2026-09-14,credit,0.0,14965.14,14965.14,TXN101972,20198264.62
2026-09-14,credit,0.0,19150.12,19150.12,TXN1O2279,23305006.68
2026-09-14,debit,18888.2,0.0,-18888.2,TXN102346-R,23915965.9
2026-09-14,credit,0.0,6271.97,6271.97,TXN1O2381,24242533.2
2026-09-14,debit,8865.07,0.0,-8865.07,TXN102397-R,24356281.73
2026-09-14,credit,0.0,23080.15,23080.15,TXN102456,24991469.04
2026-09-14,debit,6755.61,0.0,-6755.61,TXN102536-R,25858318.92
2026-09-14,credit,0.0,15999.56,15999.56,TXN102543,25890673.42
2026-09-14,credit,0.0,9508.07,9508.07,TXN102908,29613798.54
2026-09-14,credit,0.0,3365.01,3365.01,TXN102920,29701164.05
2026-09-14,credit,0.0,6947.95,6947.95,TXN103040,30773160.8
2026-09-14,credit,0.0,21834.81,21834.81,TXN103478,35257474.95
2026-09-14,credit,0.0,9555.48,9555.48,TXN103607,36541990.8
2026-09-14,credit,0.0,8900.06,8900.06,TXN103797,38377932.28
2026-09-14,credit,0.0,5061.18,5061.18,TXN104017,40531160.6
2026-09-14,credit,0.0,24825.86,24825.86,TXN104097,41373078.07
2026-09-14,credit,0.0,21348.47,21348.47,TXN1O4959,50200851.62
2026-09-15,credit,0.0,13364.84,13364.84,TXN100097,1212199.59
2026-09-15,credit,0.0,24257.93,24257.93,TXN100297,3410561.22
2026-09-15,credit,0.0,16377.64,16377.64,TXN100381,4297212.31
2026-09-15,credit,0.0,21549.08,21549.08,TXN100687,7277144.27
2026-09-15,credit,0.0,18858.23,18858.23,TXN100866,9144911.38
2026-09-15,credit,0.0,10445.25,10445.25,TXN100956,10039417.27
2026-09-15,credit,0.0,2455.6,2455.6,TXN101153,12155906.0
2026-09-15,credit,0.0,8061.68,8061.68,TXN101220,12775671.4
2026-09-15,credit,0.0,724.12,724.12,TXN101234,12979218.46
2026-09-15,credit,0.0,22844.05,22844.05,TXN101521,15887842.25
2026-09-15,debit,20956.6,0.0,-20956.6,TXN101595-R,16567393.22
2026-09-15,credit,0.0,23645.86,23645.86,TXN101668,17270717.2
2026-09-15,credit,0.0,8920.79,8920.79,TXN101743,18050526.27
2026-09-15,credit,0.0,16447.07,16447.07,TXN101951,20001142.91
2026-09-15,credit,0.0,15358.96,15358.96,TXN102339,23869341.15
2026-09-15,credit,0.0,24310.42,24310.42,TXN102527,25798706.21
2026-09-15,credit,0.0,19749.13,19749.13,TXN102624,26702076.87
2026-09-15,credit,0.0,593.7,593.7,TXN102664,27197976.71
2026-09-15,debit,17453.8,0.0,-17453.8,TXN102713-R,27597700.61
2026-09-15,debit,20373.95,0.0,-20373.95,TXN102762-R,28076918.87
2026-09-15,credit,0.0,4343.25,4343.25,TXN102894,29428402.95
2026-09-15,credit,0.0,18706.45,18706.45,TXN1O2906,29587725.05
2026-09-15,debit,3365.01,0.0,-3365.01,TXN102920-R,29697799.04
2026-09-15,credit,0.0,20490.01,20490.01,TXN103043,30819060.02
2026-09-15,credit,0.0,6499.34,6499.34,TXN103077,31201835.05
2026-09-15,credit,0.0,4039.65,4039.65,TXN103484,35317797.02
2026-09-15,credit,0.0,19834.01,19834.01,TXN103585,36356632.42
2026-09-15,credit,0.0,1250.99,1250.99,TXN103596,36468694.27
2026-09-15,credit,0.0,1515.62,1515.62,TXN103712,37513293.43
2026-09-15,credit,0.0,10198.55,10198.55,TXN1O3722,37576280.85
2026-09-15,credit,0.0,14241.53,14241.53,TXN103731,37701768.82
2026-09-15,credit,0.0,16735.43,16735.43,TXN104106,41453372.3
2026-09-15,credit,0.0,22296.74,22296.74,TXN104498,45599507.37
2026-09-15,credit,0.0,18190.97,18190.97,TXN104690,47381501.68
2026-09-15,credit,0.0,21841.19,21841.19,TXN104852,49107100.02
2026-09-15,credit,0.0,17375.15,17375.15,TXN104922,49793542.2
2026-09-16,credit,0.0,12394.12,12394.12,TXN100286,3285282.52
2026-09-16,credit,0.0,10076.4,10076.4,TXN100320,3668147.76
2026-09-16,credit,0.0,12916.25,12916.25,TXN100372,4205995.52
2026-09-16,credit,0.0,6108.82,6108.82,TXN101018,10708845.75
2026-09-16,credit,0.0,3436.07,3436.07,TXN101409,14689324.44
2026-09-16,credit,0.0,9197.41,9197.41,TXN101670,17286915.98
2026-09-16,credit,0.0,3690.34,3690.34,TXN101684,17441823.31
2026-09-16,credit,0.0,11087.36,11087.36,TXN101857,19083398.77
2026-09-16,credit,0.0,22380.98,22380.98,TXN101911,19596440.67
2026-09-16,credit,0.0,18714.94,18714.94,TXN101914,19636609.7
2026-09-16,credit,0.0,443.39,443.39,TXN102338,23853982.19
2026-09-16,credit,0.0,18548.73,18548.73,TXN102557,26043777.15
2026-09-16,credit,0.0,20489.04,20489.04,TXN102673,27260566.75
2026-09-16,credit,0.0,4717.06,4717.06,TXN102704,27505363.52
2026-09-16,credit,0.0,19950.39,19950.39,TXN102742,27916411.78
2026-09-16,credit,0.0,22835.7,22835.7,TXN102886,29359715.45
2026-09-16,credit,0.0,6097.46,6097.46,TXN103470,35150782.78
2026-09-16,credit,0.0,13278.22,13278.22,TXN103490,35390895.56
2026-09-16,credit,0.0,3322.7,3322.7,TXN103551,35964632.12
2026-09-16,credit,0.0,5348.39,5348.39,TXN104112,41482781.44
2026-09-16,credit,0.0,13558.42,13558.42,TXN104326,43759133.81
2026-09-16,credit,0.0,19274.55,19274.55,TXN104414,44670264.85
2026-09-16,credit,0.0,11614.76,11614.76,TXN104461,45207903.25
2026-09-16,credit,0.0,7520.22,7520.22,TXN104974,50394483.88
2026-09-17,credit,0.0,5929.09,5929.09,TXN100016,389781.06
2026-09-17,credit,0.0,21245.98,21245.98,TXN100136,1693070.85
2026-09-17,credit,0.0,15614.97,15614.97,TXN100147,1819827.6
2026-09-17,credit,0.0,14371.13,14371.13,TXN100216,2438189.94
2026-09-17,credit,0.0,23646.28,23646.28,TXN1O0265,3006945.49
2026-09-17,debit,16377.64,0.0,-16377.64,TXN100381-R,4280834.67
2026-09-17,credit,0.0,15424.95,15424.95,TXN101069,11246958.75
2026-09-17,credit,0.0,24172.19,24172.19,TXN1O1137,12015372.84
2026-09-17,debit,8061.68,0.0,-8061.68,TXN101220-R,12767609.72
2026-09-17,credit,0.0,17883.33,17883.33,TXN101223,12824447.98
2026-09-17,credit,0.0,16664.41,16664.41,TXN101224,12841112.39
2026-09-17,credit,0.0,5989.55,5989.55,TXN1O1387,14489923.24
2026-09-17,credit,0.0,20586.19,20586.19,TXN101396,14577426.43
2026-09-17,credit,0.0,7001.37,7001.37,TXN1O1669,17277718.57
2026-09-17,debit,687.98,0.0,-687.98,TXN101856-R,19072311.41
2026-09-17,credit,0.0,24022.15,24022.15,TXN101870,19211558.8
2026-09-17,credit,0.0,12300.8,12300.8,TXN102182,22418738.8
2026-09-17,credit,0.0,14417.75,14417.75,TXN102329,23763611.07
2026-09-17,credit,0.0,21932.59,21932.59,TXN102439,24723298.03
2026-09-17,debit,593.7,0.0,-593.7,TXN102664-R,27197383.01
2026-09-17,credit,0.0,18695.44,18695.44,TXN103033,30732022.95
2026-09-17,credit,0.0,13144.61,13144.61,TXN103371,34215116.54
2026-09-17,credit,0.0,20494.24,20494.24,TXN103678,37219110.49
2026-09-17,debit,24733.46,0.0,-24733.46,TXN103987-R,40285088.65
2026-09-17,credit,0.0,7361.27,7361.27,TXN104135,41698076.48
2026-09-17,credit,0.0,22662.45,22662.45,TXN104516,45697032.13
2026-09-17,credit,0.0,17942.5,17942.5,TXN104866,49231833.69
2026-09-17,credit,0.0,13943.27,13943.27,TXN1O4968,50329892.9
2026-09-18,debit,13364.84,0.0,-13364.84,TXN100097-R,1198834.75
2026-09-18,credit,0.0,22499.23,22499.23,TXN100135,1671824.87
2026-09-18,credit,0.0,17523.04,17523.04,TXN1O0887,9421502.08
2026-09-18,debit,517.45,0.0,-517.45,TXN101303-R,13724324.33
2026-09-18,debit,3690.34,0.0,-3690.34,TXN101684-R,17438132.97
2026-09-18,credit,0.0,17512.53,17512.53,TXN1O2055,21123870.0
2026-09-18,credit,0.0,9218.3,9218.3,TXN102085,21396384.95
2026-09-18,credit,0.0,14894.23,14894.23,TXN102172,22317392.81
2026-09-18,credit,0.0,12227.38,12227.38,TXN102406,24429134.74
2026-09-18,credit,0.0,13154.29,13154.29,TXN102460,25042946.8
2026-09-18,debit,18548.73,0.0,-18548.73,TXN102557-R,26025228.42
2026-09-18,credit,0.0,16239.74,16239.74,TXN102799,28450969.35
2026-09-18,credit,0.0,14686.4,14686.4,TXN102827,28709926.46
2026-09-18,credit,0.0,21273.45,21273.45,TXN1O2877,29262960.64
2026-09-18,credit,0.0,24578.34,24578.34,TXN103006,30430168.96
2026-09-18,debit,4039.65,0.0,-4039.65,TXN103484-R,35313757.37
2026-09-18,credit,0.0,7182.13,7182.13,TXN103661,37056966.71
2026-09-18,credit,0.0,22153.52,22153.52,TXN103959,40041911.63
2026-09-18,credit,0.0,1084.94,1084.94,TXN104020,40532245.54
2026-09-18,debit,24825.86,0.0,-24825.86,TXN104097-R,41348252.21
2026-09-18,debit,16735.43,0.0,-16735.43,TXN104106-R,41436636.87
2026-09-18,credit,0.0,6864.13,6864.13,TXN104224,42606806.9
2026-09-18,credit,0.0,9519.8,9519.8,TXN104227,42630475.27
2026-09-18,credit,0.0,22859.54,22859.54,TXN1O4472,45327728.57
2026-09-18,credit,0.0,2914.07,2914.07,TXN104480,45399229.36
2026-09-18,debit,22296.74,0.0,-22296.74,TXN104498-R,45577210.63
2026-09-18,credit,0.0,21476.77,21476.77,TXN104608,46571376.09
2026-09-18,credit,0.0,8951.09,8951.09,TXN104708,47593620.99
2026-09-18,credit,0.0,19548.9,19548.9,TXN104864,49210563.16
2026-09-18,credit,0.0,8367.26,8367.26,TXN104924,49821827.62
2026-09-19,credit,0.0,11999.71,11999.71,TXN100061,883688.2
2026-09-19,credit,0.0,21642.38,21642.38,TXN1O0119,1508567.31
2026-09-19,credit,0.0,5063.43,5063.43,TXN100134,1649325.64
2026-09-19,credit,0.0,23749.7,23749.7,TXN100348,3936463.92
2026-09-19,credit,0.0,20213.14,20213.14,TXN100419,4615462.83
2026-09-19,credit,0.0,9485.26,9485.26,TXN100706,7469311.46
2026-09-19,credit,0.0,13821.54,13821.54,TXN100718,7584114.19
2026-09-19,credit,0.0,8971.78,8971.78,TXN101148,12128262.75
2026-09-19,credit,0.0,12504.37,12504.37,TXN101200,12640401.83
2026-09-19,credit,0.0,21350.6,21350.6,TXN101221,12788960.32
2026-09-19,credit,0.0,24709.61,24709.61,TXN101705,17645173.71
2026-09-19,credit,0.0,3205.98,3205.98,TXN101802,18658893.39
2026-09-19,credit,0.0,20289.71,20289.71,TXN101814,18754628.25
2026-09-19,credit,0.0,3401.06,3401.06,TXN101855,19072311.41
2026-09-19,credit,0.0,7829.46,7829.46,TXN102020,20742961.63
2026-09-19,credit,0.0,11295.87,11295.87,TXN102544,25901969.29
2026-09-19,credit,0.0,3340.52,3340.52,TXN102858,29020075.75
2026-09-19,credit,0.0,16565.42,16565.42,TXN1O2907,29604290.47
2026-09-19,credit,0.0,622.4,622.4,TXN103037,30753117.22
2026-09-19,credit,0.0,22358.91,22358.91,TXN103219,32649143.18
2026-09-19,credit,0.0,2676.29,2676.29,TXN103507,35568870.66
2026-09-19,debit,1250.99,0.0,-1250.99,TXN103596-R,36467443.28
2026-09-19,credit,0.0,12280.98,12280.98,TXN1O3691,37310724.11
2026-09-19,credit,0.0,18149.91,18149.91,TXN103883,39270584.74
2026-09-19,credit,0.0,5047.17,5047.17,TXN104451,45068464.44
2026-09-19,debit,19548.9,0.0,-19548.9,TXN104864-R,49191014.26
2026-09-19,credit,0.0,13608.45,13608.45,TXN104931,49903259.64
2026-09-19,credit,0.0,22638.2,22638.2,TXN104960,50223489.82
2026-09-19,credit,0.0,15474.84,15474.84,TXN1O4983,50500854.41
2026-09-20,debit,21245.98,0.0,-21245.98,TXN100136-R,1671824.87
2026-09-20,credit,0.0,20103.2,20103.2,TXN100259,2924863.92
2026-09-20,credit,0.0,2268.76,2268.76,TXN100408,4535557.29
2026-09-20,credit,0.0,11642.11,11642.11,TXN100591,6263969.39
2026-09-20,credit,0.0,2947.09,2947.09,TXN100609,6457856.04
2026-09-20,credit,0.0,20230.81,20230.81,TXN100680,7227334.47
2026-09-20,credit,0.0,20514.05,20514.05,TXN100700,7387060.84
2026-09-20,credit,0.0,22577.94,22577.94,TXN100959,10098875.33
2026-09-20,credit,0.0,18772.36,18772.36,TXN1O1271,13392400.02
2026-09-20,credit,0.0,1190.71,1190.71,TXN101444,15037508.7
2026-09-20,credit,0.0,5375.65,5375.65,TXN101482,15473553.64
2026-09-20,credit,0.0,11630.4,11630.4,TXN101610,16742294.55
2026-09-20,debit,24709.61,0.0,-24709.61,TXN101705-R,17620464.1
2026-09-20,credit,0.0,7324.2,7324.2,TXN101747,18093702.56
2026-09-20,credit,0.0,18802.55,18802.55,TXN101904,19564814.61
2026-09-20,debit,7829.46,0.0,-7829.46,TXN102020-R,20735132.17
2026-09-20,credit,0.0,23650.52,23650.52,TXN1O2042,20991478.15
2026-09-20,credit,0.0,9855.3,9855.3,TXN102377,24209792.99
2026-09-20,credit,0.0,4478.1,4478.1,TXN102541,25874673.86
2026-09-20,credit,0.0,19245.58,19245.58,TXN102591,26402366.09
2026-09-20,credit,0.0,8263.61,8263.61,TXN102658,27097636.12
2026-09-20,credit,0.0,13178.82,13178.82,TXN102725,27711369.66
2026-09-20,credit,0.0,24908.73,24908.73,TXN102851,28983703.38
2026-09-20,credit,0.0,10093.79,10093.79,TXN103230,32744605.33
2026-09-20,credit,0.0,5030.58,5030.58,TXN103681,37249527.37
2026-09-20,credit,0.0,20826.25,20826.25,TXN103819,38616863.1
2026-09-20,credit,0.0,17973.39,17973.39,TXN103881,39239212.04
2026-09-20,credit,0.0,11844.29,11844.29,TXN103948,39893959.78
2026-09-20,credit,0.0,13420.15,13420.15,TXN104642,46886027.78
2026-09-20,debit,17942.5,0.0,-17942.5,TXN104866-R,49213891.19
2026-09-21,credit,0.0,23955.39,23955.39,TXN100126,1578909.55
2026-09-21,credit,0.0,18778.92,18778.92,TXN100140,1726176.9
2026-09-21,credit,0.0,18188.15,18188.15,TXN100336,3835518.79
2026-09-21,credit,0.0,14597.59,14597.59,TXN100412,4578615.48
2026-09-21,credit,0.0,23694.12,23694.12,TXN100476,5217735.24
2026-09-21,credit,0.0,14487.99,14487.99,TXN100821,8646112.33
2026-09-21,credit,0.0,9999.71,9999.71,TXN100880,9331970.42
2026-09-21,credit,0.0,5406.26,5406.26,TXN101128,11941072.93
2026-09-21,credit,0.0,12849.18,12849.18,TXN101135,11988440.26
2026-09-21,credit,0.0,17619.05,17619.05,TXN1O1461,15244283.79
2026-09-21,debit,11630.4,0.0,-11630.4,TXN101610-R,16730664.15
2026-09-21,credit,0.0,24820.19,24820.19,TXN101794,18590360.19
2026-09-21,credit,0.0,7822.39,7822.39,TXN101842,18985066.19
2026-09-21,credit,0.0,21279.6,21279.6,TXN101952,20022422.51
2026-09-21,credit,0.0,10229.61,10229.61,TXN101962,20098045.95
2026-09-21,credit,0.0,16887.48,16887.48,TXN102082,21362079.82
2026-09-21,credit,0.0,2399.65,2399.65,TXN102165,22251428.36
2026-09-21,credit,0.0,4977.27,4977.27,TXN102297,23525831.68
2026-09-21,credit,0.0,4217.55,4217.55,TXN1O2411,24486370.89
2026-09-21,credit,0.0,871.0,871.0,TXN102561,26067762.24
2026-09-21,credit,0.0,13463.66,13463.66,TXN102562,26081225.9
2026-09-21,credit,0.0,6908.34,6908.34,TXN102723,27692539.03
2026-09-21,credit,0.0,11753.64,11753.64,TXN102888,29385026.6
2026-09-21,credit,0.0,19701.83,19701.83,TXN1O2898,29465905.68
2026-09-21,credit,0.0,10805.98,10805.98,TXN102939,29846182.64
2026-09-21,credit,0.0,23638.27,23638.27,TXN102958,30016740.76
2026-09-21,credit,0.0,15334.96,15334.96,TXN102964,30071489.7
2026-09-21,credit,0.0,22235.59,22235.59,TXN102976,30202538.25
2026-09-21,credit,0.0,6316.53,6316.53,TXN102985,30275455.4
2026-09-21,credit,0.0,20381.0,20381.0,TXN103013,30490049.76
2026-09-21,credit,0.0,15714.3,15714.3,TXN103433,34829721.92
2026-09-21,credit,0.0,21935.53,21935.53,TXN1O3436,34859444.41
2026-09-21,credit,0.0,12067.4,12067.4,TXN103495,35449095.19
2026-09-21,credit,0.0,7366.41,7366.41,TXN103504,35553008.47
2026-09-21,credit,0.0,7399.24,7399.24,TXN103576,36230743.6
2026-09-21,credit,0.0,10022.31,10022.31,TXN104450,45063417.27
2026-09-21,credit,0.0,14917.76,14917.76,TXN1O4488,45467236.77
2026-09-21,credit,0.0,9622.4,9622.4,TXN104625,46704493.55
2026-09-22,credit,0.0,22580.82,22580.82,TXN100436,4771912.43
2026-09-22,credit,0.0,16189.73,16189.73,TXN100623,6607707.94
2026-09-22,credit,0.0,19337.92,19337.92,TXN100639,6744607.94
2026-09-22,credit,0.0,5246.61,5246.61,TXN100676,7159929.94
2026-09-22,credit,0.0,19127.67,19127.67,TXN100892,9492815.83
2026-09-22,credit,0.0,11054.21,11054.21,TXN101090,11521354.34
2026-09-22,debit,5406.26,0.0,-5406.26,TXN101128-R,11935666.67
2026-09-22,credit,0.0,9727.23,9727.23,TXN101159,12220322.94
2026-09-22,credit,0.0,2139.38,2139.38,TXN101289,13575126.28
2026-09-22,credit,0.0,12292.35,12292.35,TXN101589,16530380.61
2026-09-22,debit,7324.2,0.0,-7324.2,TXN101747-R,18086378.36
2026-09-22,credit,0.0,23910.01,23910.01,TXN101899,19506857.59
2026-09-22,debit,18802.55,0.0,-18802.55,TXN101904-R,19546012.06
2026-09-22,credit,0.0,13673.44,13673.44,TXN102049,21051358.97
2026-09-22,credit,0.0,9235.83,9235.83,TXN102433,24664179.74
2026-09-22,credit,0.0,9495.99,9495.99,TXN102529,25815252.78
2026-09-22,credit,0.0,21182.57,21182.57,TXN102659,27118818.69
2026-09-22,credit,0.0,22286.76,22286.76,TXN102832,28790700.86
2026-09-22,credit,0.0,16459.24,16459.24,TXN103176,32083806.29
2026-09-22,credit,0.0,24763.2,24763.2,TXN1O3398,34494259.42
2026-09-22,credit,0.0,4010.63,4010.63,TXN103421,34713239.8
2026-09-22,credit,0.0,17184.8,17184.8,TXN103539,35877996.25
2026-09-22,credit,0.0,23788.89,23788.89,TXN103581,36300698.72
2026-09-22,credit,0.0,10324.89,10324.89,TXN103604,36520275.27
2026-09-22,credit,0.0,4287.57,4287.57,TXN104189,42266990.06
2026-09-22,credit,0.0,9053.98,9053.98,TXN104286,43321317.39
2026-09-22,credit,0.0,14795.75,14795.75,TXN1O4294,43413678.78
2026-09-22,credit,0.0,22302.52,22302.52,TXN104317,43672750.82
2026-09-22,credit,0.0,14215.09,14215.09,TXN104424,44785085.78
2026-09-22,credit,0.0,14074.81,14074.81,TXN104579,46314267.64
2026-09-22,credit,0.0,4357.62,4357.62,TXN104646,46912334.61
2026-09-22,credit,0.0,15248.56,15248.56,TXN104743,47938168.64
2026-09-22,credit,0.0,16569.04,16569.04,TXN104948,50109459.7
2026-09-23,credit,0.0,15130.17,15130.17,TXN100196,2240181.13
2026-09-23,credit,0.0,6065.57,6065.57,TXN100246,2761101.34
2026-09-23,credit,0.0,19524.3,19524.3,TXN100321,3687672.06
2026-09-23,debit,23749.7,0.0,-23749.7,TXN100348-R,3912714.22
2026-09-23,credit,0.0,10123.88,10123.88,TXN100575,6172050.08
2026-09-23,credit,0.0,24390.41,24390.41,TXN101177,12413755.87
2026-09-23,credit,0.0,7833.22,7833.22,TXN101283,13515807.14
2026-09-23,credit,0.0,10777.97,10777.97,TXN101315,13839091.84
2026-09-23,credit,0.0,4015.79,4015.79,TXN101318,13843107.63
2026-09-23,credit,0.0,10668.94,10668.94,TXN101405,14665740.31
2026-09-23,credit,0.0,17757.71,17757.71,TXN101433,14980952.19
2026-09-23,credit,0.0,16217.14,16217.14,TXN101817,18796798.87
2026-09-23,credit,0.0,11314.77,11314.77,TXN101908,19567537.86
2026-09-23,credit,0.0,14526.39,14526.39,TXN101963,20112572.34
2026-09-23,credit,0.0,12058.21,12058.21,TXN102109,21643155.55
2026-09-23,credit,0.0,20056.97,20056.97,TXN102119,21736342.59
2026-09-23,credit,0.0,17498.07,17498.07,TXN102765,28103182.33
2026-09-23,debit,10805.98,0.0,-10805.98,TXN102939-R,29835376.66
2026-09-23,credit,0.0,13844.71,13844.71,TXN102947,29927245.78
2026-09-23,debit,15334.96,0.0,-15334.96,TXN102964-R,30056154.74
2026-09-23,credit,0.0,15313.21,15313.21,TXN103087,31316920.86
2026-09-23,credit,0.0,10746.13,10746.13,TXN103215,32603113.71
2026-09-23,debit,12067.4,0.0,-12067.4,TXN103495-R,35437027.79
2026-09-23,credit,0.0,2495.93,2495.93,TXN103972,40163706.79
2026-09-23,credit,0.0,21880.52,21880.52,TXN104347,43972424.12
2026-09-23,credit,0.0,1863.7,1863.7,TXN104389,44366972.07
2026-09-23,credit,0.0,15208.85,15208.85,TXN104528,45816738.65
2026-09-23,credit,0.0,12410.62,12410.62,TXN104678,47276042.97
2026-09-23,credit,0.0,3471.09,3471.09,TXN1O4686,47335594.62
2026-09-23,credit,0.0,4123.47,4123.47,TXN1O4694,47425211.62
2026-09-23,credit,0.0,22976.66,22976.66,TXN104909,49672199.4
2026-09-23,credit,0.0,10690.49,10690.49,TXN104971,50363283.17
2026-09-24,credit,0.0,14056.66,14056.66,TXN100024,456816.48
2026-09-24,credit,0.0,22093.04,22093.04,TXN100109,1347334.64
2026-09-24,credit,0.0,11039.25,11039.25,TXN100528,5747348.84
2026-09-24,credit,0.0,1744.25,1744.25,TXN100576,6173794.33
2026-09-24,debit,20230.81,0.0,-20230.81,TXN100680-R,7207103.66
2026-09-24,credit,0.0,17757.63,17757.63,TXN100770,8108645.67
2026-09-24,credit,0.0,962.56,962.56,TXN1O0919,9717018.79
2026-09-24,credit,0.0,7574.58,7574.58,TXN101041,11016401.79
2026-09-24,credit,0.0,2532.68,2532.68,TXN101125,11910480.96
2026-09-24,credit,0.0,3096.81,3096.81,TXN101186,12494042.48
2026-09-24,credit,0.0,17604.33,17604.33,TXN101222,12806564.65
2026-09-24,credit,0.0,11755.07,11755.07,TXN101570,16335139.79
2026-09-24,credit,0.0,2277.56,2277.56,TXN101867,19174619.05
2026-09-24,credit,0.0,20093.94,20093.94,TXN101934,19788991.01
2026-09-24,debit,12058.21,0.0,-12058.21,TXN102109-R,21631097.34
2026-09-24,credit,0.0,19146.69,19146.69,TXN102136,21937894.42
2026-09-24,credit,0.0,16635.75,16635.75,TXN102208,22659669.86
2026-09-24,credit,0.0,22961.2,22961.2,TXN102259,23164428.06
2026-09-24,credit,0.0,10768.36,10768.36,TXN102572,26193197.35
2026-09-24,credit,0.0,8153.78,8153.78,TXN1O2750,27983308.12
2026-09-24,credit,0.0,9394.06,9394.06,TXN102795,28415825.26
2026-09-24,credit,0.0,3349.56,3349.56,TXN102879,29281100.69
2026-09-24,credit,0.0,2745.53,2745.53,TXN1O2932,29773833.57
2026-09-24,debit,16459.24,0.0,-16459.24,TXN103176-R,32067347.05
2026-09-24,credit,0.0,18189.06,18189.06,TXN103343,33912958.66
2026-09-24,credit,0.0,6661.96,6661.96,TXN103687,37275941.16
2026-09-24,credit,0.0,13977.96,13977.96,TXN103747,37910656.77
2026-09-24,credit,0.0,5670.41,5670.41,TXN104366,44124977.73
2026-09-24,credit,0.0,21245.47,21245.47,TXN104440,44945699.11
2026-09-24,credit,0.0,14511.42,14511.42,TXN104742,47922920.08
2026-09-24,debit,15248.56,0.0,-15248.56,TXN104743-R,47922920.08
2026-09-24,credit,0.0,7586.88,7586.88,TXN104753,48039861.39
2026-09-24,debit,22976.66,0.0,-22976.66,TXN104909-R,49649222.74
2026-09-25,debit,14056.66,0.0,-14056.66,TXN100024-R,442759.82
2026-09-25,credit,0.0,4074.29,4074.29,TXN100165,1977614.09
2026-09-25,credit,0.0,10632.03,10632.03,TXN100811,8514201.54
2026-09-25,credit,0.0,21966.81,21966.81,TXN100969,10242019.24
2026-09-25,credit,0.0,1974.53,1974.53,TXN101050,11095265.5
2026-09-25,credit,0.0,14590.29,14590.29,TXN101257,13232199.17
2026-09-25,credit,0.0,17210.62,17210.62,TXN101543,16045383.02
2026-09-25,credit,0.0,17559.25,17559.25,TXN101664,17204856.73
2026-09-25,credit,0.0,6133.01,6133.01,TXN101831,18914098.82
2026-09-25,credit,0.0,20243.07,20243.07,TXN1O1973,20218507.69
2026-09-25,credit,0.0,3434.24,3434.24,TXN101974,20221941.93
2026-09-25,credit,0.0,14346.05,14346.05,TXN102001,20497428.11
2026-09-25,credit,0.0,22646.37,22646.37,TXN1O2062,21198772.7
2026-09-25,credit,0.0,10305.76,10305.76,TXN102374,24177307.16
2026-09-25,credit,0.0,5441.22,5441.22,TXN102474,25192496.74
2026-09-25,credit,0.0,1906.2,1906.2,TXN102583,26297414.95
2026-09-25,credit,0.0,3583.41,3583.41,TXN102749,27975154.34
2026-09-25,credit,0.0,8520.19,8520.19,TXN102860,29044225.61
2026-09-25,debit,22235.59,0.0,-22235.59,TXN102976-R,30180302.66
2026-09-25,credit,0.0,4997.72,4997.72,TXN1O3055,30967664.17
2026-09-25,credit,0.0,6743.2,6743.2,TXN103100,31471963.55
2026-09-25,credit,0.0,11632.96,11632.96,TXN103156,31921839.77
2026-09-25,credit,0.0,2227.01,2227.01,TXN103359,34108087.26
2026-09-25,credit,0.0,6926.19,6926.19,TXN103385,34369842.59
2026-09-25,credit,0.0,19633.49,19633.49,TXN103928,39710044.39
2026-09-25,credit,0.0,3393.24,3393.24,TXN104005,40440681.71
2026-09-25,credit,0.0,18564.63,18564.63,TXN104101,41397400.67
2026-09-25,credit,0.0,24586.58,24586.58,TXN104264,43074913.79
2026-09-25,credit,0.0,3621.97,3621.97,TXN1O4274,43159789.55
2026-09-25,debit,21880.52,0.0,-21880.52,TXN104347-R,43950543.6
2026-09-25,credit,0.0,4128.11,4128.11,TXN1O4576,46282898.24
2026-09-25,credit,0.0,14068.89,14068.89,TXN104622,46676572.97
2026-09-25,credit,0.0,4086.38,4086.38,TXN104624,46694871.15
2026-09-25,credit,0.0,22412.29,22412.29,TXN104660,47104936.49
2026-09-25,credit,0.0,23767.73,23767.73,TXN104663,47151065.85
2026-09-25,debit,16569.04,0.0,-16569.04,TXN104948-R,50092890.66
2026-09-26,credit,0.0,9588.58,9588.58,TXN100152,1871937.82
2026-09-26,credit,0.0,13093.56,13093.56,TXN100155,1921062.99
2026-09-26,credit,0.0,23061.6,23061.6,TXN100227,2577945.23
2026-09-26,debit,16189.73,0.0,-16189.73,TXN100623-R,6591518.21
2026-09-26,credit,0.0,10583.22,10583.22,TXN100707,7479894.68
2026-09-26,credit,0.0,15228.72,15228.72,TXN100722,7622790.76
2026-09-26,credit,0.0,8786.28,8786.28,TXN100905,9604064.56
2026-09-26,credit,0.0,8945.72,8945.72,TXN101023,10786111.72
2026-09-26,credit,0.0,16786.47,16786.47,TXN101078,11367161.15
2026-09-26,credit,0.0,17215.85,17215.85,TXN101108,11666940.82
2026-09-26,credit,0.0,7404.67,7404.67,TXN101281,13504789.4
2026-09-26,credit,0.0,14239.58,14239.58,TXN101415,14773345.08
2026-09-26,credit,0.0,13298.96,13298.96,TXN101527,15924742.57
2026-09-26,credit,0.0,12112.5,12112.5,TXN101580,16418970.71
2026-09-26,credit,0.0,5753.69,5753.69,TXN101640,16999192.4
2026-09-26,credit,0.0,3520.27,3520.27,TXN101646,17037859.06
2026-09-26,credit,0.0,15563.73,15563.73,TXN101667,17247071.34
2026-09-26,credit,0.0,13520.33,13520.33,TXN101722,17835854.0
2026-09-26,credit,0.0,5463.56,5463.56,TXN101754,18169477.18
2026-09-26,credit,0.0,11629.08,11629.08,TXN101816,18780581.73
2026-09-26,debit,6133.01,0.0,-6133.01,TXN101831-R,18907965.81
2026-09-26,credit,0.0,20174.18,20174.18,TXN102016,20706580.07
2026-09-26,credit,0.0,17302.16,17302.16,TXN102120,21753644.75
2026-09-26,credit,0.0,14560.55,14560.55,TXN102152,22134524.06
2026-09-26,credit,0.0,17671.5,17671.5,TXN102542,25892345.36
2026-09-26,credit,0.0,10408.23,10408.23,TXN102814,28611488.47
2026-09-26,credit,0.0,10224.67,10224.67,TXN1O2836,28822819.99
2026-09-26,credit,0.0,23853.47,23853.47,TXN103409,34619335.11
2026-09-26,credit,0.0,10132.81,10132.81,TXN103697,37365364.84
2026-09-26,credit,0.0,2175.6,2175.6,TXN104256,42981992.2
2026-09-26,credit,0.0,19248.03,19248.03,TXN104365,44119307.32
2026-09-26,credit,0.0,9374.69,9374.69,TXN104466,45217828.38
2026-09-26,credit,0.0,17122.7,17122.7,TXN104504,45618826.8
2026-09-26,credit,0.0,5870.34,5870.34,TXN104580,46320137.98
2026-09-26,credit,0.0,16304.85,16304.85,TXN104906,49613178.43
2026-09-27,credit,0.0,6496.64,6496.64,TXN100189,2144108.61
2026-09-27,credit,0.0,7592.2,7592.2,TXN100319,3658071.36
2026-09-27,credit,0.0,7608.82,7608.82,TXN100344,3904548.09
2026-09-27,credit,0.0,4442.51,4442.51,TXN100758,7997297.56
2026-09-27,credit,0.0,18575.15,18575.15,TXN100901,9558328.79
2026-09-27,credit,0.0,21972.36,21972.36,TXN100975,10335936.25
2026-09-27,credit,0.0,15319.26,15319.26,TXN101096,11574233.91
2026-09-27,debit,14590.29,0.0,-14590.29,TXN101257-R,13217608.88
2026-09-27,credit,0.0,13554.19,13554.19,TXN101264,13297574.81
2026-09-27,credit,0.0,20826.77,20826.77,TXN101326,13915412.84
2026-09-27,credit,0.0,18501.66,18501.66,TXN101487,15551252.12
2026-09-27,credit,0.0,18818.57,18818.57,TXN101516,15828282.62
2026-09-27,credit,0.0,15682.02,15682.02,TXN101547,16097058.55
2026-09-27,debit,16217.14,0.0,-16217.14,TXN101817-R,18780581.73
2026-09-27,debit,2277.56,0.0,-2277.56,TXN101867-R,19172341.49
2026-09-27,credit,0.0,6134.04,6134.04,TXN101886,19383245.91
2026-09-27,credit,0.0,23258.5,23258.5,TXN102253,23116820.21
2026-09-27,debit,22961.2,0.0,-22961.2,TXN102259-R,23141466.86
2026-09-27,credit,0.0,9262.52,9262.52,TXN1O2261,23160299.9
2026-09-27,credit,0.0,21340.22,21340.22,TXN102288,23404654.13
2026-09-27,credit,0.0,11072.11,11072.11,TXN102385,24266803.9
2026-09-27,debit,17671.5,0.0,-17671.5,TXN102542-R,25874673.86
2026-09-27,credit,0.0,21020.44,21020.44,TXN102891,29415771.26
2026-09-27,credit,0.0,17909.4,17909.4,TXN103021,30600526.85
2026-09-27,credit,0.0,16625.45,16625.45,TXN103170,32048884.2
2026-09-27,credit,0.0,5365.09,5365.09,TXN103456,35026400.62
2026-09-27,credit,0.0,13526.96,13526.96,TXN103471,35164309.74
2026-09-27,credit,0.0,13470.14,13470.14,TXN103734,37725017.98
2026-09-27,credit,0.0,6247.32,6247.32,TXN104275,43166036.87
2026-09-27,debit,17122.7,0.0,-17122.7,TXN104504-R,45601704.1
2026-09-27,credit,0.0,14211.8,14211.8,TXN104623,46690784.77
2026-09-27,credit,0.0,12366.63,12366.63,TXN104634,46822151.91
2026-09-27,debit,7586.88,0.0,-7586.88,TXN104753-R,48032274.51
2026-09-27,credit,0.0,12757.46,12757.46,TXN104918,49735517.0
2026-09-28,credit,0.0,5842.52,5842.52,TXN100418,4595249.69
2026-09-28,credit,0.0,11606.49,11606.49,TXN100492,5403684.08
2026-09-28,credit,0.0,19315.07,19315.07,TXN100665,7059271.67
2026-09-28,credit,0.0,5605.46,5605.46,TXN100837,8827671.57
2026-09-28,credit,0.0,20275.63,20275.63,TXN100838,8847947.2
2026-09-28,credit,0.0,7350.42,7350.42,TXN100874,9237579.14
2026-09-28,credit,0.0,17603.85,17603.85,TXN101024,10803715.57
2026-09-28,credit,0.0,22955.44,22955.44,TXN1O1032,10880936.98
2026-09-28,credit,0.0,17469.25,17469.25,TXN101286,13551945.04
2026-09-28,credit,0.0,11106.25,11106.25,TXN101579,16406858.21
2026-09-28,credit,0.0,19271.13,19271.13,TXN101712,17726796.82
2026-09-28,credit,0.0,19683.12,19683.12,TXN101806,18708570.31
2026-09-28,credit,0.0,9181.96,9181.96,TXN101866,19172341.49
2026-09-28,credit,0.0,10312.4,10312.4,TXN1O2022,20757199.46
2026-09-28,credit,0.0,20525.15,20525.15,TXN102501,25491661.51
2026-09-28,credit,0.0,14135.45,14135.45,TXN102880,29295236.14
2026-09-28,credit,0.0,19286.88,19286.88,TXN103256,33041861.79
2026-09-28,credit,0.0,18090.7,18090.7,TXN103553,36006200.56
2026-09-28,credit,0.0,23003.84,23003.84,TXN103669,37169807.93
2026-09-28,credit,0.0,5294.66,5294.66,TXN104064,40989279.52
2026-09-28,credit,0.0,12329.92,12329.92,TXN104072,41112235.99
2026-09-28,credit,0.0,6539.87,6539.87,TXN104086,41234699.16
2026-09-28,credit,0.0,19179.82,19179.82,TXN104289,43372437.82
2026-09-28,credit,0.0,4895.8,4895.8,TXN104487,45452319.01
2026-09-29,debit,10305.76,0.0,-10305.76,TXN102374-R,24167001.4
2026-09-30,debit,7404.67,0.0,-7404.67,TXN101281-R,13497384.73
2026-10-01,debit,19315.07,0.0,-19315.07,TXN100665-R,7039956.6
2026-10-01,debit,5294.66,0.0,-5294.66,TXN104064-R,40983984.86
