date,order_id,amount,status,fee,gst_on_fee,net_settlement
2026-04-01,TXN100142,7805.71,captured,156.11,28.1,7621.5
2026-04-01,TXN100243,10390.38,captured,207.81,37.41,10145.16
2026-04-01,TXN100269,16544.21,captured,330.88,59.56,16153.77
2026-04-01,TXN100885,21762.02,captured,435.24,78.34,21248.44
2026-04-01,TXN100970,19045.55,captured,380.91,68.56,18596.08
2026-04-01,TXN101243,8731.52,captured,174.63,31.43,8525.46
2026-04-01,TXN101410,22455.13,captured,449.1,80.84,21925.19
2026-04-01,TXN101445,24398.45,captured,487.97,87.83,23822.65
2026-04-01,TXN102276,10196.35,captured,203.93,36.71,9955.71
2026-04-01,TXN102869,7976.73,captured,159.53,28.72,7788.48
2026-04-01,TXN103131,5321.01,captured,106.42,19.16,5195.43
2026-04-01,TXN103396,12361.19,captured,247.22,44.5,12069.47
2026-04-01,TXN103786,8286.45,captured,165.73,29.83,8090.89
2026-04-01,TXN103827,7985.76,captured,159.72,28.75,7797.29
2026-04-01,TXN103886,15380.99,captured,307.62,55.37,15018.0
2026-04-01,TXN104040,6518.17,captured,130.36,23.46,6364.35
2026-04-01,TXN104393,14198.98,captured,283.98,51.12,13863.88
2026-04-01,TXN104483,10994.34,captured,219.89,39.58,10734.87
2026-04-01,TXN104632,24897.19,captured,497.94,89.63,24309.62
2026-04-01,TXN104763,1943.7,captured,38.87,7.0,1897.83
2026-04-01,TXN104907,11938.84,captured,238.78,42.98,11657.08
2026-04-01,TXN104979,23853.56,captured,477.07,85.87,23290.62
2026-04-02,TXN100008,19042.54,captured,380.85,68.55,18593.14
2026-04-02,TXN100058,2053.53,captured,41.07,7.39,2005.07
2026-04-02,TXN100660,6741.4,captured,134.83,24.27,6582.3
2026-04-02,TXN101419,14576.28,captured,291.53,52.48,14232.27
2026-04-02,TXN101420,9563.24,captured,191.26,34.43,9337.55
2026-04-02,TXN101769,3111.77,captured,62.24,11.2,3038.33
2026-04-02,TXN101796,7981.24,captured,159.62,28.73,7792.89
2026-04-02,TXN101971,4731.5,captured,94.63,17.03,4619.84
2026-04-02,TXN102308,6565.33,captured,131.31,23.64,6410.38
2026-04-02,TXN102330,13292.58,captured,265.85,47.85,12978.88
2026-04-02,TXN102554,5143.34,captured,102.87,18.52,5021.95
2026-04-02,TXN102787,617.01,captured,12.34,2.22,602.45
2026-04-02,TXN102978,17939.75,captured,358.8,64.58,17516.37
2026-04-02,TXN102997,4144.07,captured,82.88,14.92,4046.27
2026-04-02,TXN103346,23372.53,captured,467.45,84.14,22820.94
2026-04-02,TXN103426,10928.97,captured,218.58,39.34,10671.05
2026-04-02,TXN103748,6923.18,captured,138.46,24.92,6759.8
2026-04-02,TXN103933,10357.41,captured,207.15,37.29,10112.97
2026-04-02,TXN103983,18790.63,captured,375.81,67.65,18347.17
2026-04-02,TXN104587,8929.72,captured,178.59,32.15,8718.98
2026-04-02,TXN104653,6591.51,captured,131.83,23.73,6435.95
2026-04-03,TXN100818,2735.58,captured,54.71,9.85,2671.02
2026-04-03,TXN100855,12269.84,captured,245.4,44.17,11980.27
2026-04-03,TXN100963,9412.31,captured,188.25,33.88,9190.18
2026-04-03,TXN101207,21344.37,captured,426.89,76.84,20840.64
2026-04-03,TXN101226,16191.95,captured,323.84,58.29,15809.82
2026-04-03,TXN101463,17610.22,captured,352.2,63.4,17194.62
2026-04-03,TXN101535,17287.92,captured,345.76,62.24,16879.92
2026-04-03,TXN101551,6050.42,captured,121.01,21.78,5907.63
2026-04-03,TXN101637,15957.01,captured,319.14,57.45,15580.42
2026-04-03,TXN101873,11881.06,captured,237.62,42.77,11600.67
2026-04-03,TXN102141,18937.39,captured,378.75,68.17,18490.47
2026-04-03,TXN102547,3381.67,captured,67.63,12.17,3301.87
2026-04-03,TXN103073,20651.12,captured,413.02,74.34,20163.76
2026-04-03,TXN103095,23953.16,captured,479.06,86.23,23387.87
2026-04-03,TXN103149,10090.85,captured,201.82,36.33,9852.7
2026-04-03,TXN103477,14639.29,captured,292.79,52.7,14293.8
2026-04-03,TXN103481,24549.32,captured,490.99,88.38,23969.95
2026-04-03,TXN103545,5910.01,captured,118.2,21.28,5770.53
2026-04-03,TXN103767,8146.89,captured,162.94,29.33,7954.62
2026-04-03,TXN103802,5137.15,captured,102.74,18.49,5015.92
2026-04-03,TXN103854,4221.14,captured,84.42,15.2,4121.52
2026-04-03,TXN104555,7664.97,captured,153.3,27.59,7484.08
2026-04-03,TXN104716,9484.91,captured,189.7,34.15,9261.06
2026-04-03,TXN104945,15898.99,captured,317.98,57.24,15523.77
2026-04-04,TXN100072,24234.21,captured,484.68,87.24,23662.29
2026-04-04,TXN100225,17788.06,captured,355.76,64.04,17368.26
2026-04-04,TXN100276,13940.61,captured,278.81,50.19,13611.61
2026-04-04,TXN100296,18144.36,captured,362.89,65.32,17716.15
2026-04-04,TXN100338,6832.13,captured,136.64,24.6,6670.89
2026-04-04,TXN100925,24676.0,captured,493.52,88.83,24093.65
2026-04-04,TXN100953,6340.42,captured,126.81,22.83,6190.78
2026-04-04,TXN101273,13211.43,captured,264.23,47.56,12899.64
2026-04-04,TXN101284,18668.65,captured,373.37,67.21,18228.07
2026-04-04,TXN101448,18502.06,captured,370.04,66.61,18065.41
2026-04-04,TXN101897,7433.17,captured,148.66,26.76,7257.75
2026-04-04,TXN101907,10457.84,captured,209.16,37.65,10211.03
2026-04-04,TXN101956,4554.55,captured,91.09,16.4,4447.06
2026-04-04,TXN102163,24968.47,captured,499.37,89.89,24379.21
2026-04-04,TXN102373,4541.86,captured,90.84,16.35,4434.67
2026-04-04,TXN102593,15000.83,captured,300.02,54.0,14646.81
2026-04-04,TXN102977,15522.28,captured,310.45,55.88,15155.95
2026-04-04,TXN103012,19254.41,captured,385.09,69.32,18800.0
2026-04-04,TXN103184,3822.78,captured,76.46,13.76,3732.56
2026-04-04,TXN103392,16750.98,captured,335.02,60.3,16355.66
2026-04-04,TXN103424,11510.3,captured,230.21,41.44,11238.65
2026-04-04,TXN103546,21869.42,captured,437.39,78.73,21353.3
2026-04-04,TXN103634,4419.24,captured,88.38,15.91,4314.95
2026-04-04,TXN103717,1191.05,captured,23.82,4.29,1162.94
2026-04-04,TXN103895,4273.83,captured,85.48,15.39,4172.96
2026-04-04,TXN104008,6707.7,captured,134.15,24.15,6549.4
2026-04-04,TXN104014,16818.0,captured,336.36,60.54,16421.1
2026-04-04,TXN104312,415.13,captured,8.3,1.49,405.34
2026-04-04,TXN104380,23730.16,captured,474.6,85.43,23170.13
2026-04-04,TXN104477,18491.64,captured,369.83,66.57,18055.24
2026-04-04,TXN104502,24436.04,captured,488.72,87.97,23859.35
2026-04-04,TXN104603,5645.66,captured,112.91,20.32,5512.43
2026-04-04,TXN104627,14545.99,captured,290.92,52.37,14202.7
2026-04-04,TXN104717,3084.99,captured,61.7,11.11,3012.18
2026-04-05,TXN100183,18800.9,captured,376.02,67.68,18357.2
2026-04-05,TXN100464,9256.16,captured,185.12,33.32,9037.72
2026-04-05,TXN100616,11193.65,captured,223.87,40.3,10929.48
2026-04-05,TXN101928,22443.86,captured,448.88,80.8,21914.18
2026-04-05,TXN101970,22026.79,captured,440.54,79.3,21506.95
2026-04-05,TXN102137,19434.9,captured,388.7,69.97,18976.23
2026-04-05,TXN102222,15807.75,captured,316.16,56.91,15434.68
2026-04-05,TXN102379,17492.0,captured,349.84,62.97,17079.19
2026-04-05,TXN102394,10723.51,captured,214.47,38.6,10470.44
2026-04-05,TXN102410,9162.03,captured,183.24,32.98,8945.81
2026-04-05,TXN102500,7091.57,captured,141.83,25.53,6924.21
2026-04-05,TXN102842,15954.3,captured,319.09,57.44,15577.77
2026-04-05,TXN103735,24830.9,captured,496.62,89.39,24244.89
2026-04-05,TXN104390,15579.08,captured,311.58,56.08,15211.42
2026-04-05,TXN104532,11342.83,captured,226.86,40.83,11075.14
2026-04-05,TXN104540,8042.46,captured,160.85,28.95,7852.66
2026-04-06,TXN101549,4892.66,captured,97.85,17.61,4777.2
2026-04-06,TXN101676,1281.88,captured,25.64,4.62,1251.62
2026-04-06,TXN101799,14565.73,captured,291.31,52.44,14221.98
2026-04-06,TXN102081,2364.66,captured,47.29,8.51,2308.86
2026-04-06,TXN102205,17490.17,captured,349.8,62.96,17077.41
2026-04-06,TXN102240,1666.58,captured,33.33,6.0,1627.25
2026-04-06,TXN102386,21536.97,captured,430.74,77.53,21028.7
2026-04-06,TXN102504,8696.93,captured,173.94,31.31,8491.68
2026-04-06,TXN102549,19033.0,captured,380.66,68.52,18583.82
2026-04-06,TXN102623,20836.71,captured,416.73,75.01,20344.97
2026-04-06,TXN102780,19119.65,captured,382.39,68.83,18668.43
2026-04-06,TXN102887,13834.19,captured,276.68,49.8,13507.71
2026-04-06,TXN102917,10026.77,captured,200.54,36.1,9790.13
2026-04-06,TXN103011,3415.25,captured,68.31,12.3,3334.64
2026-04-06,TXN103101,20675.65,captured,413.51,74.43,20187.71
2026-04-06,TXN103393,4684.62,captured,93.69,16.86,4574.07
2026-04-06,TXN103469,4864.75,captured,97.3,17.51,4749.94
2026-04-06,TXN103725,664.12,captured,13.28,2.39,648.45
2026-04-06,TXN103832,19238.05,captured,384.76,69.26,18784.03
2026-04-06,TXN103924,4843.08,captured,96.86,17.43,4728.79
2026-04-06,TXN104087,3764.67,captured,75.29,13.55,3675.83
2026-04-06,TXN104102,10216.21,captured,204.32,36.78,9975.11
2026-04-06,TXN104267,21481.02,captured,429.62,77.33,20974.07
2026-04-06,TXN104396,16326.91,captured,326.54,58.78,15941.59
2026-04-06,TXN104519,12583.86,captured,251.68,45.3,12286.88
2026-04-06,TXN104801,9905.09,captured,198.1,35.66,9671.33
2026-04-06,TXN104824,12672.55,captured,253.45,45.62,12373.48
2026-04-06,TXN104885,11016.67,captured,220.33,39.66,10756.68
2026-04-07,TXN100192,23243.51,captured,464.87,83.68,22694.96
2026-04-07,TXN100398,15342.17,captured,306.84,55.23,14980.1
2026-04-07,TXN100486,10547.95,captured,210.96,37.97,10299.02
2026-04-07,TXN100784,2513.59,captured,50.27,9.05,2454.27
2026-04-07,TXN100968,6055.04,captured,121.1,21.8,5912.14
2026-04-07,TXN101699,9173.75,captured,183.47,33.02,8957.26
2026-04-07,TXN101790,20035.92,captured,400.72,72.13,19563.07
2026-04-07,TXN102069,10292.69,captured,205.85,37.05,10049.79
2026-04-07,TXN102077,10220.26,captured,204.41,36.79,9979.06
2026-04-07,TXN102380,5467.97,captured,109.36,19.68,5338.93
2026-04-07,TXN102494,14428.27,captured,288.57,51.94,14087.76
2026-04-07,TXN102505,21533.32,captured,430.67,77.52,21025.13
2026-04-07,TXN102571,24759.54,captured,495.19,89.13,24175.22
2026-04-07,TXN103104,5898.88,captured,117.98,21.24,5759.66
2026-04-07,TXN103720,5981.13,captured,119.62,21.53,5839.98
2026-04-07,TXN104116,11265.63,captured,225.31,40.56,10999.76
2026-04-07,TXN104142,8490.08,captured,169.8,30.56,8289.72
2026-04-07,TXN104339,12433.61,captured,248.67,44.76,12140.18
2026-04-07,TXN104666,700.63,captured,14.01,2.52,684.1
2026-04-08,TXN100004,2614.27,captured,52.29,9.41,2552.57
2026-04-08,TXN100174,9904.77,captured,198.1,35.66,9671.01
2026-04-08,TXN100208,12509.37,captured,250.19,45.03,12214.15
2026-04-08,TXN100274,24336.73,captured,486.73,87.61,23762.39
2026-04-08,TXN100306,1435.98,captured,28.72,5.17,1402.09
2026-04-08,TXN100373,1802.39,captured,36.05,6.49,1759.85
2026-04-08,TXN100399,4756.28,captured,95.13,17.12,4644.03
2026-04-08,TXN100835,18513.49,captured,370.27,66.65,18076.57
2026-04-08,TXN100859,19958.26,captured,399.17,71.85,19487.24
2026-04-08,TXN100946,8574.77,captured,171.5,30.87,8372.4
2026-04-08,TXN101217,21605.62,captured,432.11,77.78,21095.73
2026-04-08,TXN101330,12007.5,captured,240.15,43.23,11724.12
2026-04-08,TXN101459,12204.66,captured,244.09,43.94,11916.63
2026-04-08,TXN101771,20851.46,captured,417.03,75.07,20359.36
2026-04-08,TXN101781,8677.06,captured,173.54,31.24,8472.28
2026-04-08,TXN101809,11927.17,captured,238.54,42.94,11645.69
2026-04-08,TXN101849,6110.46,captured,122.21,22.0,5966.25
2026-04-08,TXN102176,2760.2,captured,55.2,9.94,2695.06
2026-04-08,TXN102451,22290.89,captured,445.82,80.25,21764.82
2026-04-08,TXN102732,24735.48,captured,494.71,89.05,24151.72
2026-04-08,TXN103161,6216.39,captured,124.33,22.38,6069.68
2026-04-08,TXN103296,13538.07,captured,270.76,48.74,13218.57
2026-04-08,TXN103809,21620.68,captured,432.41,77.83,21110.44
2026-04-08,TXN103813,15439.14,captured,308.78,55.58,15074.78
2026-04-08,TXN103865,4351.44,captured,87.03,15.67,4248.74
2026-04-08,TXN103977,5413.08,captured,108.26,19.49,5285.33
2026-04-08,TXN104238,18307.72,captured,366.15,65.91,17875.66
2026-04-08,TXN104288,17926.22,captured,358.52,64.53,17503.17
2026-04-08,TXN104313,20060.94,captured,401.22,72.22,19587.5
2026-04-08,TXN104610,15596.14,captured,311.92,56.15,15228.07
2026-04-08,TXN104687,23407.79,captured,468.16,84.27,22855.36
2026-04-09,TXN100352,17349.93,captured,347.0,62.46,16940.47
2026-04-09,TXN100534,3417.88,captured,68.36,12.3,3337.22
2026-04-09,TXN100695,11327.09,captured,226.54,40.78,11059.77
2026-04-09,TXN100756,2609.46,captured,52.19,9.39,2547.88
2026-04-09,TXN100860,7088.87,captured,141.78,25.52,6921.57
2026-04-09,TXN100867,11408.39,captured,228.17,41.07,11139.15
2026-04-09,TXN101085,12701.91,captured,254.04,45.73,12402.14
2026-04-09,TXN101554,8457.14,captured,169.14,30.45,8257.55
2026-04-09,TXN101744,16774.81,captured,335.5,60.39,16378.92
2026-04-09,TXN101785,7005.99,captured,140.12,25.22,6840.65
2026-04-09,TXN101865,24462.37,captured,489.25,88.06,23885.06
2026-04-09,TXN102582,9621.66,captured,192.43,34.64,9394.59
2026-04-09,TXN102676,23076.96,captured,461.54,83.08,22532.34
2026-04-09,TXN102878,15092.34,captured,301.85,54.33,14736.16
2026-04-09,TXN102904,3234.42,captured,64.69,11.64,3158.09
2026-04-09,TXN102925,2389.88,captured,47.8,8.6,2333.48
2026-04-09,TXN103164,6236.28,captured,124.73,22.45,6089.1
2026-04-09,TXN103251,16792.44,captured,335.85,60.45,16396.14
2026-04-09,TXN103292,3195.02,captured,63.9,11.5,3119.62
2026-04-09,TXN103312,23965.01,captured,479.3,86.27,23399.44
2026-04-09,TXN103432,11987.49,captured,239.75,43.16,11704.58
2026-04-09,TXN103806,16286.29,captured,325.73,58.63,15901.93
2026-04-09,TXN104091,24006.77,captured,480.14,86.43,23440.2
2026-04-09,TXN104143,18453.29,captured,369.07,66.43,18017.79
2026-04-09,TXN104163,18774.02,captured,375.48,67.59,18330.95
2026-04-09,TXN104616,22493.49,captured,449.87,80.98,21962.64
2026-04-10,TXN100121,21507.25,captured,430.14,77.43,20999.68
2026-04-10,TXN100129,2977.54,captured,59.55,10.72,2907.27
2026-04-10,TXN100469,16649.65,captured,332.99,59.94,16256.72
2026-04-10,TXN100645,22856.77,captured,457.14,82.29,22317.34
2026-04-10,TXN100955,13955.76,captured,279.12,50.24,13626.4
2026-04-10,TXN101027,2529.36,captured,50.59,9.11,2469.66
2026-04-10,TXN101102,4553.33,captured,91.07,16.39,4445.87
2026-04-10,TXN101235,14061.14,captured,281.22,50.62,13729.3
2026-04-10,TXN101363,13924.37,captured,278.49,50.13,13595.75
2026-04-10,TXN101749,2600.22,captured,52.0,9.36,2538.86
2026-04-10,TXN101795,11646.4,captured,232.93,41.93,11371.54
2026-04-10,TXN102391,12341.16,captured,246.82,44.43,12049.91
2026-04-10,TXN102437,16606.35,captured,332.13,59.78,16214.44
2026-04-10,TXN102643,5417.83,captured,108.36,19.5,5289.97
2026-04-10,TXN102657,13786.84,captured,275.74,49.63,13461.47
2026-04-10,TXN103333,22426.99,captured,448.54,80.74,21897.71
2026-04-10,TXN103499,21216.01,captured,424.32,76.38,20715.31
2026-04-10,TXN103563,24454.37,captured,489.09,88.04,23877.24
2026-04-10,TXN103676,11004.43,captured,220.09,39.62,10744.72
2026-04-10,TXN103914,13422.33,captured,268.45,48.32,13105.56
2026-04-10,TXN104374,11883.24,captured,237.66,42.78,11602.8
2026-04-10,TXN104586,5458.26,captured,109.17,19.65,5329.44
2026-04-10,TXN104679,24080.38,captured,481.61,86.69,23512.08
2026-04-10,TXN104874,6858.04,captured,137.16,24.69,6696.19
2026-04-11,TXN100112,22503.44,captured,450.07,81.01,21972.36
2026-04-11,TXN100327,7930.64,captured,158.61,28.55,7743.48
2026-04-11,TXN100420,11074.62,captured,221.49,39.87,10813.26
2026-04-11,TXN100446,11408.42,captured,228.17,41.07,11139.18
2026-04-11,TXN101336,424.24,captured,8.48,1.53,414.23
2026-04-11,TXN101603,18437.22,captured,368.74,66.37,18002.11
2026-04-11,TXN101709,15315.87,captured,306.32,55.14,14954.41
2026-04-11,TXN101715,14075.21,captured,281.5,50.67,13743.04
2026-04-11,TXN101950,10316.04,captured,206.32,37.14,10072.58
2026-04-11,TXN101968,3594.26,captured,71.89,12.94,3509.43
2026-04-11,TXN102239,24105.54,captured,482.11,86.78,23536.65
2026-04-11,TXN102610,12549.49,captured,250.99,45.18,12253.32
2026-04-11,TXN102649,11791.75,captured,235.84,42.45,11513.46
2026-04-11,TXN102923,3481.75,captured,69.64,12.54,3399.57
2026-04-11,TXN103180,22299.79,captured,446.0,80.28,21773.51
2026-04-11,TXN103198,15629.16,captured,312.58,56.26,15260.32
2026-04-11,TXN103334,8633.53,captured,172.67,31.08,8429.78
2026-04-11,TXN103479,22730.28,captured,454.61,81.83,22193.84
2026-04-11,TXN103534,2870.31,captured,57.41,10.33,2802.57
2026-04-11,TXN103655,20405.48,captured,408.11,73.46,19923.91
2026-04-11,TXN103862,24277.91,captured,485.56,87.4,23704.95
2026-04-11,TXN104027,24490.62,captured,489.81,88.17,23912.64
2026-04-11,TXN104212,9723.09,captured,194.46,35.0,9493.63
2026-04-11,TXN104262,6373.82,captured,127.48,22.95,6223.39
2026-04-11,TXN104773,22315.4,captured,446.31,80.34,21788.75
2026-04-11,TXN104910,4380.97,captured,87.62,15.77,4277.58
2026-04-11,TXN104912,15474.77,captured,309.5,55.71,15109.56
2026-04-11,TXN104942,22140.21,captured,442.8,79.7,21617.71
2026-04-11,TXN104999,1198.57,captured,23.97,4.31,1170.29
2026-04-12,TXN100012,18324.38,captured,366.49,65.97,17891.92
2026-04-12,TXN100105,387.58,captured,7.75,1.4,378.43
2026-04-12,TXN100226,24365.08,captured,487.3,87.71,23790.07
2026-04-12,TXN100291,8158.96,captured,163.18,29.37,7966.41
2026-04-12,TXN100509,9001.79,captured,180.04,32.41,8789.34
2026-04-12,TXN100682,10765.33,captured,215.31,38.76,10511.26
2026-04-12,TXN101375,1285.65,captured,25.71,4.63,1255.31
2026-04-12,TXN101412,17531.78,captured,350.64,63.12,17118.02
2026-04-12,TXN101798,2846.64,captured,56.93,10.25,2779.46
2026-04-12,TXN101986,1634.48,captured,32.69,5.88,1595.91
2026-04-12,TXN102196,3466.49,captured,69.33,12.48,3384.68
2026-04-12,TXN102362,12981.34,captured,259.63,46.73,12674.98
2026-04-12,TXN102367,2357.28,captured,47.15,8.49,2301.64
2026-04-12,TXN102492,23964.56,captured,479.29,86.27,23399.0
2026-04-12,TXN102597,1794.13,captured,35.88,6.46,1751.79
2026-04-12,TXN102632,19148.13,captured,382.96,68.93,18696.24
2026-04-12,TXN103054,23908.33,captured,478.17,86.07,23344.09
2026-04-12,TXN103064,13479.08,captured,269.58,48.52,13160.98
2026-04-12,TXN103111,15231.31,captured,304.63,54.83,14871.85
2026-04-12,TXN103493,1029.19,captured,20.58,3.7,1004.91
2026-04-12,TXN103609,7484.55,captured,149.69,26.94,7307.92
2026-04-12,TXN103643,2121.69,captured,42.43,7.64,2071.62
2026-04-12,TXN103888,5517.44,captured,110.35,19.86,5387.23
2026-04-12,TXN104071,19596.33,captured,391.93,70.55,19133.85
2026-04-12,TXN104357,4151.45,captured,83.03,14.95,4053.47
2026-04-13,TXN100518,21685.22,captured,433.7,78.07,21173.45
2026-04-13,TXN101001,4449.33,captured,88.99,16.02,4344.32
2026-04-13,TXN101126,4323.81,captured,86.48,15.57,4221.76
2026-04-13,TXN101184,14969.92,captured,299.4,53.89,14616.63
2026-04-13,TXN101496,10140.53,captured,202.81,36.51,9901.21
2026-04-13,TXN101596,9348.94,captured,186.98,33.66,9128.3
2026-04-13,TXN102059,3963.96,captured,79.28,14.27,3870.41
2026-04-13,TXN102481,23439.47,captured,468.79,84.38,22886.3
2026-04-13,TXN102568,7164.95,captured,143.3,25.79,6995.86
2026-04-13,TXN102726,20961.58,captured,419.23,75.46,20466.89
2026-04-13,TXN103032,4789.27,captured,95.79,17.24,4676.24
2026-04-13,TXN103348,23694.48,captured,473.89,85.3,23135.29
2026-04-13,TXN103427,6510.41,captured,130.21,23.44,6356.76
2026-04-13,TXN103907,11779.65,captured,235.59,42.41,11501.65
2026-04-13,TXN104089,20842.36,captured,416.85,75.03,20350.48
2026-04-13,TXN104345,24179.17,captured,483.58,87.04,23608.55
2026-04-13,TXN104484,18009.39,captured,360.19,64.83,17584.37
2026-04-13,TXN104635,7376.97,captured,147.54,26.56,7202.87
2026-04-13,TXN104934,1075.07,captured,21.5,3.87,1049.7
2026-04-14,TXN100233,4047.66,captured,80.95,14.57,3952.14
2026-04-14,TXN100272,5327.89,captured,106.56,19.18,5202.15
2026-04-14,TXN100922,19659.9,captured,393.2,70.78,19195.92
2026-04-14,TXN101160,21809.97,captured,436.2,78.52,21295.25
2026-04-14,TXN101343,21329.28,captured,426.59,76.79,20825.9
2026-04-14,TXN101638,7828.15,captured,156.56,28.18,7643.41
2026-04-14,TXN101733,10663.67,captured,213.27,38.39,10412.01
2026-04-14,TXN101847,320.83,captured,6.42,1.16,313.25
2026-04-14,TXN102565,21390.34,captured,427.81,77.01,20885.52
2026-04-14,TXN102604,10724.91,captured,214.5,38.61,10471.8
2026-04-14,TXN102764,22693.81,captured,453.88,81.7,22158.23
2026-04-14,TXN102893,21290.3,captured,425.81,76.65,20787.84
2026-04-14,TXN102983,10741.24,captured,214.82,38.67,10487.75
2026-04-14,TXN103158,20142.48,captured,402.85,72.51,19667.12
2026-04-14,TXN103220,2583.3,captured,51.67,9.3,2522.33
2026-04-14,TXN103265,20092.89,captured,401.86,72.33,19618.7
2026-04-14,TXN103381,22407.94,captured,448.16,80.67,21879.11
2026-04-14,TXN103558,8861.9,captured,177.24,31.9,8652.76
2026-04-14,TXN103570,16611.94,captured,332.24,59.8,16219.9
2026-04-14,TXN103619,15295.42,captured,305.91,55.06,14934.45
2026-04-14,TXN103704,6927.44,captured,138.55,24.94,6763.95
2026-04-14,TXN103787,3683.28,captured,73.67,13.26,3596.35
2026-04-14,TXN103869,24267.03,captured,485.34,87.36,23694.33
2026-04-14,TXN103898,7782.98,captured,155.66,28.02,7599.3
2026-04-14,TXN104431,8488.26,captured,169.77,30.56,8287.93
2026-04-14,TXN104563,21733.12,captured,434.66,78.24,21220.22
2026-04-14,TXN104770,1313.56,captured,26.27,4.73,1282.56
2026-04-14,TXN104815,14443.44,captured,288.87,52.0,14102.57
2026-04-14,TXN104849,6360.54,captured,127.21,22.9,6210.43
2026-04-14,TXN104851,8958.71,captured,179.17,32.25,8747.29
2026-04-15,TXN100083,24031.24,captured,480.62,86.51,23464.11
2026-04-15,TXN100442,9407.82,captured,188.16,33.87,9185.79
2026-04-15,TXN100561,20835.35,captured,416.71,75.01,20343.63
2026-04-15,TXN100678,11499.78,captured,230.0,41.4,11228.38
2026-04-15,TXN100938,6338.65,captured,126.77,22.82,6189.06
2026-04-15,TXN101114,13027.16,captured,260.54,46.9,12719.72
2026-04-15,TXN101118,6462.41,captured,129.25,23.27,6309.89
2026-04-15,TXN101165,416.42,captured,8.33,1.5,406.59
2026-04-15,TXN101393,4408.63,captured,88.17,15.87,4304.59
2026-04-15,TXN101602,20643.98,captured,412.88,74.32,20156.78
2026-04-15,TXN102029,13013.99,captured,260.28,46.85,12706.86
2026-04-15,TXN102193,9967.21,captured,199.34,35.88,9731.99
2026-04-15,TXN102972,2389.25,captured,47.79,8.6,2332.86
2026-04-15,TXN102991,9086.88,captured,181.74,32.71,8872.43
2026-04-15,TXN103523,13784.76,captured,275.7,49.63,13459.43
2026-04-15,TXN103544,6182.8,captured,123.66,22.26,6036.88
2026-04-15,TXN103547,2192.31,captured,43.85,7.89,2140.57
2026-04-15,TXN103575,20242.7,captured,404.85,72.87,19764.98
2026-04-15,TXN104062,24226.39,captured,484.53,87.22,23654.64
2026-04-15,TXN104074,16098.83,captured,321.98,57.96,15718.89
2026-04-15,TXN104896,11059.9,captured,221.2,39.82,10798.88
2026-04-16,TXN100066,10244.75,captured,204.9,36.88,10002.97
2026-04-16,TXN100619,17732.65,captured,354.65,63.84,17314.16
2026-04-16,TXN100663,16794.32,captured,335.89,60.46,16397.97
2026-04-16,TXN100673,20770.72,captured,415.41,74.77,20280.54
2026-04-16,TXN100872,14380.84,captured,287.62,51.77,14041.45
2026-04-16,TXN100877,24814.41,captured,496.29,89.33,24228.79
2026-04-16,TXN101277,17357.69,captured,347.15,62.49,16948.05
2026-04-16,TXN101920,9755.14,captured,195.1,35.12,9524.92
2026-04-16,TXN101921,6678.49,captured,133.57,24.04,6520.88
2026-04-16,TXN102454,21087.11,captured,421.74,75.91,20589.46
2026-04-16,TXN102466,10794.7,captured,215.89,38.86,10539.95
2026-04-16,TXN102516,8162.91,captured,163.26,29.39,7970.26
2026-04-16,TXN102882,24534.23,captured,490.68,88.32,23955.23
2026-04-16,TXN103029,12893.63,captured,257.87,46.42,12589.34
2026-04-16,TXN103360,5548.14,captured,110.96,19.97,5417.21
2026-04-16,TXN103527,3740.43,captured,74.81,13.47,3652.15
2026-04-16,TXN103771,15736.83,captured,314.74,56.65,15365.44
2026-04-16,TXN103816,8061.64,captured,161.23,29.02,7871.39
2026-04-16,TXN104134,15026.25,captured,300.53,54.1,14671.62
2026-04-16,TXN104198,18952.69,captured,379.05,68.23,18505.41
2026-04-16,TXN104858,909.68,captured,18.19,3.27,888.22
2026-04-16,TXN104926,14815.77,captured,296.32,53.34,14466.11
2026-04-17,TXN100369,12063.28,captured,241.27,43.43,11778.58
2026-04-17,TXN102038,9508.5,captured,190.17,34.23,9284.1
2026-04-17,TXN102043,4952.33,captured,99.05,17.83,4835.45
2026-04-17,TXN102230,15958.01,captured,319.16,57.45,15581.4
2026-04-17,TXN102395,6915.87,captured,138.32,24.9,6752.65
2026-04-17,TXN102517,12259.04,captured,245.18,44.13,11969.73
2026-04-17,TXN102558,14827.67,captured,296.55,53.38,14477.74
2026-04-17,TXN102574,15762.07,captured,315.24,56.74,15390.09
2026-04-17,TXN102628,3226.78,captured,64.54,11.62,3150.62
2026-04-17,TXN102696,20667.19,captured,413.34,74.4,20179.45
2026-04-17,TXN102824,8751.15,captured,175.02,31.5,8544.63
2026-04-17,TXN103498,1829.59,captured,36.59,6.59,1786.41
2026-04-17,TXN103592,11178.86,captured,223.58,40.24,10915.04
2026-04-17,TXN103823,5065.62,captured,101.31,18.24,4946.07
2026-04-17,TXN104029,22681.68,captured,453.63,81.65,22146.4
2026-04-17,TXN104048,19082.81,captured,381.66,68.7,18632.45
2026-04-17,TXN104128,11023.48,captured,220.47,39.68,10763.33
2026-04-17,TXN104283,23843.15,captured,476.86,85.83,23280.46
2026-04-17,TXN104384,5863.32,captured,117.27,21.11,5724.94
2026-04-17,TXN104475,4103.95,captured,82.08,14.77,4007.1
2026-04-17,TXN104628,23997.89,captured,479.96,86.39,23431.54
2026-04-17,TXN104707,2454.9,captured,49.1,8.84,2396.96
2026-04-17,TXN104736,14173.66,captured,283.47,51.02,13839.17
2026-04-17,TXN104875,5711.63,captured,114.23,20.56,5576.84
2026-04-17,TXN104895,19441.66,captured,388.83,69.99,18982.84
2026-04-18,TXN100094,22017.97,captured,440.36,79.26,21498.35
2026-04-18,TXN100302,6098.83,captured,121.98,21.96,5954.89
2026-04-18,TXN100507,8816.62,captured,176.33,31.74,8608.55
2026-04-18,TXN100683,24657.59,captured,493.15,88.77,24075.67
2026-04-18,TXN100741,17767.09,captured,355.34,63.96,17347.79
2026-04-18,TXN100828,7716.52,captured,154.33,27.78,7534.41
2026-04-18,TXN100961,21961.68,captured,439.23,79.06,21443.39
2026-04-18,TXN101093,2449.58,captured,48.99,8.82,2391.77
2026-04-18,TXN101545,4805.46,captured,96.11,17.3,4692.05
2026-04-18,TXN101583,13419.09,captured,268.38,48.31,13102.4
2026-04-18,TXN101592,1381.3,captured,27.63,4.97,1348.7
2026-04-18,TXN101835,15077.0,captured,301.54,54.28,14721.18
2026-04-18,TXN101933,13641.18,captured,272.82,49.11,13319.25
2026-04-18,TXN102033,14150.73,captured,283.01,50.94,13816.78
2026-04-18,TXN102177,12603.93,captured,252.08,45.37,12306.48
2026-04-18,TXN102484,21799.54,captured,435.99,78.48,21285.07
2026-04-18,TXN102606,8736.33,captured,174.73,31.45,8530.15
2026-04-18,TXN102685,22810.23,captured,456.2,82.12,22271.91
2026-04-18,TXN102768,23855.43,captured,477.11,85.88,23292.44
2026-04-18,TXN103120,3095.15,captured,61.9,11.14,3022.11
2026-04-18,TXN103461,300.88,captured,6.02,1.08,293.78
2026-04-18,TXN103487,22929.15,captured,458.58,82.54,22388.03
2026-04-18,TXN103772,8956.18,captured,179.12,32.24,8744.82
2026-04-18,TXN104082,21806.92,captured,436.14,78.51,21292.27
2026-04-18,TXN104368,4828.96,captured,96.58,17.38,4715.0
2026-04-18,TXN104449,4677.72,captured,93.55,16.84,4567.33
2026-04-18,TXN104574,12463.66,captured,249.27,44.87,12169.52
2026-04-18,TXN104713,24280.37,captured,485.61,87.41,23707.35
2026-04-18,TXN104814,6025.85,captured,120.52,21.69,5883.64
2026-04-19,TXN100441,7967.07,captured,159.34,28.68,7779.05
2026-04-19,TXN100545,11465.45,captured,229.31,41.28,11194.86
2026-04-19,TXN100928,712.23,captured,14.24,2.56,695.43
2026-04-19,TXN101509,2254.06,captured,45.08,8.11,2200.87
2026-04-19,TXN101556,13716.84,captured,274.34,49.38,13393.12
2026-04-19,TXN101597,623.23,captured,12.46,2.24,608.53
2026-04-19,TXN101927,2039.18,captured,40.78,7.34,1991.06
2026-04-19,TXN102304,2653.4,captured,53.07,9.55,2590.78
2026-04-19,TXN102342,13814.76,captured,276.3,49.73,13488.73
2026-04-19,TXN102791,10397.05,captured,207.94,37.43,10151.68
2026-04-19,TXN102940,15850.33,captured,317.01,57.06,15476.26
2026-04-19,TXN103088,10831.96,captured,216.64,39.0,10576.32
2026-04-19,TXN103189,4725.9,captured,94.52,17.01,4614.37
2026-04-19,TXN103287,12316.98,captured,246.34,44.34,12026.3
2026-04-19,TXN103515,14358.06,captured,287.16,51.69,14019.21
2026-04-19,TXN103638,3569.73,captured,71.39,12.85,3485.49
2026-04-19,TXN104296,15462.11,captured,309.24,55.66,15097.21
2026-04-19,TXN104668,1955.44,captured,39.11,7.04,1909.29
2026-04-19,TXN104723,3908.98,captured,78.18,14.07,3816.73
2026-04-19,TXN104928,7277.14,captured,145.54,26.2,7105.4
2026-04-20,TXN100421,21594.12,captured,431.88,77.74,21084.5
2026-04-20,TXN100531,16878.24,captured,337.56,60.76,16479.92
2026-04-20,TXN100538,14475.87,captured,289.52,52.11,14134.24
2026-04-20,TXN100739,23646.15,captured,472.92,85.13,23088.1
2026-04-20,TXN100763,17205.39,captured,344.11,61.94,16799.34
2026-04-20,TXN100767,7692.14,captured,153.84,27.69,7510.61
2026-04-20,TXN100772,8712.64,captured,174.25,31.36,8507.03
2026-04-20,TXN100958,14416.94,captured,288.34,51.9,14076.7
2026-04-20,TXN100998,838.46,captured,16.77,3.02,818.67
2026-04-20,TXN101228,18860.32,captured,377.21,67.9,18415.21
2026-04-20,TXN101360,22335.0,captured,446.7,80.41,21807.89
2026-04-20,TXN101465,13997.42,captured,279.95,50.39,13667.08
2026-04-20,TXN101881,21330.7,captured,426.61,76.79,20827.3
2026-04-20,TXN102116,12992.5,captured,259.85,46.77,12685.88
2026-04-20,TXN102180,16628.69,captured,332.57,59.86,16236.26
2026-04-20,TXN102212,21057.4,captured,421.15,75.81,20560.44
2026-04-20,TXN102218,16392.96,captured,327.86,59.01,16006.09
2026-04-20,TXN102946,6972.09,captured,139.44,25.1,6807.55
2026-04-20,TXN103057,4388.3,captured,87.77,15.8,4284.73
2026-04-20,TXN103117,19784.75,captured,395.69,71.22,19317.84
2026-04-20,TXN103394,4516.91,captured,90.34,16.26,4410.31
2026-04-20,TXN103673,8379.76,captured,167.6,30.17,8181.99
2026-04-20,TXN103753,9579.45,captured,191.59,34.49,9353.37
2026-04-20,TXN104196,6507.83,captured,130.16,23.43,6354.24
2026-04-20,TXN104615,7215.47,captured,144.31,25.98,7045.18
2026-04-20,TXN104735,10988.72,captured,219.77,39.56,10729.39
2026-04-20,TXN104795,15143.55,captured,302.87,54.52,14786.16
2026-04-20,TXN104964,20119.06,captured,402.38,72.43,19644.25
2026-04-20,TXN104978,24575.5,captured,491.51,88.47,23995.52
2026-04-21,TXN100017,21426.35,captured,428.53,77.14,20920.68
2026-04-21,TXN100164,3717.84,captured,74.36,13.38,3630.1
2026-04-21,TXN100493,769.4,captured,15.39,2.77,751.24
2026-04-21,TXN100526,8399.62,captured,167.99,30.24,8201.39
2026-04-21,TXN100570,1422.91,captured,28.46,5.12,1389.33
2026-04-21,TXN100632,8855.18,captured,177.1,31.88,8646.2
2026-04-21,TXN100671,13280.01,captured,265.6,47.81,12966.6
2026-04-21,TXN100755,16447.27,captured,328.95,59.21,16059.11
2026-04-21,TXN100934,12929.23,captured,258.58,46.54,12624.11
2026-04-21,TXN101084,10051.67,captured,201.03,36.19,9814.45
2026-04-21,TXN101437,15343.01,captured,306.86,55.23,14980.92
2026-04-21,TXN101472,16992.56,captured,339.85,61.17,16591.54
2026-04-21,TXN101599,11861.06,captured,237.22,42.7,11581.14
2026-04-21,TXN101939,21077.19,captured,421.54,75.88,20579.77
2026-04-21,TXN102028,15625.24,captured,312.5,56.25,15256.49
2026-04-21,TXN102336,11667.76,captured,233.36,42.0,11392.4
2026-04-21,TXN102776,23790.03,captured,475.8,85.64,23228.59
2026-04-21,TXN102845,8903.85,captured,178.08,32.05,8693.72
2026-04-21,TXN103142,6352.63,captured,127.05,22.87,6202.71
2026-04-21,TXN103337,14044.32,captured,280.89,50.56,13712.87
2026-04-21,TXN103752,23054.39,captured,461.09,83.0,22510.3
2026-04-21,TXN103904,4014.56,captured,80.29,14.45,3919.82
2026-04-21,TXN103945,15895.19,captured,317.9,57.22,15520.07
2026-04-21,TXN104023,24269.8,captured,485.4,87.37,23697.03
2026-04-21,TXN104482,4883.7,captured,97.67,17.58,4768.45
2026-04-21,TXN104542,13372.12,captured,267.44,48.14,13056.54
2026-04-21,TXN104557,9405.2,captured,188.1,33.86,9183.24
2026-04-21,TXN104788,10390.8,captured,207.82,37.41,10145.57
2026-04-21,TXN104877,16834.6,captured,336.69,60.6,16437.31
2026-04-22,TXN100450,12762.36,captured,255.25,45.95,12461.16
2026-04-22,TXN100776,19372.53,captured,387.45,69.74,18915.34
2026-04-22,TXN100787,18203.64,captured,364.07,65.53,17774.04
2026-04-22,TXN100899,9484.54,captured,189.69,34.14,9260.71
2026-04-22,TXN100976,14645.03,captured,292.9,52.72,14299.41
2026-04-22,TXN100997,14683.4,captured,293.67,52.86,14336.87
2026-04-22,TXN101417,7296.69,captured,145.93,26.27,7124.49
2026-04-22,TXN101657,3075.58,captured,61.51,11.07,3003.0
2026-04-22,TXN101728,13238.29,captured,264.77,47.66,12925.86
2026-04-22,TXN101858,3689.34,captured,73.79,13.28,3602.27
2026-04-22,TXN101888,24193.44,captured,483.87,87.1,23622.47
2026-04-22,TXN102158,8404.45,captured,168.09,30.26,8206.1
2026-04-22,TXN102301,554.91,captured,11.1,2.0,541.81
2026-04-22,TXN102428,6870.59,captured,137.41,24.73,6708.45
2026-04-22,TXN102435,8656.1,captured,173.12,31.16,8451.82
2026-04-22,TXN102502,20230.95,captured,404.62,72.83,19753.5
2026-04-22,TXN102654,7574.59,captured,151.49,27.27,7395.83
2026-04-22,TXN102781,19043.8,captured,380.88,68.56,18594.36
2026-04-22,TXN102910,3314.67,captured,66.29,11.93,3236.45
2026-04-22,TXN103205,4752.75,captured,95.06,17.11,4640.58
2026-04-22,TXN103280,23393.9,captured,467.88,84.22,22841.8
2026-04-22,TXN103299,18275.27,captured,365.51,65.79,17843.97
2026-04-22,TXN103566,1775.09,captured,35.5,6.39,1733.2
2026-04-22,TXN103894,8853.29,captured,177.07,31.87,8644.35
2026-04-22,TXN104376,19134.77,captured,382.7,68.89,18683.18
2026-04-22,TXN104430,830.21,captured,16.6,2.99,810.62
2026-04-22,TXN104904,2333.06,captured,46.66,8.4,2278.0
2026-04-23,TXN100206,7189.53,captured,143.79,25.88,7019.86
2026-04-23,TXN100426,11086.78,captured,221.74,39.91,10825.13
2026-04-23,TXN100644,16411.78,captured,328.24,59.08,16024.46
2026-04-23,TXN100658,10200.58,captured,204.01,36.72,9959.85
2026-04-23,TXN101048,20595.05,captured,411.9,74.14,20109.01
2026-04-23,TXN101167,3496.33,captured,69.93,12.59,3413.81
2026-04-23,TXN101199,22699.94,captured,454.0,81.72,22164.22
2026-04-23,TXN101436,1882.79,captured,37.66,6.78,1838.35
2026-04-23,TXN101651,3079.49,captured,61.59,11.09,3006.81
2026-04-23,TXN101756,12246.48,captured,244.93,44.09,11957.46
2026-04-23,TXN101844,14693.36,captured,293.87,52.9,14346.59
2026-04-23,TXN101913,21454.09,captured,429.08,77.23,20947.78
2026-04-23,TXN101978,15791.63,captured,315.83,56.85,15418.95
2026-04-23,TXN102007,10468.89,captured,209.38,37.69,10221.82
2026-04-23,TXN102044,2280.21,captured,45.6,8.21,2226.4
2026-04-23,TXN102287,24360.95,captured,487.22,87.7,23786.03
2026-04-23,TXN102290,23963.41,captured,479.27,86.27,23397.87
2026-04-23,TXN103041,22213.69,captured,444.27,79.97,21689.45
2026-04-23,TXN103186,12623.13,captured,252.46,45.44,12325.23
2026-04-23,TXN103344,5021.64,captured,100.43,18.08,4903.13
2026-04-23,TXN103830,3171.66,captured,63.43,11.42,3096.81
2026-04-23,TXN103831,4885.77,captured,97.72,17.59,4770.46
2026-04-23,TXN104079,11125.05,captured,222.5,40.05,10862.5
2026-04-23,TXN104096,14475.95,captured,289.52,52.11,14134.32
2026-04-23,TXN104476,21633.15,captured,432.66,77.88,21122.61
2026-04-23,TXN104988,24805.44,captured,496.11,89.3,24220.03
2026-04-24,TXN100104,15966.83,captured,319.34,57.48,15590.01
2026-04-24,TXN100387,10967.35,captured,219.35,39.48,10708.52
2026-04-24,TXN100403,18728.96,captured,374.58,67.42,18286.96
2026-04-24,TXN100677,22502.57,captured,450.05,81.01,21971.51
2026-04-24,TXN100883,10250.41,captured,205.01,36.9,10008.5
2026-04-24,TXN100886,18354.02,captured,367.08,66.07,17920.87
2026-04-24,TXN100902,17681.34,captured,353.63,63.65,17264.06
2026-04-24,TXN100987,4193.1,captured,83.86,15.09,4094.15
2026-04-24,TXN101449,13874.94,captured,277.5,49.95,13547.49
2026-04-24,TXN102215,18027.36,captured,360.55,64.9,17601.91
2026-04-24,TXN102343,10151.8,captured,203.04,36.55,9912.21
2026-04-24,TXN102449,12938.29,captured,258.77,46.58,12632.94
2026-04-24,TXN102699,7411.42,captured,148.23,26.68,7236.51
2026-04-24,TXN102970,15976.51,captured,319.53,57.52,15599.46
2026-04-24,TXN103026,21649.45,captured,432.99,77.94,21138.52
2026-04-24,TXN103203,8918.77,captured,178.38,32.11,8708.28
2026-04-24,TXN103301,8909.27,captured,178.19,32.07,8699.01
2026-04-24,TXN103710,19576.71,captured,391.53,70.48,19114.7
2026-04-24,TXN103840,12400.18,captured,248.0,44.64,12107.54
2026-04-24,TXN103848,12977.83,captured,259.56,46.72,12671.55
2026-04-24,TXN104147,10671.11,captured,213.42,38.42,10419.27
2026-04-24,TXN104248,16094.46,captured,321.89,57.94,15714.63
2026-04-24,TXN104868,15536.8,captured,310.74,55.93,15170.13
2026-04-25,TXN100064,16576.87,captured,331.54,59.68,16185.65
2026-04-25,TXN100384,8019.94,captured,160.4,28.87,7830.67
2026-04-25,TXN100456,14081.69,captured,281.63,50.69,13749.37
2026-04-25,TXN100598,10029.42,captured,200.59,36.11,9792.72
2026-04-25,TXN100760,22401.34,captured,448.03,80.65,21872.66
2026-04-25,TXN100993,11712.47,captured,234.25,42.16,11436.06
2026-04-25,TXN101070,935.67,captured,18.71,3.37,913.59
2026-04-25,TXN101406,4682.33,captured,93.65,16.86,4571.82
2026-04-25,TXN101605,2800.26,captured,56.01,10.08,2734.17
2026-04-25,TXN101981,15587.35,captured,311.75,56.11,15219.49
2026-04-25,TXN102117,15089.43,captured,301.79,54.32,14733.32
2026-04-25,TXN102734,19984.03,captured,399.68,71.94,19512.41
2026-04-25,TXN102828,5513.39,captured,110.27,19.85,5383.27
2026-04-25,TXN103494,16731.95,captured,334.64,60.24,16337.07
2026-04-25,TXN103770,13581.97,captured,271.64,48.9,13261.43
2026-04-25,TXN103804,22802.71,captured,456.05,82.09,22264.57
2026-04-25,TXN103996,8451.63,captured,169.03,30.43,8252.17
2026-04-25,TXN104156,18016.52,captured,360.33,64.86,17591.33
2026-04-25,TXN104304,7986.53,captured,159.73,28.75,7798.05
2026-04-25,TXN104613,1622.38,captured,32.45,5.84,1584.09
2026-04-25,TXN104772,23165.97,captured,463.32,83.4,22619.25
2026-04-26,TXN100092,2109.54,captured,42.19,7.59,2059.76
2026-04-26,TXN100240,23705.48,captured,474.11,85.34,23146.03
2026-04-26,TXN100304,19081.13,captured,381.62,68.69,18630.82
2026-04-26,TXN100354,24528.91,captured,490.58,88.3,23950.03
2026-04-26,TXN100380,19889.47,captured,397.79,71.6,19420.08
2026-04-26,TXN100489,21027.65,captured,420.55,75.7,20531.4
2026-04-26,TXN100638,10508.54,captured,210.17,37.83,10260.54
2026-04-26,TXN101348,7342.89,captured,146.86,26.43,7169.6
2026-04-26,TXN101431,5597.12,captured,111.94,20.15,5465.03
2026-04-26,TXN101673,22625.64,captured,452.51,81.45,22091.68
2026-04-26,TXN101793,20606.82,captured,412.14,74.19,20120.49
2026-04-26,TXN101994,6156.82,captured,123.14,22.17,6011.51
2026-04-26,TXN102272,20662.7,captured,413.25,74.38,20175.07
2026-04-26,TXN102424,4111.1,captured,82.22,14.8,4014.08
2026-04-26,TXN102847,18436.66,captured,368.73,66.37,18001.56
2026-04-26,TXN103247,24885.47,captured,497.71,89.59,24298.17
2026-04-26,TXN103286,12428.61,captured,248.57,44.74,12135.3
2026-04-26,TXN103400,7823.68,captured,156.47,28.16,7639.05
2026-04-26,TXN103434,22357.93,captured,447.16,80.49,21830.28
2026-04-26,TXN103636,3422.03,captured,68.44,12.32,3341.27
2026-04-26,TXN103876,11928.78,captured,238.58,42.94,11647.26
2026-04-26,TXN104032,13562.26,captured,271.25,48.82,13242.19
2026-04-26,TXN104146,668.98,captured,13.38,2.41,653.19
2026-04-26,TXN104222,17913.46,captured,358.27,64.49,17490.7
2026-04-26,TXN104229,14517.95,captured,290.36,52.26,14175.33
2026-04-26,TXN104324,12591.98,captured,251.84,45.33,12294.81
2026-04-26,TXN104349,11593.67,captured,231.87,41.74,11320.06
2026-04-26,TXN104819,6945.39,captured,138.91,25.0,6781.48
2026-04-26,TXN104857,3904.69,captured,78.09,14.06,3812.54
2026-04-26,TXN104891,17525.33,captured,350.51,63.09,17111.73
2026-04-26,TXN104911,1261.87,captured,25.24,4.54,1232.09
2026-04-27,TXN100195,17520.67,captured,350.41,63.07,17107.19
2026-04-27,TXN100449,20330.88,captured,406.62,73.19,19851.07
2026-04-27,TXN100839,20047.71,captured,400.95,72.17,19574.59
2026-04-27,TXN100908,8039.78,captured,160.8,28.94,7850.04
2026-04-27,TXN101058,2132.75,captured,42.66,7.68,2082.41
2026-04-27,TXN101258,9868.92,captured,197.38,35.53,9636.01
2026-04-27,TXN101279,15517.89,captured,310.36,55.86,15151.67
2026-04-27,TXN101376,17682.29,captured,353.65,63.66,17264.98
2026-04-27,TXN101520,6782.57,captured,135.65,24.42,6622.5
2026-04-27,TXN102164,10090.33,captured,201.81,36.33,9852.19
2026-04-27,TXN102420,20643.17,captured,412.86,74.31,20156.0
2026-04-27,TXN102421,4426.04,captured,88.52,15.93,4321.59
2026-04-27,TXN102710,12758.55,captured,255.17,45.93,12457.45
2026-04-27,TXN102745,17899.52,captured,357.99,64.44,17477.09
2026-04-27,TXN103115,6996.0,captured,139.92,25.19,6830.89
2026-04-27,TXN103248,2514.06,captured,50.28,9.05,2454.73
2026-04-27,TXN103341,1023.42,captured,20.47,3.68,999.27
2026-04-27,TXN103463,12001.44,captured,240.03,43.21,11718.2
2026-04-27,TXN103496,22524.92,captured,450.5,81.09,21993.33
2026-04-27,TXN104278,20239.16,captured,404.78,72.86,19761.52
2026-04-27,TXN104392,17202.62,captured,344.05,61.93,16796.64
2026-04-28,TXN100067,6441.81,captured,128.84,23.19,6289.78
2026-04-28,TXN100154,19526.98,captured,390.54,70.3,19066.14
2026-04-28,TXN100394,8947.82,captured,178.96,32.21,8736.65
2026-04-28,TXN100592,10943.92,captured,218.88,39.4,10685.64
2026-04-28,TXN100830,17025.34,captured,340.51,61.29,16623.54
2026-04-28,TXN100983,4138.64,captured,82.77,14.9,4040.97
2026-04-28,TXN101051,18094.22,captured,361.88,65.14,17667.2
2026-04-28,TXN101099,14198.29,captured,283.97,51.11,13863.21
2026-04-28,TXN101185,16443.12,captured,328.86,59.19,16055.07
2026-04-28,TXN101245,1430.72,captured,28.61,5.15,1396.96
2026-04-28,TXN101247,6580.95,captured,131.62,23.69,6425.64
2026-04-28,TXN101357,4641.52,captured,92.83,16.71,4531.98
2026-04-28,TXN101609,19227.2,captured,384.54,69.22,18773.44
2026-04-28,TXN101746,10598.84,captured,211.98,38.16,10348.7
2026-04-28,TXN101825,8348.98,captured,166.98,30.06,8151.94
2026-04-28,TXN101959,3120.24,captured,62.4,11.23,3046.61
2026-04-28,TXN102153,4766.96,captured,95.34,17.16,4654.46
2026-04-28,TXN102335,20973.34,captured,419.47,75.5,20478.37
2026-04-28,TXN102809,16013.65,captured,320.27,57.65,15635.73
2026-04-28,TXN102822,21748.54,captured,434.97,78.29,21235.28
2026-04-28,TXN102855,11041.87,captured,220.84,39.75,10781.28
2026-04-28,TXN103162,1913.38,captured,38.27,6.89,1868.22
2026-04-28,TXN103283,3803.33,captured,76.07,13.69,3713.57
2026-04-28,TXN103369,18702.14,captured,374.04,67.33,18260.77
2026-04-28,TXN103453,8537.04,captured,170.74,30.73,8335.57
2026-04-28,TXN103739,16177.62,captured,323.55,58.24,15795.83
2026-04-28,TXN104069,2138.34,captured,42.77,7.7,2087.87
2026-04-28,TXN104474,6301.14,captured,126.02,22.68,6152.44
2026-04-28,TXN104523,1952.58,captured,39.05,7.03,1906.5
2026-04-28,TXN104597,18647.49,captured,372.95,67.13,18207.41
2026-04-28,TXN104662,12531.51,captured,250.63,45.11,12235.77
2026-04-28,TXN104768,12066.29,captured,241.33,43.44,11781.52
2026-04-28,TXN104771,13847.72,captured,276.95,49.85,13520.92
2026-04-28,TXN104927,24956.18,captured,499.12,89.84,24367.22
2026-04-29,TXN100495,19471.46,captured,389.43,70.1,19011.93
2026-04-29,TXN100693,1095.77,captured,21.92,3.95,1069.9
2026-04-29,TXN101788,9543.13,captured,190.86,34.35,9317.92
2026-04-29,TXN101822,8980.59,captured,179.61,32.33,8768.65
2026-04-29,TXN102002,21335.79,captured,426.72,76.81,20832.26
2026-04-29,TXN102190,14350.72,captured,287.01,51.66,14012.05
2026-04-29,TXN103092,20716.09,captured,414.32,74.58,20227.19
2026-04-29,TXN103133,1771.56,captured,35.43,6.38,1729.75
2026-04-29,TXN103282,11640.45,captured,232.81,41.91,11365.73
2026-04-29,TXN103397,1415.86,captured,28.32,5.1,1382.44
2026-04-29,TXN104095,13434.53,captured,268.69,48.36,13117.48
2026-04-29,TXN104125,23638.95,captured,472.78,85.1,23081.07
2026-04-29,TXN104213,15784.39,captured,315.69,56.82,15411.88
2026-04-29,TXN104253,4987.81,captured,99.76,17.96,4870.09
2026-04-29,TXN104829,17921.71,captured,358.43,64.52,17498.76
2026-04-30,TXN100038,17138.25,captured,342.76,61.7,16733.79
2026-04-30,TXN100131,9814.33,captured,196.29,35.33,9582.71
2026-04-30,TXN100188,14230.05,captured,284.6,51.23,13894.22
2026-04-30,TXN100277,11697.76,captured,233.96,42.11,11421.69
2026-04-30,TXN100395,19136.36,captured,382.73,68.89,18684.74
2026-04-30,TXN100540,940.06,captured,18.8,3.38,917.88
2026-04-30,TXN100803,23322.06,captured,466.44,83.96,22771.66
2026-04-30,TXN100824,20833.55,captured,416.67,75.0,20341.88
2026-04-30,TXN100829,857.85,captured,17.16,3.09,837.6
2026-04-30,TXN100863,6916.86,captured,138.34,24.9,6753.62
2026-04-30,TXN100939,11498.28,captured,229.97,41.39,11226.92
2026-04-30,TXN101072,7916.33,captured,158.33,28.5,7729.5
2026-04-30,TXN101193,19683.57,captured,393.67,70.86,19219.04
2026-04-30,TXN101206,2646.46,captured,52.93,9.53,2584.0
2026-04-30,TXN101269,19091.14,captured,381.82,68.73,18640.59
2026-04-30,TXN101307,9831.14,captured,196.62,35.39,9599.13
2026-04-30,TXN101388,12193.46,captured,243.87,43.9,11905.69
2026-04-30,TXN101893,1597.32,captured,31.95,5.75,1559.62
2026-04-30,TXN101990,2050.23,captured,41.0,7.38,2001.85
2026-04-30,TXN102035,16331.25,captured,326.62,58.79,15945.84
2026-04-30,TXN102202,8638.58,captured,172.77,31.1,8434.71
2026-04-30,TXN102323,24881.48,captured,497.63,89.57,24294.28
2026-04-30,TXN102384,4402.81,captured,88.06,15.85,4298.9
2026-04-30,TXN102853,12209.56,captured,244.19,43.95,11921.42
2026-04-30,TXN102865,7487.12,captured,149.74,26.95,7310.43
2026-04-30,TXN102867,14449.12,captured,288.98,52.02,14108.12
2026-04-30,TXN103209,7175.86,captured,143.52,25.83,7006.51
2026-04-30,TXN103542,11117.44,captured,222.35,40.02,10855.07
2026-04-30,TXN103564,825.85,captured,16.52,2.97,806.36
2026-04-30,TXN103623,17418.91,captured,348.38,62.71,17007.82
2026-04-30,TXN103850,13070.64,captured,261.41,47.05,12762.18
2026-04-30,TXN104367,4225.42,captured,84.51,15.21,4125.7
2026-04-30,TXN104441,16697.57,captured,333.95,60.11,16303.51
2026-04-30,TXN104473,868.28,captured,17.37,3.13,847.78
2026-04-30,TXN104701,2807.98,captured,56.16,10.11,2741.71
2026-04-30,TXN104714,14123.76,captured,282.48,50.85,13790.43
2026-04-30,TXN104840,15228.58,captured,304.57,54.82,14869.19
2026-05-01,TXN100721,18747.92,captured,374.96,67.49,18305.47
2026-05-01,TXN100847,6192.75,captured,123.86,22.29,6046.6
2026-05-01,TXN100941,612.82,captured,12.26,2.21,598.35
2026-05-01,TXN101087,23746.59,captured,474.93,85.49,23186.17
2026-05-01,TXN101156,11922.25,captured,238.44,42.92,11640.89
2026-05-01,TXN101248,23276.34,captured,465.53,83.8,22727.01
2026-05-01,TXN101324,13510.41,captured,270.21,48.64,13191.56
2026-05-01,TXN101692,4848.14,captured,96.96,17.45,4733.73
2026-05-01,TXN102133,5792.24,captured,115.84,20.85,5655.55
2026-05-01,TXN102185,9775.66,captured,195.51,35.19,9544.96
2026-05-01,TXN102476,15159.53,captured,303.19,54.57,14801.77
2026-05-01,TXN102477,9428.77,captured,188.58,33.94,9206.25
2026-05-01,TXN102499,16558.88,captured,331.18,59.61,16168.09
2026-05-01,TXN102513,1581.39,captured,31.63,5.69,1544.07
2026-05-01,TXN102986,7464.6,captured,149.29,26.87,7288.44
2026-05-01,TXN103372,23195.11,captured,463.9,83.5,22647.71
2026-05-01,TXN103462,13139.62,captured,262.79,47.3,12829.53
2026-05-01,TXN103815,1684.39,captured,33.69,6.06,1644.64
2026-05-01,TXN103828,8733.88,captured,174.68,31.44,8527.76
2026-05-01,TXN104171,18700.52,captured,374.01,67.32,18259.19
2026-05-01,TXN104300,8495.22,captured,169.9,30.58,8294.74
2026-05-01,TXN104322,20237.96,captured,404.76,72.86,19760.34
2026-05-01,TXN104552,7601.8,captured,152.04,27.37,7422.39
2026-05-01,TXN104594,16366.43,captured,327.33,58.92,15980.18
2026-05-01,TXN104669,10721.36,captured,214.43,38.6,10468.33
2026-05-01,TXN104691,17545.95,captured,350.92,63.17,17131.86
2026-05-01,TXN104710,895.5,captured,17.91,3.22,874.37
2026-05-01,TXN104769,3751.27,captured,75.03,13.51,3662.73
2026-05-02,TXN100496,1479.41,captured,29.59,5.33,1444.49
2026-05-02,TXN100519,20043.76,captured,400.88,72.16,19570.72
2026-05-02,TXN100581,6906.55,captured,138.13,24.86,6743.56
2026-05-02,TXN100894,23256.99,captured,465.14,83.73,22708.12
2026-05-02,TXN100915,14862.48,captured,297.25,53.5,14511.73
2026-05-02,TXN101121,17125.01,captured,342.5,61.65,16720.86
2026-05-02,TXN101187,13817.87,captured,276.36,49.74,13491.77
2026-05-02,TXN101558,24372.58,captured,487.45,87.74,23797.39
2026-05-02,TXN101727,2552.42,captured,51.05,9.19,2492.18
2026-05-02,TXN102156,11807.77,captured,236.16,42.51,11529.1
2026-05-02,TXN102262,13512.29,captured,270.25,48.64,13193.4
2026-05-02,TXN102334,10035.99,captured,200.72,36.13,9799.14
2026-05-02,TXN102792,9805.2,captured,196.1,35.3,9573.8
2026-05-02,TXN102952,4640.56,captured,92.81,16.71,4531.04
2026-05-02,TXN103192,24300.51,captured,486.01,87.48,23727.02
2026-05-02,TXN103254,8960.16,captured,179.2,32.26,8748.7
2026-05-02,TXN103340,21123.97,captured,422.48,76.05,20625.44
2026-05-02,TXN103418,11006.45,captured,220.13,39.62,10746.7
2026-05-02,TXN103455,18589.68,captured,371.79,66.92,18150.97
2026-05-02,TXN103586,7880.31,captured,157.61,28.37,7694.33
2026-05-02,TXN103618,21235.6,captured,424.71,76.45,20734.44
2026-05-02,TXN103992,2859.49,captured,57.19,10.29,2792.01
2026-05-02,TXN104119,2593.44,captured,51.87,9.34,2532.23
2026-05-02,TXN104209,13669.11,captured,273.38,49.21,13346.52
2026-05-02,TXN104492,17660.84,captured,353.22,63.58,17244.04
2026-05-03,TXN100111,1333.17,captured,26.66,4.8,1301.71
2026-05-03,TXN100878,17625.24,captured,352.5,63.45,17209.29
2026-05-03,TXN101089,1354.09,captured,27.08,4.87,1322.14
2026-05-03,TXN101575,12349.72,captured,246.99,44.46,12058.27
2026-05-03,TXN102378,3637.31,captured,72.75,13.09,3551.47
2026-05-03,TXN102672,7847.63,captured,156.95,28.25,7662.43
2026-05-03,TXN102850,12598.75,captured,251.97,45.35,12301.43
2026-05-03,TXN102872,13137.86,captured,262.76,47.3,12827.8
2026-05-03,TXN102915,2756.2,captured,55.12,9.92,2691.16
2026-05-03,TXN103008,8324.73,captured,166.49,29.97,8128.27
2026-05-03,TXN103122,4792.25,captured,95.84,17.25,4679.16
2026-05-03,TXN103232,15967.04,captured,319.34,57.48,15590.22
2026-05-03,TXN103266,23502.98,captured,470.06,84.61,22948.31
2026-05-03,TXN103269,12755.15,captured,255.1,45.92,12454.13
2026-05-03,TXN103450,10252.67,captured,205.05,36.91,10010.71
2026-05-03,TXN103628,23165.21,captured,463.3,83.39,22618.52
2026-05-03,TXN104276,2686.55,captured,53.73,9.67,2623.15
2026-05-03,TXN104408,21051.34,captured,421.03,75.79,20554.52
2026-05-03,TXN104562,8273.25,captured,165.47,29.78,8078.0
2026-05-03,TXN104838,20179.52,captured,403.59,72.65,19703.28
2026-05-04,TXN100366,667.05,captured,13.34,2.4,651.31
2026-05-04,TXN100388,14042.36,captured,280.85,50.55,13710.96
2026-05-04,TXN100460,14997.52,captured,299.95,53.99,14643.58
2026-05-04,TXN100553,15415.12,captured,308.3,55.49,15051.33
2026-05-04,TXN100560,10985.67,captured,219.71,39.55,10726.41
2026-05-04,TXN100782,2456.24,captured,49.12,8.84,2398.28
2026-05-04,TXN100926,9854.9,captured,197.1,35.48,9622.32
2026-05-04,TXN101030,8716.75,captured,174.34,31.38,8511.03
2026-05-04,TXN101173,2836.89,captured,56.74,10.21,2769.94
2026-05-04,TXN101180,5516.4,captured,110.33,19.86,5386.21
2026-05-04,TXN101218,12232.07,captured,244.64,44.04,11943.39
2026-05-04,TXN101489,24488.03,captured,489.76,88.16,23910.11
2026-05-04,TXN101735,24022.72,captured,480.45,86.48,23455.79
2026-05-04,TXN101759,15472.96,captured,309.46,55.7,15107.8
2026-05-04,TXN101882,15510.2,captured,310.2,55.84,15144.16
2026-05-04,TXN102129,23108.22,captured,462.16,83.19,22562.87
2026-05-04,TXN102295,10953.32,captured,219.07,39.43,10694.82
2026-05-04,TXN102402,22114.38,captured,442.29,79.61,21592.48
2026-05-04,TXN102629,19933.98,captured,398.68,71.76,19463.54
2026-05-04,TXN102892,8288.44,captured,165.77,29.84,8092.83
2026-05-04,TXN103010,3010.4,captured,60.21,10.84,2939.35
2026-05-04,TXN103038,8480.93,captured,169.62,30.53,8280.78
2026-05-04,TXN103093,6434.07,captured,128.68,23.16,6282.23
2026-05-04,TXN103364,5703.99,captured,114.08,20.53,5569.38
2026-05-04,TXN103683,5204.75,captured,104.09,18.74,5081.92
2026-05-04,TXN103814,2345.77,captured,46.92,8.45,2290.4
2026-05-04,TXN103835,7969.03,captured,159.38,28.69,7780.96
2026-05-04,TXN104161,8400.22,captured,168.0,30.24,8201.98
2026-05-04,TXN104427,19136.72,captured,382.73,68.89,18685.1
2026-05-04,TXN104973,23297.72,captured,465.95,83.87,22747.9
2026-05-05,TXN100157,20094.99,captured,401.9,72.34,19620.75
2026-05-05,TXN100282,21641.47,captured,432.83,77.91,21130.73
2026-05-05,TXN100652,21321.18,captured,426.42,76.76,20818.0
2026-05-05,TXN100667,12111.09,captured,242.22,43.6,11825.27
2026-05-05,TXN100876,24080.47,captured,481.61,86.69,23512.17
2026-05-05,TXN100910,16146.93,captured,322.94,58.13,15765.86
2026-05-05,TXN101331,18744.82,captured,374.9,67.48,18302.44
2026-05-05,TXN101534,8793.96,captured,175.88,31.66,8586.42
2026-05-05,TXN101578,6492.2,captured,129.84,23.37,6338.99
2026-05-05,TXN101700,12707.42,captured,254.15,45.75,12407.52
2026-05-05,TXN102716,8379.63,captured,167.59,30.17,8181.87
2026-05-05,TXN102975,12147.5,captured,242.95,43.73,11860.82
2026-05-05,TXN103004,10045.29,captured,200.91,36.16,9808.22
2026-05-05,TXN103066,6979.74,captured,139.59,25.13,6815.02
2026-05-05,TXN103071,10386.07,captured,207.72,37.39,10140.96
2026-05-05,TXN103438,10582.91,captured,211.66,38.1,10333.15
2026-05-05,TXN103502,24725.11,captured,494.5,89.01,24141.6
2026-05-05,TXN103646,18416.05,captured,368.32,66.3,17981.43
2026-05-05,TXN104195,18122.23,captured,362.44,65.24,17694.55
2026-05-05,TXN104870,5103.99,captured,102.08,18.37,4983.54
2026-05-06,TXN100345,1420.07,captured,28.4,5.11,1386.56
2026-05-06,TXN100659,12093.12,captured,241.86,43.53,11807.73
2026-05-06,TXN100698,12746.23,captured,254.92,45.89,12445.42
2026-05-06,TXN100853,4921.33,captured,98.43,17.72,4805.18
2026-05-06,TXN100871,19685.78,captured,393.72,70.87,19221.19
2026-05-06,TXN100909,9753.21,captured,195.06,35.11,9523.04
2026-05-06,TXN100994,3299.9,captured,66.0,11.88,3222.02
2026-05-06,TXN101144,18115.69,captured,362.31,65.22,17688.16
2026-05-06,TXN101191,10645.0,captured,212.9,38.32,10393.78
2026-05-06,TXN101246,20599.41,captured,411.99,74.16,20113.26
2026-05-06,TXN101429,21418.47,captured,428.37,77.11,20912.99
2026-05-06,TXN101688,7932.26,captured,158.65,28.56,7745.05
2026-05-06,TXN102034,24536.92,captured,490.74,88.33,23957.85
2026-05-06,TXN102076,17046.81,captured,340.94,61.37,16644.5
2026-05-06,TXN102122,13098.82,captured,261.98,47.16,12789.68
2026-05-06,TXN102425,3337.69,captured,66.75,12.01,3258.93
2026-05-06,TXN102837,934.31,captured,18.69,3.36,912.26
2026-05-06,TXN103097,12166.51,captured,243.33,43.8,11879.38
2026-05-06,TXN103125,20112.88,captured,402.26,72.41,19638.21
2026-05-06,TXN103134,7579.02,captured,151.58,27.28,7400.16
2026-05-06,TXN103137,3195.72,captured,63.91,11.5,3120.31
2026-05-06,TXN103144,18778.25,captured,375.56,67.6,18335.09
2026-05-06,TXN103351,14711.29,captured,294.23,52.96,14364.1
2026-05-06,TXN103437,17178.03,captured,343.56,61.84,16772.63
2026-05-06,TXN103446,15495.65,captured,309.91,55.78,15129.96
2026-05-06,TXN103480,11857.31,captured,237.15,42.69,11577.47
2026-05-06,TXN103508,22364.29,captured,447.29,80.51,21836.49
2026-05-06,TXN103560,21083.21,captured,421.66,75.9,20585.65
2026-05-06,TXN103671,24829.01,captured,496.58,89.38,24243.05
2026-05-06,TXN103868,3508.3,captured,70.17,12.63,3425.5
2026-05-06,TXN104063,24382.15,captured,487.64,87.78,23806.73
2026-05-06,TXN104582,12664.42,captured,253.29,45.59,12365.54
2026-05-06,TXN104644,8520.26,captured,170.41,30.67,8319.18
2026-05-07,TXN100250,2063.82,captured,41.28,7.43,2015.11
2026-05-07,TXN100401,14288.13,captured,285.76,51.44,13950.93
2026-05-07,TXN100533,21262.13,captured,425.24,76.54,20760.35
2026-05-07,TXN100578,8020.79,captured,160.42,28.88,7831.49
2026-05-07,TXN100600,5216.73,captured,104.33,18.78,5093.62
2026-05-07,TXN100701,24646.68,captured,492.93,88.73,24065.02
2026-05-07,TXN100710,20202.67,captured,404.05,72.73,19725.89
2026-05-07,TXN100766,18880.69,captured,377.61,67.97,18435.11
2026-05-07,TXN100973,17877.82,captured,357.56,64.36,17455.9
2026-05-07,TXN101954,12375.7,captured,247.51,44.55,12083.64
2026-05-07,TXN102134,17294.76,captured,345.9,62.26,16886.6
2026-05-07,TXN102480,3810.85,captured,76.22,13.72,3720.91
2026-05-07,TXN102769,23475.38,captured,469.51,84.51,22921.36
2026-05-07,TXN103094,23483.38,captured,469.67,84.54,22929.17
2026-05-07,TXN103870,20096.79,captured,401.94,72.35,19622.5
2026-05-07,TXN104155,5871.13,captured,117.42,21.14,5732.57
2026-05-07,TXN104378,11217.99,captured,224.36,40.38,10953.25
2026-05-07,TXN104417,11914.74,captured,238.29,42.89,11633.56
2026-05-07,TXN104545,9285.43,captured,185.71,33.43,9066.29
2026-05-07,TXN104867,3812.62,captured,76.25,13.72,3722.65
2026-05-08,TXN100153,16504.63,captured,330.09,59.42,16115.12
2026-05-08,TXN100364,24691.92,captured,493.84,88.89,24109.19
2026-05-08,TXN100433,6622.42,captured,132.45,23.84,6466.13
2026-05-08,TXN100484,20826.85,captured,416.54,74.98,20335.33
2026-05-08,TXN100490,3698.71,captured,73.97,13.31,3611.43
2026-05-08,TXN100614,20595.03,captured,411.9,74.14,20108.99
2026-05-08,TXN100879,17871.45,captured,357.43,64.34,17449.68
2026-05-08,TXN101274,1610.71,captured,32.21,5.8,1572.7
2026-05-08,TXN101435,11950.22,captured,239.0,43.02,11668.2
2026-05-08,TXN101555,1684.15,captured,33.68,6.06,1644.41
2026-05-08,TXN101643,3565.07,captured,71.3,12.83,3480.94
2026-05-08,TXN101690,16508.92,captured,330.18,59.43,16119.31
2026-05-08,TXN101693,18258.86,captured,365.18,65.73,17827.95
2026-05-08,TXN102067,9511.0,captured,190.22,34.24,9286.54
2026-05-08,TXN102070,23710.39,captured,474.21,85.36,23150.82
2026-05-08,TXN102326,3354.26,captured,67.09,12.08,3275.09
2026-05-08,TXN102434,19322.75,captured,386.45,69.56,18866.74
2026-05-08,TXN102443,17597.29,captured,351.95,63.35,17181.99
2026-05-08,TXN102600,3941.0,captured,78.82,14.19,3847.99
2026-05-08,TXN103025,10829.68,captured,216.59,38.99,10574.1
2026-05-08,TXN103082,22583.55,captured,451.67,81.3,22050.58
2026-05-08,TXN103119,9947.81,captured,198.96,35.81,9713.04
2026-05-08,TXN103229,12636.31,captured,252.73,45.49,12338.09
2026-05-08,TXN103318,19554.01,captured,391.08,70.39,19092.54
2026-05-08,TXN103785,3840.33,captured,76.81,13.83,3749.69
2026-05-08,TXN103916,15933.12,captured,318.66,57.36,15557.1
2026-05-08,TXN104162,14610.4,captured,292.21,52.6,14265.59
2026-05-08,TXN104258,17982.44,captured,359.65,64.74,17558.05
2026-05-08,TXN104266,606.73,captured,12.13,2.18,592.42
2026-05-08,TXN104558,11333.12,captured,226.66,40.8,11065.66
2026-05-08,TXN104648,15090.18,captured,301.8,54.32,14734.06
2026-05-08,TXN104715,7718.47,captured,154.37,27.79,7536.31
2026-05-09,TXN100494,13855.46,captured,277.11,49.88,13528.47
2026-05-09,TXN100603,15274.63,captured,305.49,54.99,14914.15
2026-05-09,TXN100750,6251.93,captured,125.04,22.51,6104.38
2026-05-09,TXN101005,1155.84,captured,23.12,4.16,1128.56
2026-05-09,TXN101492,11982.78,captured,239.66,43.14,11699.98
2026-05-09,TXN101695,19543.96,captured,390.88,70.36,19082.72
2026-05-09,TXN102012,22869.74,captured,457.39,82.33,22330.02
2026-05-09,TXN102047,21912.33,captured,438.25,78.88,21395.2
2026-05-09,TXN102228,18736.91,captured,374.74,67.45,18294.72
2026-05-09,TXN102319,14025.17,captured,280.5,50.49,13694.18
2026-05-09,TXN102321,1647.81,captured,32.96,5.93,1608.92
2026-05-09,TXN102416,21379.18,captured,427.58,76.96,20874.64
2026-05-09,TXN102903,15786.22,captured,315.72,56.83,15413.67
2026-05-09,TXN103118,19511.27,captured,390.23,70.24,19050.8
2026-05-09,TXN103172,885.03,captured,17.7,3.19,864.14
2026-05-09,TXN103647,22421.3,captured,448.43,80.72,21892.15
2026-05-09,TXN103890,7338.61,captured,146.77,26.42,7165.42
2026-05-09,TXN103942,11710.1,captured,234.2,42.16,11433.74
2026-05-09,TXN104099,16365.96,captured,327.32,58.92,15979.72
2026-05-09,TXN104426,10458.86,captured,209.18,37.65,10212.03
2026-05-09,TXN104437,4332.44,captured,86.65,15.6,4230.19
2026-05-09,TXN104515,10165.63,captured,203.31,36.6,9925.72
2026-05-09,TXN104571,2825.65,captured,56.51,10.17,2758.97
2026-05-09,TXN104789,18557.36,captured,371.15,66.81,18119.4
2026-05-09,TXN104925,17669.89,captured,353.4,63.61,17252.88
2026-05-10,TXN100034,15797.92,captured,315.96,56.87,15425.09
2026-05-10,TXN100187,6192.06,captured,123.84,22.29,6045.93
2026-05-10,TXN100202,11056.53,captured,221.13,39.8,10795.6
2026-05-10,TXN100278,12609.87,captured,252.2,45.4,12312.27
2026-05-10,TXN100407,4188.02,captured,83.76,15.08,4089.18
2026-05-10,TXN100434,19077.32,captured,381.55,68.68,18627.09
2026-05-10,TXN100778,9686.0,captured,193.72,34.87,9457.41
2026-05-10,TXN100779,18569.49,captured,371.39,66.85,18131.25
2026-05-10,TXN100935,13548.84,captured,270.98,48.78,13229.08
2026-05-10,TXN101188,5375.72,captured,107.51,19.35,5248.86
2026-05-10,TXN101294,23237.12,captured,464.74,83.65,22688.73
2026-05-10,TXN101574,17622.81,captured,352.46,63.44,17206.91
2026-05-10,TXN101625,2628.89,captured,52.58,9.46,2566.85
2026-05-10,TXN101626,3718.68,captured,74.37,13.39,3630.92
2026-05-10,TXN101791,4998.23,captured,99.96,17.99,4880.28
2026-05-10,TXN101889,20989.07,captured,419.78,75.56,20493.73
2026-05-10,TXN102071,406.07,captured,8.12,1.46,396.49
2026-05-10,TXN102356,23287.49,captured,465.75,83.83,22737.91
2026-05-10,TXN102779,20544.21,captured,410.88,73.96,20059.37
2026-05-10,TXN102944,8114.1,captured,162.28,29.21,7922.61
2026-05-10,TXN102996,10444.76,captured,208.9,37.6,10198.26
2026-05-10,TXN103047,1382.13,captured,27.64,4.98,1349.51
2026-05-10,TXN103147,1782.02,captured,35.64,6.42,1739.96
2026-05-10,TXN103200,21370.58,captured,427.41,76.93,20866.24
2026-05-10,TXN103210,23728.78,captured,474.58,85.42,23168.78
2026-05-10,TXN103274,987.11,captured,19.74,3.55,963.82
2026-05-10,TXN103297,5642.77,captured,112.86,20.31,5509.6
2026-05-10,TXN104826,21209.47,captured,424.19,76.35,20708.93
2026-05-10,TXN104865,23343.81,captured,466.88,84.04,22792.89
2026-05-10,TXN104882,16793.47,captured,335.87,60.46,16397.14
2026-05-11,TXN100095,11123.16,captured,222.46,40.04,10860.66
2026-05-11,TXN100584,20392.9,captured,407.86,73.41,19911.63
2026-05-11,TXN100664,10313.79,captured,206.28,37.13,10070.38
2026-05-11,TXN100950,6601.37,captured,132.03,23.77,6445.57
2026-05-11,TXN101036,18389.1,captured,367.78,66.2,17955.12
2026-05-11,TXN101063,1622.83,captured,32.46,5.84,1584.53
2026-05-11,TXN101214,2861.71,captured,57.23,10.3,2794.18
2026-05-11,TXN101386,9246.91,captured,184.94,33.29,9028.68
2026-05-11,TXN101678,753.79,captured,15.08,2.71,736.0
2026-05-11,TXN101691,8142.16,captured,162.84,29.31,7950.01
2026-05-11,TXN101828,24355.13,captured,487.1,87.68,23780.35
2026-05-11,TXN101989,19701.65,captured,394.03,70.93,19236.69
2026-05-11,TXN102407,15262.0,captured,305.24,54.94,14901.82
2026-05-11,TXN102475,23618.52,captured,472.37,85.03,23061.12
2026-05-11,TXN102646,23406.82,captured,468.14,84.27,22854.41
2026-05-11,TXN102706,7062.27,captured,141.25,25.43,6895.59
2026-05-11,TXN103141,1045.59,captured,20.91,3.76,1020.92
2026-05-11,TXN103152,7014.14,captured,140.28,25.25,6848.61
2026-05-11,TXN103201,14382.3,captured,287.65,51.78,14042.87
2026-05-11,TXN103268,11103.82,captured,222.08,39.97,10841.77
2026-05-11,TXN103520,24212.44,captured,484.25,87.16,23641.03
2026-05-11,TXN103963,23120.59,captured,462.41,83.23,22574.95
2026-05-11,TXN104003,14320.71,captured,286.41,51.55,13982.75
2026-05-11,TXN104055,15370.04,captured,307.4,55.33,15007.31
2026-05-11,TXN104136,10655.21,captured,213.1,38.36,10403.75
2026-05-11,TXN104252,23994.92,captured,479.9,86.38,23428.64
2026-05-11,TXN104522,12337.35,captured,246.75,44.41,12046.19
2026-05-11,TXN104559,14967.97,captured,299.36,53.88,14614.73
2026-05-11,TXN104649,21322.12,captured,426.44,76.76,20818.92
2026-05-11,TXN104809,2581.71,captured,51.63,9.29,2520.79
2026-05-11,TXN104933,9952.62,captured,199.05,35.83,9717.74
2026-05-12,TXN100044,13622.66,captured,272.45,49.04,13301.17
2026-05-12,TXN100191,24128.6,captured,482.57,86.86,23559.17
2026-05-12,TXN100471,4766.9,captured,95.34,17.16,4654.4
2026-05-12,TXN100483,7037.95,captured,140.76,25.34,6871.85
2026-05-12,TXN101124,20990.05,captured,419.8,75.56,20494.69
2026-05-12,TXN101732,21759.82,captured,435.2,78.34,21246.28
2026-05-12,TXN102063,6176.26,captured,123.53,22.24,6030.49
2026-05-12,TXN102068,13480.98,captured,269.62,48.53,13162.83
2026-05-12,TXN102113,1606.34,captured,32.13,5.78,1568.43
2026-05-12,TXN102124,2829.72,captured,56.59,10.19,2762.94
2026-05-12,TXN102267,22922.5,captured,458.45,82.52,22381.53
2026-05-12,TXN102345,9896.02,captured,197.92,35.63,9662.47
2026-05-12,TXN102398,7413.87,captured,148.28,26.69,7238.9
2026-05-12,TXN102472,3865.35,captured,77.31,13.92,3774.12
2026-05-12,TXN102802,604.73,captured,12.09,2.18,590.46
2026-05-12,TXN102924,2469.18,captured,49.38,8.89,2410.91
2026-05-12,TXN103086,22165.75,captured,443.31,79.8,21642.64
2026-05-12,TXN103290,4741.22,captured,94.82,17.07,4629.33
2026-05-12,TXN103505,11021.36,captured,220.43,39.68,10761.25
2026-05-12,TXN103715,22793.15,captured,455.86,82.05,22255.24
2026-05-12,TXN103974,11606.89,captured,232.14,41.79,11332.96
2026-05-12,TXN104139,1040.51,captured,20.81,3.75,1015.95
2026-05-12,TXN104297,18394.14,captured,367.88,66.22,17960.04
2026-05-12,TXN104494,10048.3,captured,200.97,36.17,9811.16
2026-05-12,TXN104499,1896.94,captured,37.94,6.83,1852.17
2026-05-12,TXN104637,9519.71,captured,190.39,34.27,9295.05
2026-05-12,TXN104781,2552.09,captured,51.04,9.19,2491.86
2026-05-12,TXN104975,22677.08,captured,453.54,81.64,22141.9
2026-05-12,TXN104976,9227.31,captured,184.55,33.22,9009.54
2026-05-13,TXN100175,21060.49,captured,421.21,75.82,20563.46
2026-05-13,TXN100332,6647.16,captured,132.94,23.93,6490.29
2026-05-13,TXN100900,1579.15,captured,31.58,5.68,1541.89
2026-05-13,TXN100912,11170.46,captured,223.41,40.21,10906.84
2026-05-13,TXN101088,24312.47,captured,486.25,87.52,23738.7
2026-05-13,TXN101213,3092.5,captured,61.85,11.13,3019.52
2026-05-13,TXN101401,18187.41,captured,363.75,65.47,17758.19
2026-05-13,TXN101507,16122.34,captured,322.45,58.04,15741.85
2026-05-13,TXN101514,4841.99,captured,96.84,17.43,4727.72
2026-05-13,TXN101611,19873.8,captured,397.48,71.55,19404.77
2026-05-13,TXN101967,11134.93,captured,222.7,40.09,10872.14
2026-05-13,TXN102046,7115.79,captured,142.32,25.62,6947.85
2026-05-13,TXN102060,15580.17,captured,311.6,56.09,15212.48
2026-05-13,TXN102436,11021.59,captured,220.43,39.68,10761.48
2026-05-13,TXN102638,12862.76,captured,257.26,46.31,12559.19
2026-05-13,TXN102735,18183.08,captured,363.66,65.46,17753.96
2026-05-13,TXN102806,20794.81,captured,415.9,74.86,20304.05
2026-05-13,TXN103235,15143.3,captured,302.87,54.52,14785.91
2026-05-13,TXN103658,3228.21,captured,64.56,11.62,3152.03
2026-05-13,TXN103766,13252.15,captured,265.04,47.71,12939.4
2026-05-13,TXN103871,11676.52,captured,233.53,42.04,11400.95
2026-05-13,TXN104654,18570.87,captured,371.42,66.86,18132.59
2026-05-13,TXN104726,6402.58,captured,128.05,23.05,6251.48
2026-05-13,TXN104784,22329.56,captured,446.59,80.39,21802.58
2026-05-13,TXN104876,23143.1,captured,462.86,83.31,22596.93
2026-05-13,TXN104902,8601.95,captured,172.04,30.97,8398.94
2026-05-13,TXN104940,23870.95,captured,477.42,85.94,23307.59
2026-05-13,TXN104994,4996.55,captured,99.93,17.99,4878.63
2026-05-14,TXN100146,16573.61,captured,331.47,59.66,16182.48
2026-05-14,TXN100613,13248.54,captured,264.97,47.69,12935.88
2026-05-14,TXN100861,19584.28,captured,391.69,70.5,19122.09
2026-05-14,TXN101149,21063.78,captured,421.28,75.83,20566.67
2026-05-14,TXN101166,14534.09,captured,290.68,52.32,14191.09
2026-05-14,TXN101524,1005.71,captured,20.11,3.62,981.98
2026-05-14,TXN101807,2059.7,captured,41.19,7.41,2011.1
2026-05-14,TXN101823,7271.76,captured,145.44,26.18,7100.14
2026-05-14,TXN102003,19080.39,captured,381.61,68.69,18630.09
2026-05-14,TXN102311,12742.54,captured,254.85,45.87,12441.82
2026-05-14,TXN102688,8371.27,captured,167.43,30.14,8173.7
2026-05-14,TXN102720,21010.85,captured,420.22,75.64,20514.99
2026-05-14,TXN102900,23171.84,captured,463.44,83.42,22624.98
2026-05-14,TXN103187,23371.18,captured,467.42,84.14,22819.62
2026-05-14,TXN103820,22671.4,captured,453.43,81.62,22136.35
2026-05-14,TXN103994,9351.67,captured,187.03,33.67,9130.97
2026-05-14,TXN104214,21943.19,captured,438.86,78.99,21425.34
2026-05-14,TXN104796,19765.33,captured,395.31,71.16,19298.86
2026-05-14,TXN104823,19228.84,captured,384.58,69.22,18775.04
2026-05-15,TXN100260,11921.37,captured,238.43,42.92,11640.02
2026-05-15,TXN100365,3015.18,captured,60.3,10.85,2944.03
2026-05-15,TXN100852,14006.34,captured,280.13,50.42,13675.79
2026-05-15,TXN100991,1067.73,captured,21.35,3.84,1042.54
2026-05-15,TXN101022,4649.68,captured,92.99,16.74,4539.95
2026-05-15,TXN101038,17767.42,captured,355.35,63.96,17348.11
2026-05-15,TXN101204,21891.27,captured,437.83,78.81,21374.63
2026-05-15,TXN101440,16115.2,captured,322.3,58.01,15734.89
2026-05-15,TXN101480,11592.74,captured,231.85,41.73,11319.16
2026-05-15,TXN101630,12360.43,captured,247.21,44.5,12068.72
2026-05-15,TXN101852,12029.32,captured,240.59,43.31,11745.42
2026-05-15,TXN101884,22780.25,captured,455.61,82.01,22242.63
2026-05-15,TXN101976,15380.29,captured,307.61,55.37,15017.31
2026-05-15,TXN102282,17280.43,captured,345.61,62.21,16872.61
2026-05-15,TXN102702,10551.8,captured,211.04,37.99,10302.77
2026-05-15,TXN102740,670.37,captured,13.41,2.41,654.55
2026-05-15,TXN102770,14937.98,captured,298.76,53.78,14585.44
2026-05-15,TXN102783,6655.11,captured,133.1,23.96,6498.05
2026-05-15,TXN103267,10257.04,captured,205.14,36.93,10014.97
2026-05-15,TXN103414,6853.14,captured,137.06,24.67,6691.41
2026-05-15,TXN103501,8232.63,captured,164.65,29.64,8038.34
2026-05-15,TXN103826,15991.9,captured,319.84,57.57,15614.49
2026-05-15,TXN103872,7741.67,captured,154.83,27.87,7558.97
2026-05-15,TXN103915,2375.96,captured,47.52,8.55,2319.89
2026-05-15,TXN103975,11962.57,captured,239.25,43.06,11680.26
2026-05-15,TXN104344,16131.03,captured,322.62,58.07,15750.34
2026-05-16,TXN100117,22070.98,captured,441.42,79.46,21550.1
2026-05-16,TXN100646,23367.89,captured,467.36,84.12,22816.41
2026-05-16,TXN100749,2943.31,captured,58.87,10.6,2873.84
2026-05-16,TXN101320,19917.11,captured,398.34,71.7,19447.07
2026-05-16,TXN101593,21875.27,captured,437.51,78.75,21359.01
2026-05-16,TXN101811,17705.54,captured,354.11,63.74,17287.69
2026-05-16,TXN101922,11182.2,captured,223.64,40.26,10918.3
2026-05-16,TXN102178,9751.03,captured,195.02,35.1,9520.91
2026-05-16,TXN102187,14049.66,captured,280.99,50.58,13718.09
2026-05-16,TXN102366,19718.57,captured,394.37,70.99,19253.21
2026-05-16,TXN102546,21026.9,captured,420.54,75.7,20530.66
2026-05-16,TXN102622,21119.17,captured,422.38,76.03,20620.76
2026-05-16,TXN102721,7565.37,captured,151.31,27.24,7386.82
2026-05-16,TXN102724,5651.81,captured,113.04,20.35,5518.42
2026-05-16,TXN102885,21462.44,captured,429.25,77.27,20955.92
2026-05-16,TXN103084,4964.84,captured,99.3,17.87,4847.67
2026-05-16,TXN103216,2364.7,captured,47.29,8.51,2308.9
2026-05-16,TXN103243,11632.94,captured,232.66,41.88,11358.4
2026-05-16,TXN103291,16593.76,captured,331.88,59.74,16202.14
2026-05-16,TXN103587,11262.07,captured,225.24,40.54,10996.29
2026-05-16,TXN103779,6794.56,captured,135.89,24.46,6634.21
2026-05-16,TXN104319,12831.02,captured,256.62,46.19,12528.21
2026-05-16,TXN104490,24362.5,captured,487.25,87.7,23787.55
2026-05-16,TXN104697,19379.83,captured,387.6,69.77,18922.46
2026-05-16,TXN104816,7419.6,captured,148.39,26.71,7244.5
2026-05-17,TXN100179,1542.03,captured,30.84,5.55,1505.64
2026-05-17,TXN100261,24924.55,captured,498.49,89.73,24336.33
2026-05-17,TXN100309,4498.6,captured,89.97,16.19,4392.44
2026-05-17,TXN100512,20343.99,captured,406.88,73.24,19863.87
2026-05-17,TXN100525,13773.22,captured,275.46,49.58,13448.18
2026-05-17,TXN101150,7556.47,captured,151.13,27.2,7378.14
2026-05-17,TXN101152,23689.01,captured,473.78,85.28,23129.95
2026-05-17,TXN101163,19539.85,captured,390.8,70.34,19078.71
2026-05-17,TXN101342,16873.15,captured,337.46,60.74,16474.95
2026-05-17,TXN101400,15693.33,captured,313.87,56.5,15322.96
2026-05-17,TXN101820,17580.48,captured,351.61,63.29,17165.58
2026-05-17,TXN101977,18014.81,captured,360.3,64.85,17589.66
2026-05-17,TXN102284,10019.31,captured,200.39,36.07,9782.85
2026-05-17,TXN102921,21591.49,captured,431.83,77.73,21081.93
2026-05-17,TXN103083,11646.94,captured,232.94,41.93,11372.07
2026-05-17,TXN103085,16294.84,captured,325.9,58.66,15910.28
2026-05-17,TXN103284,2591.6,captured,51.83,9.33,2530.44
2026-05-17,TXN103489,14528.16,captured,290.56,52.3,14185.3
2026-05-17,TXN103548,7280.12,captured,145.6,26.21,7108.31
2026-05-17,TXN104025,17335.57,captured,346.71,62.41,16926.45
2026-05-17,TXN104046,12343.24,captured,246.86,44.43,12051.95
2026-05-17,TXN104165,653.75,captured,13.08,2.35,638.32
2026-05-17,TXN104299,1028.34,captured,20.57,3.7,1004.07
2026-05-17,TXN104446,11349.14,captured,226.98,40.86,11081.3
2026-05-17,TXN104698,5818.54,captured,116.37,20.95,5681.22
2026-05-18,TXN100084,1992.48,captured,39.85,7.17,1945.46
2026-05-18,TXN100230,24147.79,captured,482.96,86.93,23577.9
2026-05-18,TXN100737,22947.41,captured,458.95,82.61,22405.85
2026-05-18,TXN100834,16119.83,captured,322.4,58.03,15739.4
2026-05-18,TXN101004,7092.05,captured,141.84,25.53,6924.68
2026-05-18,TXN101484,13849.52,captured,276.99,49.86,13522.67
2026-05-18,TXN101486,12619.62,captured,252.39,45.43,12321.8
2026-05-18,TXN101915,22431.24,captured,448.62,80.75,21901.87
2026-05-18,TXN102098,20857.41,captured,417.15,75.09,20365.17
2026-05-18,TXN102143,16863.84,captured,337.28,60.71,16465.85
2026-05-18,TXN102223,14548.03,captured,290.96,52.37,14204.7
2026-05-18,TXN102370,5513.39,captured,110.27,19.85,5383.27
2026-05-18,TXN103277,6221.13,captured,124.42,22.4,6074.31
2026-05-18,TXN103388,12730.03,captured,254.6,45.83,12429.6
2026-05-18,TXN103857,18875.52,captured,377.51,67.95,18430.06
2026-05-18,TXN104158,18331.75,captured,366.63,65.99,17899.13
2026-05-18,TXN104306,6734.49,captured,134.69,24.24,6575.56
2026-05-18,TXN104493,21260.82,captured,425.22,76.54,20759.06
2026-05-18,TXN104517,5659.75,captured,113.2,20.38,5526.17
2026-05-18,TXN104711,16716.63,captured,334.33,60.18,16322.12
2026-05-18,TXN104822,6367.47,captured,127.35,22.92,6217.2
2026-05-19,TXN100212,2414.64,captured,48.29,8.69,2357.66
2026-05-19,TXN100281,23070.14,captured,461.4,83.05,22525.69
2026-05-19,TXN100289,24525.13,captured,490.5,88.29,23946.34
2026-05-19,TXN100715,1572.95,captured,31.46,5.66,1535.83
2026-05-19,TXN100717,20174.87,captured,403.5,72.63,19698.74
2026-05-19,TXN100921,18771.74,captured,375.43,67.58,18328.73
2026-05-19,TXN101064,10409.21,captured,208.18,37.47,10163.56
2026-05-19,TXN101142,4003.25,captured,80.06,14.41,3908.78
2026-05-19,TXN101147,8776.23,captured,175.52,31.59,8569.12
2026-05-19,TXN103022,24816.03,captured,496.32,89.34,24230.37
2026-05-19,TXN103234,10678.35,captured,213.57,38.44,10426.34
2026-05-19,TXN103511,20860.35,captured,417.21,75.1,20368.04
2026-05-19,TXN103801,9746.7,captured,194.93,35.09,9516.68
2026-05-19,TXN104168,15829.21,captured,316.58,56.98,15455.65
2026-05-19,TXN104315,16021.1,captured,320.42,57.68,15643.0
2026-05-19,TXN104342,23685.46,captured,473.71,85.27,23126.48
2026-05-19,TXN104363,20473.1,captured,409.46,73.7,19989.94
2026-05-19,TXN104551,23955.82,captured,479.12,86.24,23390.46
2026-05-19,TXN104614,24282.22,captured,485.64,87.42,23709.16
2026-05-19,TXN104631,6100.02,captured,122.0,21.96,5956.06
2026-05-19,TXN104720,16701.7,captured,334.03,60.13,16307.54
2026-05-20,TXN100220,8094.03,captured,161.88,29.14,7903.01
2026-05-20,TXN100221,5644.7,captured,112.89,20.32,5511.49
2026-05-20,TXN100624,23946.23,captured,478.92,86.21,23381.1
2026-05-20,TXN100653,20277.7,captured,405.55,73.0,19799.15
2026-05-20,TXN100656,4634.72,captured,92.69,16.68,4525.35
2026-05-20,TXN101117,21916.96,captured,438.34,78.9,21399.72
2026-05-20,TXN101288,7566.19,captured,151.32,27.24,7387.63
2026-05-20,TXN101311,8211.73,captured,164.23,29.56,8017.94
2026-05-20,TXN101349,8149.31,captured,162.99,29.34,7956.98
2026-05-20,TXN101577,827.41,captured,16.55,2.98,807.88
2026-05-20,TXN101762,339.05,captured,6.78,1.22,331.05
2026-05-20,TXN101980,3202.44,captured,64.05,11.53,3126.86
2026-05-20,TXN101984,3083.17,captured,61.66,11.1,3010.41
2026-05-20,TXN102149,24117.32,captured,482.35,86.82,23548.15
2026-05-20,TXN102548,11281.07,captured,225.62,40.61,11014.84
2026-05-20,TXN102550,2522.17,captured,50.44,9.08,2462.65
2026-05-20,TXN102594,22637.94,captured,452.76,81.5,22103.68
2026-05-20,TXN102617,15893.96,captured,317.88,57.22,15518.86
2026-05-20,TXN102733,17095.0,captured,341.9,61.54,16691.56
2026-05-20,TXN102820,6705.99,captured,134.12,24.14,6547.73
2026-05-20,TXN102848,17884.97,captured,357.7,64.39,17462.88
2026-05-20,TXN103159,6967.01,captured,139.34,25.08,6802.59
2026-05-20,TXN103304,6477.3,captured,129.55,23.32,6324.43
2026-05-20,TXN103506,2424.65,captured,48.49,8.73,2367.43
2026-05-20,TXN103774,7082.14,captured,141.64,25.5,6915.0
2026-05-20,TXN103803,438.68,captured,8.77,1.58,428.33
2026-05-20,TXN104050,19536.16,captured,390.72,70.33,19075.11
2026-05-20,TXN104054,19230.02,captured,384.6,69.23,18776.19
2026-05-20,TXN104544,19844.66,captured,396.89,71.44,19376.33
2026-05-20,TXN104553,13230.5,captured,264.61,47.63,12918.26
2026-05-20,TXN104913,19801.7,captured,396.03,71.29,19334.38
2026-05-21,TXN100149,3939.64,captured,78.79,14.18,3846.67
2026-05-21,TXN100248,10800.93,captured,216.02,38.88,10546.03
2026-05-21,TXN100966,18391.84,captured,367.84,66.21,17957.79
2026-05-21,TXN101346,18222.05,captured,364.44,65.6,17792.01
2026-05-21,TXN101502,14548.29,captured,290.97,52.37,14204.95
2026-05-21,TXN101560,11682.62,captured,233.65,42.06,11406.91
2026-05-21,TXN101992,18753.04,captured,375.06,67.51,18310.47
2026-05-21,TXN102138,2963.09,captured,59.26,10.67,2893.16
2026-05-21,TXN102446,22060.07,captured,441.2,79.42,21539.45
2026-05-21,TXN102619,7317.29,captured,146.35,26.34,7144.6
2026-05-21,TXN102995,2393.17,captured,47.86,8.61,2336.7
2026-05-21,TXN103003,3033.44,captured,60.67,10.92,2961.85
2026-05-21,TXN103222,8927.12,captured,178.54,32.14,8716.44
2026-05-21,TXN103538,13494.39,captured,269.89,48.58,13175.92
2026-05-21,TXN103633,22526.85,captured,450.54,81.1,21995.21
2026-05-21,TXN104035,2766.93,captured,55.34,9.96,2701.63
2026-05-21,TXN104118,5379.12,captured,107.58,19.36,5252.18
2026-05-21,TXN104154,3408.07,captured,68.16,12.27,3327.64
2026-05-21,TXN104337,7536.09,captured,150.72,27.13,7358.24
2026-05-21,TXN104486,17793.47,captured,355.87,64.06,17373.54
2026-05-21,TXN104593,8378.33,captured,167.57,30.16,8180.6
2026-05-21,TXN104695,12209.01,captured,244.18,43.95,11920.88
2026-05-21,TXN104818,15185.07,captured,303.7,54.67,14826.7
2026-05-22,TXN100330,3564.35,captured,71.29,12.83,3480.23
2026-05-22,TXN100479,20091.1,captured,401.82,72.33,19616.95
2026-05-22,TXN100514,22179.02,captured,443.58,79.84,21655.6
2026-05-22,TXN100550,19864.02,captured,397.28,71.51,19395.23
2026-05-22,TXN100674,14445.73,captured,288.91,52.0,14104.82
2026-05-22,TXN100896,24893.64,captured,497.87,89.62,24306.15
2026-05-22,TXN100982,3661.96,captured,73.24,13.18,3575.54
2026-05-22,TXN101404,13210.97,captured,264.22,47.56,12899.19
2026-05-22,TXN101441,21309.02,captured,426.18,76.71,20806.13
2026-05-22,TXN101470,20923.03,captured,418.46,75.32,20429.25
2026-05-22,TXN101789,22859.84,captured,457.2,82.3,22320.34
2026-05-22,TXN101923,15374.46,captured,307.49,55.35,15011.62
2026-05-22,TXN101995,9575.65,captured,191.51,34.47,9349.67
2026-05-22,TXN102211,12574.71,captured,251.49,45.27,12277.95
2026-05-22,TXN102220,10533.56,captured,210.67,37.92,10284.97
2026-05-22,TXN102227,9297.58,captured,185.95,33.47,9078.16
2026-05-22,TXN102387,7582.34,captured,151.65,27.3,7403.39
2026-05-22,TXN102605,16121.7,captured,322.43,58.04,15741.23
2026-05-22,TXN102694,12711.13,captured,254.22,45.76,12411.15
2026-05-22,TXN102695,483.85,captured,9.68,1.74,472.43
2026-05-22,TXN102730,23241.87,captured,464.84,83.67,22693.36
2026-05-22,TXN102775,7014.96,captured,140.3,25.25,6849.41
2026-05-22,TXN102819,1756.86,captured,35.14,6.33,1715.39
2026-05-22,TXN103310,14308.41,captured,286.17,51.51,13970.73
2026-05-22,TXN103503,5134.23,captured,102.68,18.48,5013.07
2026-05-22,TXN104372,23770.16,captured,475.4,85.57,23209.19
2026-05-22,TXN104382,22568.6,captured,451.37,81.25,22035.98
2026-05-22,TXN104592,18928.04,captured,378.56,68.14,18481.34
2026-05-22,TXN104598,19066.05,captured,381.32,68.64,18616.09
2026-05-22,TXN104944,18103.37,captured,362.07,65.17,17676.13
2026-05-23,TXN100713,8457.5,captured,169.15,30.45,8257.9
2026-05-23,TXN100728,9456.41,captured,189.13,34.04,9233.24
2026-05-23,TXN101238,16468.52,captured,329.37,59.29,16079.86
2026-05-23,TXN101425,10506.74,captured,210.13,37.82,10258.79
2026-05-23,TXN102422,22801.35,captured,456.03,82.09,22263.23
2026-05-23,TXN102444,22223.22,captured,444.46,80.0,21698.76
2026-05-23,TXN102686,6056.07,captured,121.12,21.8,5913.15
2026-05-23,TXN102691,3509.33,captured,70.19,12.63,3426.51
2026-05-23,TXN102771,6136.86,captured,122.74,22.09,5992.03
2026-05-23,TXN103386,8886.54,captured,177.73,31.99,8676.82
2026-05-23,TXN103603,8346.99,captured,166.94,30.05,8150.0
2026-05-23,TXN104108,7919.5,captured,158.39,28.51,7732.6
2026-05-23,TXN104351,12533.3,captured,250.67,45.12,12237.51
2026-05-23,TXN104353,22537.92,captured,450.76,81.14,22006.02
2026-05-23,TXN104360,23524.74,captured,470.49,84.69,22969.56
2026-05-23,TXN104596,4865.35,captured,97.31,17.52,4750.52
2026-05-23,TXN104618,3272.03,captured,65.44,11.78,3194.81
2026-05-23,TXN104650,20669.73,captured,413.39,74.41,20181.93
2026-05-23,TXN104848,11743.49,captured,234.87,42.28,11466.34
2026-05-24,TXN100101,18025.02,captured,360.5,64.89,17599.63
2026-05-24,TXN101314,16857.28,captured,337.15,60.69,16459.44
2026-05-24,TXN101338,18782.93,captured,375.66,67.62,18339.65
2026-05-24,TXN101389,14892.54,captured,297.85,53.61,14541.08
2026-05-24,TXN101661,18578.32,captured,371.57,66.88,18139.87
2026-05-24,TXN101742,1508.29,captured,30.17,5.43,1472.69
2026-05-24,TXN101800,8225.75,captured,164.52,29.61,8031.62
2026-05-24,TXN101987,11036.39,captured,220.73,39.73,10775.93
2026-05-24,TXN102135,3516.39,captured,70.33,12.66,3433.4
2026-05-24,TXN102625,7835.29,captured,156.71,28.21,7650.37
2026-05-24,TXN102811,23271.42,captured,465.43,83.78,22722.21
2026-05-24,TXN102883,21247.33,captured,424.95,76.49,20745.89
2026-05-24,TXN102896,5687.97,captured,113.76,20.48,5553.73
2026-05-24,TXN103068,13504.49,captured,270.09,48.62,13185.78
2026-05-24,TXN103288,17277.21,captured,345.54,62.2,16869.47
2026-05-24,TXN103362,20405.69,captured,408.11,73.46,19924.12
2026-05-24,TXN103686,17836.77,captured,356.74,64.21,17415.82
2026-05-24,TXN103783,4452.05,captured,89.04,16.03,4346.98
2026-05-24,TXN103844,24845.76,captured,496.92,89.45,24259.39
2026-05-24,TXN104121,3272.85,captured,65.46,11.78,3195.61
2026-05-24,TXN104379,18205.28,captured,364.11,65.54,17775.63
2026-05-24,TXN104533,23631.05,captured,472.62,85.07,23073.36
2026-05-24,TXN104577,11377.9,captured,227.56,40.96,11109.38
2026-05-24,TXN104667,4887.14,captured,97.74,17.59,4771.81
2026-05-24,TXN104873,314.0,captured,6.28,1.13,306.59
2026-05-24,TXN104932,22421.06,captured,448.42,80.72,21891.92
2026-05-25,TXN100053,23244.16,captured,464.88,83.68,22695.6
2026-05-25,TXN100074,21656.86,captured,433.14,77.97,21145.75
2026-05-25,TXN100180,11531.07,captured,230.62,41.51,11258.94
2026-05-25,TXN100241,6836.76,captured,136.74,24.61,6675.41
2026-05-25,TXN100415,19253.53,captured,385.07,69.31,18799.15
2026-05-25,TXN100465,8740.79,captured,174.82,31.47,8534.5
2026-05-25,TXN100889,12519.46,captured,250.39,45.07,12224.0
2026-05-25,TXN101127,21470.65,captured,429.41,77.29,20963.95
2026-05-25,TXN101617,9564.06,captured,191.28,34.43,9338.35
2026-05-25,TXN101622,21436.29,captured,428.73,77.17,20930.39
2026-05-25,TXN101766,579.04,captured,11.58,2.08,565.38
2026-05-25,TXN101964,19176.43,captured,383.53,69.04,18723.86
2026-05-25,TXN102303,17919.4,captured,358.39,64.51,17496.5
2026-05-25,TXN102467,11320.25,captured,226.41,40.75,11053.09
2026-05-25,TXN103154,10189.94,captured,203.8,36.68,9949.46
2026-05-25,TXN103211,8208.61,captured,164.17,29.55,8014.89
2026-05-25,TXN103214,1635.71,captured,32.71,5.89,1597.11
2026-05-25,TXN103252,5805.12,captured,116.1,20.9,5668.12
2026-05-25,TXN104007,14705.79,captured,294.12,52.94,14358.73
2026-05-25,TXN104084,4848.26,captured,96.97,17.45,4733.84
2026-05-25,TXN104433,7896.78,captured,157.94,28.43,7710.41
2026-05-25,TXN104721,2746.46,captured,54.93,9.89,2681.64
2026-05-26,TXN100914,2441.19,captured,48.82,8.79,2383.58
2026-05-26,TXN100988,20947.34,captured,418.95,75.41,20452.98
2026-05-26,TXN101497,20401.31,captured,408.03,73.45,19919.83
2026-05-26,TXN101566,24339.87,captured,486.8,87.62,23765.45
2026-05-26,TXN101629,18436.37,captured,368.73,66.37,18001.27
2026-05-26,TXN101837,20480.73,captured,409.61,73.73,19997.39
2026-05-26,TXN102008,14912.05,captured,298.24,53.68,14560.13
2026-05-26,TXN102018,3577.99,captured,71.56,12.88,3493.55
2026-05-26,TXN102250,3863.66,captured,77.27,13.91,3772.48
2026-05-26,TXN102296,24881.62,captured,497.63,89.57,24294.42
2026-05-26,TXN102708,22745.79,captured,454.92,81.89,22208.98
2026-05-26,TXN102881,12527.13,captured,250.54,45.1,12231.49
2026-05-26,TXN102934,23948.35,captured,478.97,86.21,23383.17
2026-05-26,TXN102935,14917.04,captured,298.34,53.7,14565.0
2026-05-26,TXN102988,23099.49,captured,461.99,83.16,22554.34
2026-05-26,TXN103298,1028.59,captured,20.57,3.7,1004.32
2026-05-26,TXN103716,13957.89,captured,279.16,50.25,13628.48
2026-05-26,TXN103784,2556.06,captured,51.12,9.2,2495.74
2026-05-26,TXN103833,16057.26,captured,321.15,57.81,15678.3
2026-05-26,TXN103849,11851.9,captured,237.04,42.67,11572.19
2026-05-26,TXN103957,10629.05,captured,212.58,38.26,10378.21
2026-05-26,TXN104114,19376.93,captured,387.54,69.76,18919.63
2026-05-26,TXN104685,15458.82,captured,309.18,55.65,15093.99
2026-05-27,TXN100215,10288.71,captured,205.77,37.04,10045.9
2026-05-27,TXN100371,23651.77,captured,473.04,85.15,23093.58
2026-05-27,TXN100485,20472.57,captured,409.45,73.7,19989.42
2026-05-27,TXN100995,3528.67,captured,70.57,12.7,3445.4
2026-05-27,TXN101028,792.22,captured,15.84,2.85,773.53
2026-05-27,TXN101353,17891.32,captured,357.83,64.41,17469.08
2026-05-27,TXN101642,10968.81,captured,219.38,39.49,10709.94
2026-05-27,TXN102011,22328.02,captured,446.56,80.38,21801.08
2026-05-27,TXN102080,19597.7,captured,391.95,70.55,19135.2
2026-05-27,TXN102125,20839.87,captured,416.8,75.02,20348.05
2026-05-27,TXN102873,2932.67,captured,58.65,10.56,2863.46
2026-05-27,TXN102951,9652.22,captured,193.04,34.75,9424.43
2026-05-27,TXN103079,8309.3,captured,166.19,29.91,8113.2
2026-05-27,TXN103130,17666.4,captured,353.33,63.6,17249.47
2026-05-27,TXN103554,11255.48,captured,225.11,40.52,10989.85
2026-05-27,TXN103884,22174.03,captured,443.48,79.83,21650.72
2026-05-27,TXN104184,19465.01,captured,389.3,70.07,19005.64
2026-05-27,TXN104350,17896.54,captured,357.93,64.43,17474.18
2026-05-27,TXN104776,15572.3,captured,311.45,56.06,15204.79
2026-05-27,TXN104869,1334.72,captured,26.69,4.8,1303.23
2026-05-27,TXN104962,23814.61,captured,476.29,85.73,23252.59
2026-05-28,TXN100002,3746.59,captured,74.93,13.49,3658.17
2026-05-28,TXN100466,24999.42,captured,499.99,90.0,24409.43
2026-05-28,TXN100689,20920.09,captured,418.4,75.31,20426.38
2026-05-28,TXN100754,7709.37,captured,154.19,27.75,7527.43
2026-05-28,TXN101131,6534.04,captured,130.68,23.52,6379.84
2026-05-28,TXN101172,17430.06,captured,348.6,62.75,17018.71
2026-05-28,TXN101230,13897.24,captured,277.94,50.03,13569.27
2026-05-28,TXN101240,21154.64,captured,423.09,76.16,20655.39
2026-05-28,TXN101381,13054.38,captured,261.09,47.0,12746.29
2026-05-28,TXN101683,4047.19,captured,80.94,14.57,3951.68
2026-05-28,TXN101703,1096.07,captured,21.92,3.95,1070.2
2026-05-28,TXN101862,4889.04,captured,97.78,17.6,4773.66
2026-05-28,TXN102036,8215.46,captured,164.31,29.58,8021.57
2026-05-28,TXN102160,13981.72,captured,279.63,50.33,13651.76
2026-05-28,TXN102293,17925.02,captured,358.5,64.53,17501.99
2026-05-28,TXN102884,17600.06,captured,352.0,63.36,17184.7
2026-05-28,TXN103202,9889.11,captured,197.78,35.6,9655.73
2026-05-28,TXN103383,22100.23,captured,442.0,79.56,21578.67
2026-05-28,TXN103535,16363.32,captured,327.27,58.91,15977.14
2026-05-28,TXN103773,8820.45,captured,176.41,31.75,8612.29
2026-05-28,TXN104015,7939.91,captured,158.8,28.58,7752.53
2026-05-28,TXN104104,8262.89,captured,165.26,29.75,8067.88
2026-05-28,TXN104105,14734.1,captured,294.68,53.04,14386.38
2026-05-28,TXN104265,11176.79,captured,223.54,40.24,10913.01
2026-05-28,TXN104659,16119.59,captured,322.39,58.03,15739.17
2026-05-28,TXN104727,20751.0,captured,415.02,74.7,20261.28
2026-05-28,TXN104731,18790.63,captured,375.81,67.65,18347.17
2026-05-28,TXN104889,21158.86,captured,423.18,76.17,20659.51
2026-05-28,TXN104919,17319.09,captured,346.38,62.35,16910.36
2026-05-29,TXN100025,20598.52,captured,411.97,74.15,20112.4
2026-05-29,TXN100059,1964.79,captured,39.3,7.07,1918.42
2026-05-29,TXN100123,5806.21,captured,116.12,20.9,5669.19
2026-05-29,TXN100257,24059.2,captured,481.18,86.61,23491.41
2026-05-29,TXN100303,18745.13,captured,374.9,67.48,18302.75
2026-05-29,TXN100732,9682.04,captured,193.64,34.86,9453.54
2026-05-29,TXN100761,5522.0,captured,110.44,19.88,5391.68
2026-05-29,TXN100907,9761.83,captured,195.24,35.14,9531.45
2026-05-29,TXN101522,6410.69,captured,128.21,23.08,6259.4
2026-05-29,TXN101636,18767.66,captured,375.35,67.56,18324.75
2026-05-29,TXN101993,19540.69,captured,390.81,70.35,19079.53
2026-05-29,TXN102656,2730.71,captured,54.61,9.83,2666.27
2026-05-29,TXN102968,7838.13,captured,156.76,28.22,7653.15
2026-05-29,TXN103128,9800.29,captured,196.01,35.28,9569.0
2026-05-29,TXN103537,829.65,captured,16.59,2.99,810.07
2026-05-29,TXN103594,15869.35,captured,317.39,57.13,15494.83
2026-05-29,TXN103598,1802.08,captured,36.04,6.49,1759.55
2026-05-29,TXN104026,17334.05,captured,346.68,62.4,16924.97
2026-05-29,TXN104247,8118.39,captured,162.37,29.23,7926.79
2026-05-29,TXN104356,9483.06,captured,189.66,34.14,9259.26
2026-05-29,TXN104375,1239.37,captured,24.79,4.46,1210.12
2026-05-29,TXN104538,17790.19,captured,355.8,64.04,17370.35
2026-05-29,TXN104813,10413.77,captured,208.28,37.49,10168.0
2026-05-29,TXN104846,22620.49,captured,452.41,81.43,22086.65
2026-05-29,TXN104996,20912.43,captured,418.25,75.28,20418.9
2026-05-30,TXN100341,11945.48,captured,238.91,43.0,11663.57
2026-05-30,TXN100362,8415.42,captured,168.31,30.3,8216.81
2026-05-30,TXN100697,13632.07,captured,272.64,49.08,13310.35
2026-05-30,TXN100833,20004.57,captured,400.09,72.02,19532.46
2026-05-30,TXN100974,22463.0,captured,449.26,80.87,21932.87
2026-05-30,TXN101017,24357.3,captured,487.15,87.69,23782.46
2026-05-30,TXN101373,1357.37,captured,27.15,4.89,1325.33
2026-05-30,TXN101656,5232.22,captured,104.64,18.84,5108.74
2026-05-30,TXN101672,24500.88,captured,490.02,88.2,23922.66
2026-05-30,TXN101698,15030.11,captured,300.6,54.11,14675.4
2026-05-30,TXN101818,23701.97,captured,474.04,85.33,23142.6
2026-05-30,TXN102052,20923.2,captured,418.46,75.32,20429.42
2026-05-30,TXN102491,22536.04,captured,450.72,81.13,22004.19
2026-05-30,TXN102518,22869.26,captured,457.39,82.33,22329.54
2026-05-30,TXN102739,5580.37,captured,111.61,20.09,5448.67
2026-05-30,TXN102753,12734.48,captured,254.69,45.84,12433.95
2026-05-30,TXN102754,823.97,captured,16.48,2.97,804.52
2026-05-30,TXN103028,5777.85,captured,115.56,20.8,5641.49
2026-05-30,TXN103321,14172.52,captured,283.45,51.02,13838.05
2026-05-30,TXN103517,1571.53,captured,31.43,5.66,1534.44
2026-05-30,TXN103651,7644.51,captured,152.89,27.52,7464.1
2026-05-30,TXN103738,11343.01,captured,226.86,40.83,11075.32
2026-05-30,TXN104292,14375.48,captured,287.51,51.75,14036.22
2026-05-31,TXN100073,4407.88,captured,88.16,15.87,4303.85
2026-05-31,TXN100148,16918.05,captured,338.36,60.9,16518.79
2026-05-31,TXN100367,14844.67,captured,296.89,53.44,14494.34
2026-05-31,TXN100473,24248.84,captured,484.98,87.3,23676.56
2026-05-31,TXN100869,5483.99,captured,109.68,19.74,5354.57
2026-05-31,TXN100979,7504.4,captured,150.09,27.02,7327.29
2026-05-31,TXN101066,2669.12,captured,53.38,9.61,2606.13
2026-05-31,TXN101105,1517.49,captured,30.35,5.46,1481.68
2026-05-31,TXN101231,2247.12,captured,44.94,8.09,2194.09
2026-05-31,TXN101786,9478.11,captured,189.56,34.12,9254.43
2026-05-31,TXN102244,3064.73,captured,61.29,11.03,2992.41
2026-05-31,TXN102247,15115.59,captured,302.31,54.42,14758.86
2026-05-31,TXN102266,7646.35,captured,152.93,27.53,7465.89
2026-05-31,TXN102299,15556.7,captured,311.13,56.0,15189.57
2026-05-31,TXN102409,5472.99,captured,109.46,19.7,5343.83
2026-05-31,TXN102603,12825.56,captured,256.51,46.17,12522.88
2026-05-31,TXN102933,1207.33,captured,24.15,4.35,1178.83
2026-05-31,TXN103466,21090.5,captured,421.81,75.93,20592.76
2026-05-31,TXN103529,12490.81,captured,249.82,44.97,12196.02
2026-05-31,TXN103580,3557.26,captured,71.15,12.81,3473.3
2026-05-31,TXN103601,8938.32,captured,178.77,32.18,8727.37
2026-05-31,TXN103873,21486.73,captured,429.73,77.35,20979.65
2026-05-31,TXN103885,9417.57,captured,188.35,33.9,9195.32
2026-05-31,TXN104166,4298.56,captured,85.97,15.47,4197.12
2026-05-31,TXN104273,8207.82,captured,164.16,29.55,8014.11
2026-05-31,TXN104399,17167.16,captured,343.34,61.8,16762.02
2026-05-31,TXN104572,2568.93,captured,51.38,9.25,2508.3
2026-05-31,TXN104621,11544.54,captured,230.89,41.56,11272.09
2026-05-31,TXN104778,4047.06,captured,80.94,14.57,3951.55
2026-05-31,TXN104901,7375.75,captured,147.52,26.55,7201.68
2026-05-31,TXN104923,19918.16,captured,398.36,71.7,19448.1
2026-05-31,TXN104969,23163.04,captured,463.26,83.39,22616.39
2026-06-01,TXN100242,4593.19,captured,91.86,16.53,4484.8
2026-06-01,TXN100275,17831.64,captured,356.63,64.19,17410.82
2026-06-01,TXN100694,5390.22,captured,107.8,19.4,5263.02
2026-06-01,TXN100709,21278.72,captured,425.57,76.6,20776.55
2026-06-01,TXN100723,13936.36,captured,278.73,50.17,13607.46
2026-06-01,TXN100923,12523.73,captured,250.47,45.08,12228.18
2026-06-01,TXN101304,22641.06,captured,452.82,81.51,22106.73
2026-06-01,TXN101469,21856.74,captured,437.13,78.68,21340.93
2026-06-01,TXN101587,8221.14,captured,164.42,29.6,8027.12
2026-06-01,TXN101946,12384.04,captured,247.68,44.58,12091.78
2026-06-01,TXN102017,2352.36,captured,47.05,8.47,2296.84
2026-06-01,TXN102233,3104.9,captured,62.1,11.18,3031.62
2026-06-01,TXN102731,5239.65,captured,104.79,18.86,5116.0
2026-06-01,TXN102833,23542.48,captured,470.85,84.75,22986.88
2026-06-01,TXN102971,23638.21,captured,472.76,85.1,23080.35
2026-06-01,TXN103382,1926.43,captured,38.53,6.94,1880.96
2026-06-01,TXN104217,21773.22,captured,435.46,78.38,21259.38
2026-06-01,TXN104230,9209.31,captured,184.19,33.15,8991.97
2026-06-01,TXN104377,11067.93,captured,221.36,39.84,10806.73
2026-06-01,TXN104459,17602.72,captured,352.05,63.37,17187.3
2026-06-01,TXN104734,15094.78,captured,301.9,54.34,14738.54
2026-06-02,TXN100280,11582.63,captured,231.65,41.7,11309.28
2026-06-02,TXN100308,13419.81,captured,268.4,48.31,13103.1
2026-06-02,TXN100696,18591.36,captured,371.83,66.93,18152.6
2026-06-02,TXN100788,14427.42,captured,288.55,51.94,14086.93
2026-06-02,TXN100831,13045.05,captured,260.9,46.96,12737.19
2026-06-02,TXN100967,4018.99,captured,80.38,14.47,3924.14
2026-06-02,TXN101006,16287.78,captured,325.76,58.64,15903.38
2026-06-02,TXN101569,520.57,captured,10.41,1.87,508.29
2026-06-02,TXN101714,13111.96,captured,262.24,47.2,12802.52
2026-06-02,TXN102200,6416.06,captured,128.32,23.1,6264.64
2026-06-02,TXN102234,19987.01,captured,399.74,71.95,19515.32
2026-06-02,TXN102524,13577.13,captured,271.54,48.88,13256.71
2026-06-02,TXN102718,17925.46,captured,358.51,64.53,17502.42
2026-06-02,TXN102756,15608.23,captured,312.16,56.19,15239.88
2026-06-02,TXN102854,5527.53,captured,110.55,19.9,5397.08
2026-06-02,TXN102979,24857.28,captured,497.15,89.49,24270.64
2026-06-02,TXN103136,5505.21,captured,110.1,19.82,5375.29
2026-06-02,TXN103199,17583.71,captured,351.67,63.3,17168.74
2026-06-02,TXN103317,2094.22,captured,41.88,7.54,2044.8
2026-06-02,TXN103358,16589.18,captured,331.78,59.72,16197.68
2026-06-02,TXN103447,14633.96,captured,292.68,52.68,14288.6
2026-06-02,TXN103860,6538.6,captured,130.77,23.54,6384.29
2026-06-02,TXN103874,4107.21,captured,82.14,14.79,4010.28
2026-06-02,TXN103978,17186.68,captured,343.73,61.87,16781.08
2026-06-02,TXN103995,19950.16,captured,399.0,71.82,19479.34
2026-06-02,TXN104681,18189.68,captured,363.79,65.48,17760.41
2026-06-02,TXN104709,22693.42,captured,453.87,81.7,22157.85
2026-06-02,TXN104719,21556.47,captured,431.13,77.6,21047.74
2026-06-02,TXN104972,23680.49,captured,473.61,85.25,23121.63
2026-06-03,TXN100030,18701.23,captured,374.02,67.32,18259.89
2026-06-03,TXN100056,5850.02,captured,117.0,21.06,5711.96
2026-06-03,TXN100113,16773.26,captured,335.47,60.38,16377.41
2026-06-03,TXN100156,22961.51,captured,459.23,82.66,22419.62
2026-06-03,TXN100186,5224.21,captured,104.48,18.81,5100.92
2026-06-03,TXN100670,17104.45,captured,342.09,61.58,16700.78
2026-06-03,TXN100777,17913.78,captured,358.28,64.49,17491.01
2026-06-03,TXN100814,16542.76,captured,330.86,59.55,16152.35
2026-06-03,TXN102010,6421.44,captured,128.43,23.12,6269.89
2026-06-03,TXN102573,5162.86,captured,103.26,18.59,5041.01
2026-06-03,TXN102577,2963.66,captured,59.27,10.67,2893.72
2026-06-03,TXN102634,1615.5,captured,32.31,5.82,1577.37
2026-06-03,TXN102697,13288.66,captured,265.77,47.84,12975.05
2026-06-03,TXN103019,16758.36,captured,335.17,60.33,16362.86
2026-06-03,TXN103380,23986.6,captured,479.73,86.35,23420.52
2026-06-03,TXN103582,19352.08,captured,387.04,69.67,18895.37
2026-06-03,TXN103695,16661.73,captured,333.23,59.98,16268.52
2026-06-03,TXN103721,1134.32,captured,22.69,4.08,1107.55
2026-06-03,TXN103834,7902.22,captured,158.04,28.45,7715.73
2026-06-03,TXN103971,4411.53,captured,88.23,15.88,4307.42
2026-06-03,TXN104044,8726.21,captured,174.52,31.41,8520.28
2026-06-03,TXN104132,4680.75,captured,93.61,16.85,4570.29
2026-06-03,TXN104240,7132.82,captured,142.66,25.68,6964.48
2026-06-03,TXN104539,12368.12,captured,247.36,44.52,12076.24
2026-06-03,TXN104554,19830.52,captured,396.61,71.39,19362.52
2026-06-03,TXN104890,11769.39,captured,235.39,42.37,11491.63
2026-06-04,TXN100103,22661.81,captured,453.24,81.58,22126.99
2026-06-04,TXN100316,11583.84,captured,231.68,41.7,11310.46
2026-06-04,TXN100325,17040.78,captured,340.82,61.35,16638.61
2026-06-04,TXN100457,18176.22,captured,363.52,65.43,17747.27
2026-06-04,TXN100480,1588.84,captured,31.78,5.72,1551.34
2026-06-04,TXN100751,20435.8,captured,408.72,73.57,19953.51
2026-06-04,TXN101557,20486.09,captured,409.72,73.75,20002.62
2026-06-04,TXN101564,12186.37,captured,243.73,43.87,11898.77
2026-06-04,TXN101736,601.53,captured,12.03,2.17,587.33
2026-06-04,TXN102140,1369.05,captured,27.38,4.93,1336.74
2026-06-04,TXN103519,9943.53,captured,198.87,35.8,9708.86
2026-06-04,TXN103552,23477.74,captured,469.55,84.52,22923.67
2026-06-04,TXN104221,24582.24,captured,491.64,88.5,24002.1
2026-06-04,TXN104239,9157.15,captured,183.14,32.97,8941.04
2026-06-04,TXN104381,23069.44,captured,461.39,83.05,22525.0
2026-06-04,TXN104456,5042.97,captured,100.86,18.15,4923.96
2026-06-04,TXN104602,5655.11,captured,113.1,20.36,5521.65
2026-06-04,TXN104746,15839.3,captured,316.79,57.02,15465.49
2026-06-04,TXN104810,2257.61,captured,45.15,8.13,2204.33
2026-06-04,TXN104935,9922.11,captured,198.44,35.72,9687.95
2026-06-04,TXN104986,18215.29,captured,364.31,65.58,17785.4
2026-06-05,TXN100132,1396.35,captured,27.93,5.03,1363.39
2026-06-05,TXN100312,11651.39,captured,233.03,41.95,11376.41
2026-06-05,TXN100385,9545.24,captured,190.9,34.36,9319.98
2026-06-05,TXN100633,18759.26,captured,375.19,67.53,18316.54
2026-06-05,TXN100681,20466.39,captured,409.33,73.68,19983.38
2026-06-05,TXN101416,12085.39,captured,241.71,43.51,11800.17
2026-06-05,TXN101500,8800.26,captured,176.01,31.68,8592.57
2026-06-05,TXN101618,9192.21,captured,183.84,33.09,8975.28
2026-06-05,TXN101666,4506.9,captured,90.14,16.23,4400.53
2026-06-05,TXN101681,22003.33,captured,440.07,79.21,21484.05
2026-06-05,TXN101883,650.81,captured,13.02,2.34,635.45
2026-06-05,TXN101903,16462.28,captured,329.25,59.27,16073.76
2026-06-05,TXN101919,4300.56,captured,86.01,15.48,4199.07
2026-06-05,TXN102232,17265.32,captured,345.31,62.16,16857.85
2026-06-05,TXN102508,19277.13,captured,385.54,69.4,18822.19
2026-06-05,TXN103295,23186.6,captured,463.73,83.47,22639.4
2026-06-05,TXN103402,16686.19,captured,333.72,60.07,16292.4
2026-06-05,TXN103599,698.12,captured,13.96,2.51,681.65
2026-06-05,TXN104151,3466.51,captured,69.33,12.48,3384.7
2026-06-05,TXN104309,803.9,captured,16.08,2.89,784.93
2026-06-05,TXN104369,23896.33,captured,477.93,86.03,23332.37
2026-06-05,TXN104761,15267.8,captured,305.36,54.96,14907.48
2026-06-05,TXN104764,23216.8,captured,464.34,83.58,22668.88
2026-06-05,TXN104804,8901.28,captured,178.03,32.05,8691.2
2026-06-05,TXN104888,2930.47,captured,58.61,10.55,2861.31
2026-06-06,TXN100088,5345.2,captured,106.9,19.24,5219.06
2026-06-06,TXN100730,13966.8,captured,279.34,50.28,13637.18
2026-06-06,TXN100944,4423.98,captured,88.48,15.93,4319.57
2026-06-06,TXN101145,22700.72,captured,454.01,81.72,22164.99
2026-06-06,TXN101151,18212.11,captured,364.24,65.56,17782.31
2026-06-06,TXN102111,4322.33,captured,86.45,15.56,4220.32
2026-06-06,TXN102452,6261.09,captured,125.22,22.54,6113.33
2026-06-06,TXN102559,23359.02,captured,467.18,84.09,22807.75
2026-06-06,TXN102937,9730.02,captured,194.6,35.03,9500.39
2026-06-06,TXN103271,20982.25,captured,419.64,75.54,20487.07
2026-06-06,TXN103347,22117.99,captured,442.36,79.62,21596.01
2026-06-06,TXN103660,24723.5,captured,494.47,89.0,24140.03
2026-06-06,TXN103702,16972.23,captured,339.44,61.1,16571.69
2026-06-06,TXN104578,5916.69,captured,118.33,21.3,5777.06
2026-06-06,TXN104805,12119.71,captured,242.39,43.63,11833.69
2026-06-07,TXN100041,24305.64,captured,486.11,87.5,23732.03
2026-06-07,TXN100076,23185.0,captured,463.7,83.47,22637.83
2026-06-07,TXN100089,10075.91,captured,201.52,36.27,9838.12
2026-06-07,TXN100093,3571.68,captured,71.43,12.86,3487.39
2026-06-07,TXN100099,3151.09,captured,63.02,11.34,3076.73
2026-06-07,TXN100298,8662.46,captured,173.25,31.18,8458.03
2026-06-07,TXN100368,1594.26,captured,31.89,5.74,1556.63
2026-06-07,TXN100542,19441.62,captured,388.83,69.99,18982.8
2026-06-07,TXN100841,16866.33,captured,337.33,60.72,16468.28
2026-06-07,TXN100929,5628.85,captured,112.58,20.26,5496.01
2026-06-07,TXN101076,11161.59,captured,223.23,40.18,10898.18
2026-06-07,TXN101541,2256.48,captured,45.13,8.12,2203.23
2026-06-07,TXN101584,13677.67,captured,273.55,49.24,13354.88
2026-06-07,TXN101645,2401.45,captured,48.03,8.65,2344.77
2026-06-07,TXN101896,3885.2,captured,77.7,13.99,3793.51
2026-06-07,TXN102317,13069.23,captured,261.38,47.05,12760.8
2026-06-07,TXN102620,18055.27,captured,361.11,65.0,17629.16
2026-06-07,TXN102653,16240.26,captured,324.81,58.47,15856.98
2026-06-07,TXN102987,5562.73,captured,111.25,20.02,5431.46
2026-06-07,TXN103525,16434.83,captured,328.7,59.17,16046.96
2026-06-07,TXN104141,15661.27,captured,313.23,56.38,15291.66
2026-06-07,TXN104242,19284.7,captured,385.69,69.42,18829.59
2026-06-07,TXN104250,21442.61,captured,428.85,77.19,20936.57
2026-06-07,TXN104272,10953.47,captured,219.07,39.43,10694.97
2026-06-07,TXN104617,11586.11,captured,231.72,41.71,11312.68
2026-06-07,TXN104751,15064.68,captured,301.29,54.23,14709.16
2026-06-07,TXN104961,405.84,captured,8.12,1.46,396.26
2026-06-08,TXN100039,19284.39,captured,385.69,69.42,18829.28
2026-06-08,TXN100120,4232.19,captured,84.64,15.24,4132.31
2026-06-08,TXN100284,20567.57,captured,411.35,74.04,20082.18
2026-06-08,TXN100661,23864.66,captured,477.29,85.91,23301.46
2026-06-08,TXN100790,12480.16,captured,249.6,44.93,12185.63
2026-06-08,TXN100945,18403.52,captured,368.07,66.25,17969.2
2026-06-08,TXN101077,14236.89,captured,284.74,51.25,13900.9
2026-06-08,TXN101106,22456.67,captured,449.13,80.84,21926.7
2026-06-08,TXN101275,18829.57,captured,376.59,67.79,18385.19
2026-06-08,TXN101467,4814.78,captured,96.3,17.33,4701.15
2026-06-08,TXN101511,15253.01,captured,305.06,54.91,14893.04
2026-06-08,TXN101550,3388.47,captured,67.77,12.2,3308.5
2026-06-08,TXN102231,20645.65,captured,412.91,74.32,20158.42
2026-06-08,TXN102294,7412.66,captured,148.25,26.68,7237.73
2026-06-08,TXN102830,23323.57,captured,466.47,83.96,22773.14
2026-06-08,TXN103000,2984.77,captured,59.7,10.75,2914.32
2026-06-08,TXN103063,13938.13,captured,278.76,50.18,13609.19
2026-06-08,TXN103258,22026.3,captured,440.53,79.3,21506.47
2026-06-08,TXN103300,7059.56,captured,141.19,25.41,6892.96
2026-06-08,TXN103824,2374.03,captured,47.48,8.55,2318.0
2026-06-08,TXN103864,23863.35,captured,477.27,85.91,23300.17
2026-06-08,TXN104057,5949.47,captured,118.99,21.42,5809.06
2026-06-08,TXN104281,14484.2,captured,289.68,52.14,14142.38
2026-06-08,TXN104543,1953.06,captured,39.06,7.03,1906.97
2026-06-08,TXN104630,903.0,captured,18.06,3.25,881.69
2026-06-08,TXN104777,23217.93,captured,464.36,83.58,22669.99
2026-06-09,TXN100163,8595.43,captured,171.91,30.94,8392.58
2026-06-09,TXN100410,5624.55,captured,112.49,20.25,5491.81
2026-06-09,TXN100635,3690.64,captured,73.81,13.29,3603.54
2026-06-09,TXN101490,20160.96,captured,403.22,72.58,19685.16
2026-06-09,TXN101526,13849.07,captured,276.98,49.86,13522.23
2026-06-09,TXN101704,23769.89,captured,475.4,85.57,23208.92
2026-06-09,TXN101975,13220.25,captured,264.41,47.59,12908.25
2026-06-09,TXN102000,5294.61,captured,105.89,19.06,5169.66
2026-06-09,TXN102026,17541.96,captured,350.84,63.15,17127.97
2026-06-09,TXN102096,10538.5,captured,210.77,37.94,10289.79
2026-06-09,TXN102237,3669.84,captured,73.4,13.21,3583.23
2026-06-09,TXN102949,3914.34,captured,78.29,14.09,3821.96
2026-06-09,TXN103059,5411.04,captured,108.22,19.48,5283.34
2026-06-09,TXN103375,9433.58,captured,188.67,33.96,9210.95
2026-06-09,TXN103430,3823.31,captured,76.47,13.76,3733.08
2026-06-09,TXN103565,7165.79,captured,143.32,25.8,6996.67
2026-06-09,TXN103723,21591.0,captured,431.82,77.73,21081.45
2026-06-09,TXN103760,13205.26,captured,264.11,47.54,12893.61
2026-06-09,TXN103838,22124.14,captured,442.48,79.65,21602.01
2026-06-09,TXN104041,12467.35,captured,249.35,44.88,12173.12
2026-06-09,TXN104791,5366.68,captured,107.33,19.32,5240.03
2026-06-09,TXN104980,24139.05,captured,482.78,86.9,23569.37
2026-06-10,TXN100211,14028.04,captured,280.56,50.5,13696.98
2026-06-10,TXN100440,14908.07,captured,298.16,53.67,14556.24
2026-06-10,TXN100628,7408.4,captured,148.17,26.67,7233.56
2026-06-10,TXN100898,2605.5,captured,52.11,9.38,2544.01
2026-06-10,TXN100917,16222.13,captured,324.44,58.4,15839.29
2026-06-10,TXN101141,6750.33,captured,135.01,24.3,6591.02
2026-06-10,TXN101354,21050.72,captured,421.01,75.78,20553.93
2026-06-10,TXN101377,20921.34,captured,418.43,75.32,20427.59
2026-06-10,TXN101424,24797.43,captured,495.95,89.27,24212.21
2026-06-10,TXN101446,19557.92,captured,391.16,70.41,19096.35
2026-06-10,TXN101568,14742.01,captured,294.84,53.07,14394.1
2026-06-10,TXN101801,13447.21,captured,268.94,48.41,13129.86
2026-06-10,TXN102251,11155.04,captured,223.1,40.16,10891.78
2026-06-10,TXN102950,543.62,captured,10.87,1.96,530.79
2026-06-10,TXN103053,17508.64,captured,350.17,63.03,17095.44
2026-06-10,TXN103378,13380.2,captured,267.6,48.17,13064.43
2026-06-10,TXN103416,7940.29,captured,158.81,28.59,7752.89
2026-06-10,TXN103591,22456.99,captured,449.14,80.85,21927.0
2026-06-10,TXN103593,6710.66,captured,134.21,24.16,6552.29
2026-06-10,TXN103674,11500.56,captured,230.01,41.4,11229.15
2026-06-10,TXN103730,11634.97,captured,232.7,41.89,11360.38
2026-06-10,TXN103782,24176.47,captured,483.53,87.04,23605.9
2026-06-10,TXN103825,15330.67,captured,306.61,55.19,14968.87
2026-06-10,TXN103917,8831.04,captured,176.62,31.79,8622.63
2026-06-10,TXN103930,18747.68,captured,374.95,67.49,18305.24
2026-06-10,TXN103931,12688.61,captured,253.77,45.68,12389.16
2026-06-10,TXN104098,11803.16,captured,236.06,42.49,11524.61
2026-06-10,TXN104203,3768.88,captured,75.38,13.57,3679.93
2026-06-10,TXN104263,951.07,captured,19.02,3.42,928.63
2026-06-10,TXN104560,11561.8,captured,231.24,41.62,11288.94
2026-06-10,TXN104611,23274.94,captured,465.5,83.79,22725.65
2026-06-10,TXN104775,7319.45,captured,146.39,26.35,7146.71
2026-06-11,TXN100125,8973.31,captured,179.47,32.3,8761.54
2026-06-11,TXN100802,20467.41,captured,409.35,73.68,19984.38
2026-06-11,TXN101291,14047.99,captured,280.96,50.57,13716.46
2026-06-11,TXN101358,21510.23,captured,430.2,77.44,21002.59
2026-06-11,TXN102009,658.25,captured,13.17,2.37,642.71
2026-06-11,TXN102238,16569.17,captured,331.38,59.65,16178.14
2026-06-11,TXN102255,22022.01,captured,440.44,79.28,21502.29
2026-06-11,TXN102315,18771.24,captured,375.42,67.58,18328.24
2026-06-11,TXN102442,22535.15,captured,450.7,81.13,22003.32
2026-06-11,TXN102493,16254.14,captured,325.08,58.51,15870.55
2026-06-11,TXN103121,3873.3,captured,77.47,13.94,3781.89
2026-06-11,TXN103188,14539.84,captured,290.8,52.34,14196.7
2026-06-11,TXN103305,24058.22,captured,481.16,86.61,23490.45
2026-06-11,TXN103486,19688.54,captured,393.77,70.88,19223.89
2026-06-11,TXN103794,17870.29,captured,357.41,64.33,17448.55
2026-06-11,TXN103817,24590.06,captured,491.8,88.52,24009.74
2026-06-11,TXN104016,15333.44,captured,306.67,55.2,14971.57
2026-06-11,TXN104028,2556.57,captured,51.13,9.2,2496.24
2026-06-11,TXN104219,21105.43,captured,422.11,75.98,20607.34
2026-06-11,TXN104535,14008.39,captured,280.17,50.43,13677.79
2026-06-11,TXN104706,11076.39,captured,221.53,39.88,10814.98
2026-06-11,TXN104738,11773.33,captured,235.47,42.38,11495.48
2026-06-11,TXN104785,2952.46,captured,59.05,10.63,2882.78
2026-06-11,TXN104828,11721.41,captured,234.43,42.2,11444.78
2026-06-12,TXN100223,24518.61,captured,490.37,88.27,23939.97
2026-06-12,TXN100229,11894.1,captured,237.88,42.82,11613.4
2026-06-12,TXN100245,17663.79,captured,353.28,63.59,17246.92
2026-06-12,TXN100564,21194.56,captured,423.89,76.3,20694.37
2026-06-12,TXN100890,8642.55,captured,172.85,31.11,8438.59
2026-06-12,TXN101308,910.23,captured,18.2,3.28,888.75
2026-06-12,TXN101620,15015.34,captured,300.31,54.06,14660.97
2026-06-12,TXN101767,6584.11,captured,131.68,23.7,6428.73
2026-06-12,TXN101909,6521.83,captured,130.44,23.48,6367.91
2026-06-12,TXN102087,8819.53,captured,176.39,31.75,8611.39
2026-06-12,TXN102159,11586.56,captured,231.73,41.71,11313.12
2026-06-12,TXN102195,8215.92,captured,164.32,29.58,8022.02
2026-06-12,TXN102283,5206.99,captured,104.14,18.75,5084.1
2026-06-12,TXN102316,22598.98,captured,451.98,81.36,22065.64
2026-06-12,TXN102327,4762.18,captured,95.24,17.14,4649.8
2026-06-12,TXN102482,5624.86,captured,112.5,20.25,5492.11
2026-06-12,TXN102531,1423.47,captured,28.47,5.12,1389.88
2026-06-12,TXN102890,7274.39,captured,145.49,26.19,7102.71
2026-06-12,TXN102955,13923.09,captured,278.46,50.12,13594.51
2026-06-12,TXN103168,23980.85,captured,479.62,86.33,23414.9
2026-06-12,TXN103428,19696.0,captured,393.92,70.91,19231.17
2026-06-12,TXN103476,11589.93,captured,231.8,41.72,11316.41
2026-06-12,TXN103605,3834.06,captured,76.68,13.8,3743.58
2026-06-12,TXN104336,8211.82,captured,164.24,29.56,8018.02
2026-06-12,TXN104370,13545.62,captured,270.91,48.76,13225.95
2026-06-12,TXN104568,8303.15,captured,166.06,29.89,8107.2
2026-06-12,TXN104629,18056.11,captured,361.12,65.0,17629.99
2026-06-12,TXN104954,8515.35,captured,170.31,30.66,8314.38
2026-06-13,TXN100252,11147.09,captured,222.94,40.13,10884.02
2026-06-13,TXN100273,11121.47,captured,222.43,40.04,10859.0
2026-06-13,TXN100313,17036.99,captured,340.74,61.33,16634.92
2026-06-13,TXN100323,19460.8,captured,389.22,70.06,19001.52
2026-06-13,TXN100684,10399.01,captured,207.98,37.44,10153.59
2026-06-13,TXN100747,723.42,captured,14.47,2.6,706.35
2026-06-13,TXN101100,21726.64,captured,434.53,78.22,21213.89
2026-06-13,TXN101272,21973.69,captured,439.47,79.1,21455.12
2026-06-13,TXN101276,17179.74,captured,343.59,61.85,16774.3
2026-06-13,TXN101464,2597.33,captured,51.95,9.35,2536.03
2026-06-13,TXN101659,639.21,captured,12.78,2.3,624.13
2026-06-13,TXN101718,11695.27,captured,233.91,42.1,11419.26
2026-06-13,TXN101880,12273.58,captured,245.47,44.18,11983.93
2026-06-13,TXN102045,23968.94,captured,479.38,86.29,23403.27
2026-06-13,TXN102213,6849.33,captured,136.99,24.66,6687.68
2026-06-13,TXN102815,18406.14,captured,368.12,66.26,17971.76
2026-06-13,TXN103630,8736.82,captured,174.74,31.45,8530.63
2026-06-13,TXN103694,10663.97,captured,213.28,38.39,10412.3
2026-06-13,TXN103836,4696.7,captured,93.93,16.91,4585.86
2026-06-13,TXN103964,382.43,captured,7.65,1.38,373.4
2026-06-13,TXN104341,19339.82,captured,386.8,69.62,18883.4
2026-06-13,TXN104403,16036.2,captured,320.72,57.73,15657.75
2026-06-13,TXN104496,5690.98,captured,113.82,20.49,5556.67
2026-06-13,TXN104747,14982.52,captured,299.65,53.94,14628.93
2026-06-14,TXN100244,1106.2,captured,22.12,3.98,1080.1
2026-06-14,TXN100423,3144.78,captured,62.9,11.32,3070.56
2026-06-14,TXN100648,21955.56,captured,439.11,79.04,21437.41
2026-06-14,TXN100806,20832.66,captured,416.65,75.0,20341.01
2026-06-14,TXN101071,24433.33,captured,488.67,87.96,23856.7
2026-06-14,TXN101244,13827.96,captured,276.56,49.78,13501.62
2026-06-14,TXN101345,16890.63,captured,337.81,60.81,16492.01
2026-06-14,TXN101671,21725.04,captured,434.5,78.21,21212.33
2026-06-14,TXN101876,4437.45,captured,88.75,15.97,4332.73
2026-06-14,TXN101879,20279.73,captured,405.59,73.01,19801.13
2026-06-14,TXN102041,11463.87,captured,229.28,41.27,11193.32
2026-06-14,TXN102051,4969.8,captured,99.4,17.89,4852.51
2026-06-14,TXN102073,24249.26,captured,484.99,87.3,23676.97
2026-06-14,TXN102115,7504.1,captured,150.08,27.01,7327.01
2026-06-14,TXN102423,17791.64,captured,355.83,64.05,17371.76
2026-06-14,TXN102707,16766.43,captured,335.33,60.36,16370.74
2026-06-14,TXN103015,7270.92,captured,145.42,26.18,7099.32
2026-06-14,TXN103174,4282.21,captured,85.64,15.42,4181.15
2026-06-14,TXN103454,14266.45,captured,285.33,51.36,13929.76
2026-06-14,TXN103472,7449.39,captured,148.99,26.82,7273.58
2026-06-14,TXN103550,3503.99,captured,70.08,12.61,3421.3
2026-06-14,TXN103700,6917.72,captured,138.35,24.9,6754.47
2026-06-14,TXN103762,13224.31,captured,264.49,47.61,12912.21
2026-06-14,TXN104215,5848.45,captured,116.97,21.05,5710.43
2026-06-14,TXN104323,2962.04,captured,59.24,10.66,2892.14
2026-06-14,TXN104354,417.05,captured,8.34,1.5,407.21
2026-06-14,TXN104584,12458.01,captured,249.16,44.85,12164.0
2026-06-14,TXN104641,3946.54,captured,78.93,14.21,3853.4
2026-06-14,TXN104693,15147.67,captured,302.95,54.53,14790.19
2026-06-14,TXN104756,16073.31,captured,321.47,57.86,15693.98
2026-06-14,TXN104798,22491.78,captured,449.84,80.97,21960.97
2026-06-14,TXN104908,24597.42,captured,491.95,88.55,24016.92
2026-06-14,TXN104953,13608.17,captured,272.16,48.99,13287.02
2026-06-15,TXN100040,11038.7,captured,220.77,39.74,10778.19
2026-06-15,TXN100224,5918.83,captured,118.38,21.31,5779.14
2026-06-15,TXN100307,9154.04,captured,183.08,32.95,8938.01
2026-06-15,TXN100329,8369.96,captured,167.4,30.13,8172.43
2026-06-15,TXN100379,11506.77,captured,230.14,41.43,11235.2
2026-06-15,TXN100467,21157.38,captured,423.15,76.17,20658.06
2026-06-15,TXN101057,795.93,captured,15.92,2.87,777.14
2026-06-15,TXN101203,6823.89,captured,136.48,24.57,6662.84
2026-06-15,TXN101846,1841.54,captured,36.83,6.63,1798.08
2026-06-15,TXN101916,11833.8,captured,236.68,42.6,11554.52
2026-06-15,TXN102004,15209.81,captured,304.2,54.76,14850.85
2026-06-15,TXN102361,14342.83,captured,286.86,51.63,14004.34
2026-06-15,TXN102586,21293.25,captured,425.87,76.66,20790.72
2026-06-15,TXN102823,2416.96,captured,48.34,8.7,2359.92
2026-06-15,TXN102875,20979.25,captured,419.59,75.53,20484.13
2026-06-15,TXN102929,16581.19,captured,331.62,59.69,16189.88
2026-06-15,TXN103102,2833.38,captured,56.67,10.2,2766.51
2026-06-15,TXN103302,11835.98,captured,236.72,42.61,11556.65
2026-06-15,TXN103357,17871.12,captured,357.42,64.34,17449.36
2026-06-15,TXN103377,4979.41,captured,99.59,17.93,4861.89
2026-06-15,TXN103449,1622.34,captured,32.45,5.84,1584.05
2026-06-15,TXN103608,15661.33,captured,313.23,56.38,15291.72
2026-06-15,TXN103621,22803.42,captured,456.07,82.09,22265.26
2026-06-15,TXN103641,3240.03,captured,64.8,11.66,3163.57
2026-06-15,TXN103693,2684.37,captured,53.69,9.66,2621.02
2026-06-15,TXN103759,18082.59,captured,361.65,65.1,17655.84
2026-06-15,TXN103839,6706.05,captured,134.12,24.14,6547.79
2026-06-15,TXN103998,17323.09,captured,346.46,62.36,16914.27
2026-06-15,TXN104065,20864.03,captured,417.28,75.11,20371.64
2026-06-15,TXN104179,3419.59,captured,68.39,12.31,3338.89
2026-06-15,TXN104495,15158.38,captured,303.17,54.57,14800.64
2026-06-15,TXN104556,924.51,captured,18.49,3.33,902.69
2026-06-15,TXN104853,9062.93,captured,181.26,32.63,8849.04
2026-06-16,TXN100285,20985.66,captured,419.71,75.55,20490.4
2026-06-16,TXN100315,16081.79,captured,321.64,57.9,15702.25
2026-06-16,TXN100548,21328.64,captured,426.57,76.78,20825.29
2026-06-16,TXN100626,19348.0,captured,386.96,69.65,18891.39
2026-06-16,TXN101139,17205.0,captured,344.1,61.94,16798.96
2026-06-16,TXN101175,23727.05,captured,474.54,85.42,23167.09
2026-06-16,TXN101333,17029.04,captured,340.58,61.3,16627.16
2026-06-16,TXN101495,6499.06,captured,129.98,23.4,6345.68
2026-06-16,TXN101628,2570.06,captured,51.4,9.25,2509.41
2026-06-16,TXN101745,8478.44,captured,169.57,30.52,8278.35
2026-06-16,TXN101768,12815.23,captured,256.3,46.13,12512.8
2026-06-16,TXN102219,10992.89,captured,219.86,39.57,10733.46
2026-06-16,TXN102347,12423.87,captured,248.48,44.73,12130.66
2026-06-16,TXN102359,3970.58,captured,79.41,14.29,3876.88
2026-06-16,TXN102360,21085.99,captured,421.72,75.91,20588.36
2026-06-16,TXN102368,8054.47,captured,161.09,29.0,7864.38
2026-06-16,TXN102532,2515.96,captured,50.32,9.06,2456.58
2026-06-16,TXN102662,7261.58,captured,145.23,26.14,7090.21
2026-06-16,TXN102701,9959.93,captured,199.2,35.86,9724.87
2026-06-16,TXN102926,9279.92,captured,185.6,33.41,9060.91
2026-06-16,TXN103278,5087.57,captured,101.75,18.31,4967.51
2026-06-16,TXN103690,21065.09,captured,421.3,75.83,20567.96
2026-06-16,TXN104129,5965.16,captured,119.3,21.47,5824.39
2026-06-16,TXN104406,3856.4,captured,77.13,13.88,3765.39
2026-06-17,TXN100234,2403.97,captured,48.08,8.65,2347.24
2026-06-17,TXN100562,4367.03,captured,87.34,15.72,4263.97
2026-06-17,TXN100808,6277.92,captured,125.56,22.6,6129.76
2026-06-17,TXN100920,5374.51,captured,107.49,19.35,5247.67
2026-06-17,TXN100964,18567.53,captured,371.35,66.84,18129.34
2026-06-17,TXN101107,7980.45,captured,159.61,28.73,7792.11
2026-06-17,TXN101189,10695.52,captured,213.91,38.5,10443.11
2026-06-17,TXN101328,15282.18,captured,305.64,55.02,14921.52
2026-06-17,TXN101533,560.73,captured,11.21,2.02,547.5
2026-06-17,TXN101787,5638.66,captured,112.77,20.3,5505.59
2026-06-17,TXN101826,13458.82,captured,269.18,48.45,13141.19
2026-06-17,TXN102093,12022.94,captured,240.46,43.28,11739.2
2026-06-17,TXN102179,15662.58,captured,313.25,56.38,15292.95
2026-06-17,TXN102188,22152.1,captured,443.04,79.75,21629.31
2026-06-17,TXN102265,2529.18,captured,50.58,9.1,2469.5
2026-06-17,TXN102309,24444.84,captured,488.9,88.0,23867.94
2026-06-17,TXN102551,20267.84,captured,405.36,72.96,19789.52
2026-06-17,TXN102682,2603.07,captured,52.06,9.37,2541.64
2026-06-17,TXN102807,12665.98,captured,253.32,45.6,12367.06
2026-06-17,TXN103030,3018.36,captured,60.37,10.87,2947.12
2026-06-17,TXN103062,21356.13,captured,427.12,76.88,20852.13
2026-06-17,TXN103336,7084.44,captured,141.69,25.5,6917.25
2026-06-17,TXN103536,19604.08,captured,392.08,70.57,19141.43
2026-06-17,TXN103947,7508.03,captured,150.16,27.03,7330.84
2026-06-17,TXN104030,1803.37,captured,36.07,6.49,1760.81
2026-06-17,TXN104058,9458.54,captured,189.17,34.05,9235.32
2026-06-17,TXN104436,2807.04,captured,56.14,10.11,2740.79
2026-06-17,TXN104464,9702.58,captured,194.05,34.93,9473.6
2026-06-17,TXN104600,9215.18,captured,184.3,33.17,8997.71
2026-06-17,TXN104718,22045.5,captured,440.91,79.36,21525.23
2026-06-18,TXN100047,6214.47,captured,124.29,22.37,6067.81
2026-06-18,TXN100219,6509.67,captured,130.19,23.43,6356.05
2026-06-18,TXN100251,14997.59,captured,299.95,53.99,14643.65
2026-06-18,TXN100413,1421.81,captured,28.44,5.12,1388.25
2026-06-18,TXN100610,19979.84,captured,399.6,71.93,19508.31
2026-06-18,TXN100725,6760.57,captured,135.21,24.34,6601.02
2026-06-18,TXN100971,2867.54,captured,57.35,10.32,2799.87
2026-06-18,TXN100986,11744.66,captured,234.89,42.28,11467.49
2026-06-18,TXN101132,17904.69,captured,358.09,64.46,17482.14
2026-06-18,TXN101154,10685.67,captured,213.71,38.47,10433.49
2026-06-18,TXN101174,4425.4,captured,88.51,15.93,4320.96
2026-06-18,TXN101532,9334.85,captured,186.7,33.61,9114.54
2026-06-18,TXN101660,11416.52,captured,228.33,41.1,11147.09
2026-06-18,TXN101677,8539.17,captured,170.78,30.74,8337.65
2026-06-18,TXN101784,17720.07,captured,354.4,63.79,17301.88
2026-06-18,TXN101957,20572.26,captured,411.45,74.06,20086.75
2026-06-18,TXN102057,4541.91,captured,90.84,16.35,4434.72
2026-06-18,TXN102645,10798.06,captured,215.96,38.87,10543.23
2026-06-18,TXN102812,458.58,captured,9.17,1.65,447.76
2026-06-18,TXN102969,10340.92,captured,206.82,37.23,10096.87
2026-06-18,TXN103389,21358.33,captured,427.17,76.89,20854.27
2026-06-18,TXN103439,2414.27,captured,48.29,8.69,2357.29
2026-06-18,TXN103561,18625.14,captured,372.5,67.05,18185.59
2026-06-18,TXN104051,12693.96,captured,253.88,45.7,12394.38
2026-06-18,TXN104060,10804.86,captured,216.1,38.9,10549.86
2026-06-18,TXN104786,11049.27,captured,220.99,39.78,10788.5
2026-06-19,TXN100054,10155.11,captured,203.1,36.56,9915.45
2026-06-19,TXN100405,18123.42,captured,362.47,65.24,17695.71
2026-06-19,TXN100459,24202.1,captured,484.04,87.13,23630.93
2026-06-19,TXN100461,14105.38,captured,282.11,50.78,13772.49
2026-06-19,TXN100554,10134.55,captured,202.69,36.48,9895.38
2026-06-19,TXN100825,8773.75,captured,175.47,31.58,8566.7
2026-06-19,TXN100940,16752.17,captured,335.04,60.31,16356.82
2026-06-19,TXN100962,8384.33,captured,167.69,30.18,8186.46
2026-06-19,TXN101115,17826.36,captured,356.53,64.18,17405.65
2026-06-19,TXN101686,22770.46,captured,455.41,81.97,22233.08
2026-06-19,TXN101813,8508.6,captured,170.17,30.63,8307.8
2026-06-19,TXN102130,17368.95,captured,347.38,62.53,16959.04
2026-06-19,TXN102348,22622.24,captured,452.44,81.44,22088.36
2026-06-19,TXN102495,14157.8,captured,283.16,50.97,13823.67
2026-06-19,TXN102599,14716.55,captured,294.33,52.98,14369.24
2026-06-19,TXN102755,6138.99,captured,122.78,22.1,5994.11
2026-06-19,TXN103163,4937.27,captured,98.75,17.77,4820.75
2026-06-19,TXN103167,509.42,captured,10.19,1.83,497.4
2026-06-19,TXN103363,17800.26,captured,356.01,64.08,17380.17
2026-06-19,TXN103459,18062.81,captured,361.26,65.03,17636.52
2026-06-19,TXN103769,17626.18,captured,352.52,63.45,17210.21
2026-06-19,TXN104197,5456.24,captured,109.12,19.64,5327.48
2026-06-19,TXN104207,13248.75,captured,264.98,47.7,12936.07
2026-06-19,TXN104684,13949.86,captured,279.0,50.22,13620.64
2026-06-19,TXN104856,23073.04,captured,461.46,83.06,22528.52
2026-06-19,TXN104977,24947.76,captured,498.96,89.81,24358.99
2026-06-20,TXN100081,1711.98,captured,34.24,6.16,1671.58
2026-06-20,TXN100585,4988.9,captured,99.78,17.96,4871.16
2026-06-20,TXN100621,23930.13,captured,478.6,86.15,23365.38
2026-06-20,TXN100765,686.75,captured,13.73,2.47,670.55
2026-06-20,TXN100799,4687.64,captured,93.75,16.88,4577.01
2026-06-20,TXN101421,10398.47,captured,207.97,37.43,10153.07
2026-06-20,TXN101466,9032.39,captured,180.65,32.52,8819.22
2026-06-20,TXN101510,8126.89,captured,162.54,29.26,7935.09
2026-06-20,TXN101710,10035.52,captured,200.71,36.13,9798.68
2026-06-20,TXN101906,13826.03,captured,276.52,49.77,13499.74
2026-06-20,TXN102241,15159.51,captured,303.19,54.57,14801.75
2026-06-20,TXN102248,8433.36,captured,168.67,30.36,8234.33
2026-06-20,TXN102277,14522.49,captured,290.45,52.28,14179.76
2026-06-20,TXN102314,1390.81,captured,27.82,5.01,1357.98
2026-06-20,TXN102441,22758.0,captured,455.16,81.93,22220.91
2026-06-20,TXN102868,23865.49,captured,477.31,85.92,23302.26
2026-06-20,TXN103169,18870.5,captured,377.41,67.93,18425.16
2026-06-20,TXN103196,9529.97,captured,190.6,34.31,9305.06
2026-06-20,TXN103289,15948.73,captured,318.97,57.41,15572.35
2026-06-20,TXN103390,17131.63,captured,342.63,61.67,16727.33
2026-06-20,TXN103611,12916.66,captured,258.33,46.5,12611.83
2026-06-20,TXN103750,23999.04,captured,479.98,86.4,23432.66
2026-06-20,TXN103837,10525.37,captured,210.51,37.89,10276.97
2026-06-20,TXN104797,9025.66,captured,180.51,32.49,8812.66
2026-06-21,TXN100547,16795.64,captured,335.91,60.46,16399.27
2026-06-21,TXN100627,12151.14,captured,243.02,43.74,11864.38
2026-06-21,TXN100800,7498.77,captured,149.98,27.0,7321.79
2026-06-21,TXN101092,22796.87,captured,455.94,82.07,22258.86
2026-06-21,TXN101841,7703.46,captured,154.07,27.73,7521.66
2026-06-21,TXN102064,14490.77,captured,289.82,52.17,14148.78
2026-06-21,TXN102112,11687.79,captured,233.76,42.08,11411.95
2026-06-21,TXN102206,9630.12,captured,192.6,34.67,9402.85
2026-06-21,TXN102871,19350.64,captured,387.01,69.66,18893.97
2026-06-21,TXN103123,12506.9,captured,250.14,45.03,12211.73
2026-06-21,TXN103228,650.41,captured,13.01,2.34,635.06
2026-06-21,TXN103319,17300.82,captured,346.02,62.28,16892.52
2026-06-21,TXN103326,5194.32,captured,103.89,18.7,5071.73
2026-06-21,TXN103352,21588.8,captured,431.78,77.72,21079.3
2026-06-21,TXN103557,17534.96,captured,350.7,63.13,17121.13
2026-06-21,TXN103620,6948.81,captured,138.98,25.02,6784.81
2026-06-21,TXN103792,13407.93,captured,268.16,48.27,13091.5
2026-06-21,TXN103936,2699.55,captured,53.99,9.72,2635.84
2026-06-21,TXN103958,19331.34,captured,386.63,69.59,18875.12
2026-06-21,TXN104033,19813.4,captured,396.27,71.33,19345.8
2026-06-21,TXN104458,22673.67,captured,453.47,81.62,22138.58
2026-06-21,TXN104514,9722.0,captured,194.44,35.0,9492.56
2026-06-21,TXN104549,12272.03,captured,245.44,44.18,11982.41
2026-06-21,TXN104779,19130.08,captured,382.6,68.87,18678.61
2026-06-21,TXN104929,14607.98,captured,292.16,52.59,14263.23
2026-06-22,TXN100256,15211.73,captured,304.23,54.76,14852.74
2026-06-22,TXN100643,7349.76,captured,147.0,26.46,7176.3
2026-06-22,TXN100798,15199.32,captured,303.99,54.72,14840.61
2026-06-22,TXN101031,1771.03,captured,35.42,6.38,1729.23
2026-06-22,TXN101259,12751.52,captured,255.03,45.91,12450.58
2026-06-22,TXN101306,9719.9,captured,194.4,34.99,9490.51
2026-06-22,TXN101563,4217.7,captured,84.35,15.18,4118.17
2026-06-22,TXN101591,3028.46,captured,60.57,10.9,2956.99
2026-06-22,TXN101616,15327.81,captured,306.56,55.18,14966.07
2026-06-22,TXN101723,11436.88,captured,228.74,41.17,11166.97
2026-06-22,TXN102118,21849.35,captured,436.99,78.66,21333.7
2026-06-22,TXN102302,24367.66,captured,487.35,87.72,23792.59
2026-06-22,TXN103227,16702.35,captured,334.05,60.13,16308.17
2026-06-22,TXN103272,5332.94,captured,106.66,19.2,5207.08
2026-06-22,TXN103316,10905.85,captured,218.12,39.26,10648.47
2026-06-22,TXN103491,14844.65,captured,296.89,53.44,14494.32
2026-06-22,TXN103649,11133.1,captured,222.66,40.08,10870.36
2026-06-22,TXN103654,9786.47,captured,195.73,35.23,9555.51
2026-06-22,TXN103853,17621.82,captured,352.44,63.44,17205.94
2026-06-22,TXN103976,3576.46,captured,71.53,12.88,3492.05
2026-06-22,TXN104244,18595.41,captured,371.91,66.94,18156.56
2026-06-22,TXN104261,24986.14,captured,499.72,89.95,24396.47
2026-06-22,TXN104391,9448.19,captured,188.96,34.01,9225.22
2026-06-22,TXN104537,19605.4,captured,392.11,70.58,19142.71
2026-06-22,TXN104748,22708.28,captured,454.17,81.75,22172.36
2026-06-22,TXN104937,11405.42,captured,228.11,41.06,11136.25
2026-06-22,TXN104998,16170.43,captured,323.41,58.21,15788.81
2026-06-23,TXN100378,9708.34,captured,194.17,34.95,9479.22
2026-06-23,TXN100416,3263.61,captured,65.27,11.75,3186.59
2026-06-23,TXN100604,23304.81,captured,466.1,83.9,22754.81
2026-06-23,TXN100675,21405.8,captured,428.12,77.06,20900.62
2026-06-23,TXN100773,1031.75,captured,20.64,3.72,1007.39
2026-06-23,TXN101483,9231.58,captured,184.63,33.23,9013.72
2026-06-23,TXN101836,12509.09,captured,250.18,45.03,12213.88
2026-06-23,TXN102203,1223.23,captured,24.46,4.4,1194.37
2026-06-23,TXN102463,13056.36,captured,261.13,47.0,12748.23
2026-06-23,TXN102510,4782.01,captured,95.64,17.22,4669.15
2026-06-23,TXN102675,14797.79,captured,295.96,53.27,14448.56
2026-06-23,TXN102843,17044.86,captured,340.9,61.36,16642.6
2026-06-23,TXN102856,22595.42,captured,451.91,81.34,22062.17
2026-06-23,TXN103070,2356.18,captured,47.12,8.48,2300.58
2026-06-23,TXN103072,24635.95,captured,492.72,88.69,24054.54
2026-06-23,TXN103920,9508.04,captured,190.16,34.23,9283.65
2026-06-23,TXN103937,5760.13,captured,115.2,20.74,5624.19
2026-06-23,TXN104092,19816.4,captured,396.33,71.34,19348.73
2026-06-23,TXN104111,21802.73,captured,436.05,78.49,21288.19
2026-06-23,TXN104206,566.0,captured,11.32,2.04,552.64
2026-06-23,TXN104547,9097.37,captured,181.95,32.75,8882.67
2026-06-23,TXN104740,23007.37,captured,460.15,82.83,22464.39
2026-06-24,TXN100060,2050.18,captured,41.0,7.38,2001.8
2026-06-24,TXN100124,7181.5,captured,143.63,25.85,7012.02
2026-06-24,TXN100264,10467.63,captured,209.35,37.68,10220.6
2026-06-24,TXN100299,21352.83,captured,427.06,76.87,20848.9
2026-06-24,TXN100462,20385.66,captured,407.71,73.39,19904.56
2026-06-24,TXN100796,11173.51,captured,223.47,40.22,10909.82
2026-06-24,TXN100817,24153.2,captured,483.06,86.95,23583.19
2026-06-24,TXN101029,22972.04,captured,459.44,82.7,22429.9
2026-06-24,TXN101198,6092.28,captured,121.85,21.93,5948.5
2026-06-24,TXN101208,9130.93,captured,182.62,32.87,8915.44
2026-06-24,TXN101229,24262.58,captured,485.25,87.34,23689.99
2026-06-24,TXN101301,8477.34,captured,169.55,30.52,8277.27
2026-06-24,TXN101319,1235.79,captured,24.72,4.45,1206.62
2026-06-24,TXN101347,9121.32,captured,182.43,32.84,8906.05
2026-06-24,TXN101355,21983.78,captured,439.68,79.14,21464.96
2026-06-24,TXN101753,13318.2,captured,266.36,47.94,13003.9
2026-06-24,TXN102539,692.1,captured,13.84,2.49,675.77
2026-06-24,TXN102592,14818.99,captured,296.38,53.35,14469.26
2026-06-24,TXN102613,20239.6,captured,404.79,72.86,19761.95
2026-06-24,TXN102677,14334.31,captured,286.69,51.6,13996.02
2026-06-24,TXN102681,14367.02,captured,287.34,51.72,14027.96
2026-06-24,TXN102760,3616.4,captured,72.33,13.02,3531.05
2026-06-24,TXN102763,8765.39,captured,175.31,31.56,8558.52
2026-06-24,TXN102835,20214.87,captured,404.3,72.77,19737.8
2026-06-24,TXN102992,7669.26,captured,153.39,27.61,7488.26
2026-06-24,TXN103207,1892.45,captured,37.85,6.81,1847.79
2026-06-24,TXN103349,17291.66,captured,345.83,62.25,16883.58
2026-06-24,TXN103528,23127.1,captured,462.54,83.26,22581.3
2026-06-24,TXN103765,23198.87,captured,463.98,83.52,22651.37
2026-06-24,TXN103981,21840.51,captured,436.81,78.63,21325.07
2026-06-24,TXN104021,12833.19,captured,256.66,46.2,12530.33
2026-06-24,TXN104237,2740.46,captured,54.81,9.87,2675.78
2026-06-24,TXN104536,17548.74,captured,350.97,63.17,17134.6
2026-06-24,TXN104881,15898.66,captured,317.97,57.23,15523.46
2026-06-24,TXN104893,7687.39,captured,153.75,27.68,7505.96
2026-06-24,TXN104970,4677.75,captured,93.56,16.84,4567.35
2026-06-25,TXN100118,19624.95,captured,392.5,70.65,19161.8
2026-06-25,TXN100359,6316.15,captured,126.32,22.74,6167.09
2026-06-25,TXN100429,19544.21,captured,390.88,70.36,19082.97
2026-06-25,TXN100458,2313.1,captured,46.26,8.33,2258.51
2026-06-25,TXN100602,20157.96,captured,403.16,72.57,19682.23
2026-06-25,TXN100719,7788.74,captured,155.77,28.04,7604.93
2026-06-25,TXN101634,8893.88,captured,177.88,32.02,8683.98
2026-06-25,TXN101765,8936.36,captured,178.73,32.17,8725.46
2026-06-25,TXN101902,6977.06,captured,139.54,25.12,6812.4
2026-06-25,TXN101936,17141.34,captured,342.83,61.71,16736.8
2026-06-25,TXN101965,1861.58,captured,37.23,6.7,1817.65
2026-06-25,TXN102025,13413.73,captured,268.27,48.29,13097.17
2026-06-25,TXN102053,10468.79,captured,209.38,37.69,10221.72
2026-06-25,TXN102271,18019.43,captured,360.39,64.87,17594.17
2026-06-25,TXN102305,23297.3,captured,465.95,83.87,22747.48
2026-06-25,TXN102570,2320.68,captured,46.41,8.35,2265.92
2026-06-25,TXN103391,22526.77,captured,450.54,81.1,21995.13
2026-06-25,TXN103404,22316.9,captured,446.34,80.34,21790.22
2026-06-25,TXN104385,16552.9,captured,331.06,59.59,16162.25
2026-06-25,TXN104750,13086.49,captured,261.73,47.11,12777.65
2026-06-25,TXN104860,20023.23,captured,400.46,72.08,19550.69
2026-06-25,TXN104898,23458.57,captured,469.17,84.45,22904.95
2026-06-26,TXN100010,2824.59,captured,56.49,10.17,2757.93
2026-06-26,TXN100334,20164.54,captured,403.29,72.59,19688.66
2026-06-26,TXN100383,20737.25,captured,414.75,74.66,20247.84
2026-06-26,TXN100400,8970.28,captured,179.41,32.29,8758.58
2026-06-26,TXN100454,17068.77,captured,341.38,61.45,16665.94
2026-06-26,TXN100599,14078.45,captured,281.57,50.68,13746.2
2026-06-26,TXN100655,19831.96,captured,396.64,71.4,19363.92
2026-06-26,TXN100734,6655.97,captured,133.12,23.96,6498.89
2026-06-26,TXN101035,7753.6,captured,155.07,27.91,7570.62
2026-06-26,TXN101140,24712.52,captured,494.25,88.97,24129.3
2026-06-26,TXN101250,2961.81,captured,59.24,10.66,2891.91
2026-06-26,TXN101432,20081.09,captured,401.62,72.29,19607.18
2026-06-26,TXN101772,23080.31,captured,461.61,83.09,22535.61
2026-06-26,TXN101808,13652.25,captured,273.05,49.15,13330.05
2026-06-26,TXN101949,1684.54,captured,33.69,6.06,1644.79
2026-06-26,TXN102075,17321.93,captured,346.44,62.36,16913.13
2026-06-26,TXN102168,5246.51,captured,104.93,18.89,5122.69
2026-06-26,TXN102486,19599.33,captured,391.99,70.56,19136.78
2026-06-26,TXN102831,15227.98,captured,304.56,54.82,14868.6
2026-06-26,TXN103096,21362.19,captured,427.24,76.9,20858.05
2026-06-26,TXN103572,23090.66,captured,461.81,83.13,22545.72
2026-06-26,TXN103642,14909.51,captured,298.19,53.67,14557.65
2026-06-26,TXN103746,20907.79,captured,418.16,75.27,20414.36
2026-06-26,TXN103855,16302.67,captured,326.05,58.69,15917.93
2026-06-26,TXN103861,12219.17,captured,244.38,43.99,11930.8
2026-06-26,TXN103889,9786.44,captured,195.73,35.23,9555.48
2026-06-26,TXN103910,16972.41,captured,339.45,61.1,16571.86
2026-06-26,TXN104172,24918.14,captured,498.36,89.7,24330.08
2026-06-26,TXN104251,20205.67,captured,404.11,72.74,19728.82
2026-06-26,TXN104308,11457.67,captured,229.15,41.25,11187.27
2026-06-26,TXN104328,6381.69,captured,127.63,22.97,6231.09
2026-06-26,TXN104420,13926.82,captured,278.54,50.14,13598.14
2026-06-26,TXN104448,24699.04,captured,493.98,88.92,24116.14
2026-06-26,TXN104920,16725.71,captured,334.51,60.21,16330.99
2026-06-26,TXN104946,367.61,captured,7.35,1.32,358.94
2026-06-27,TXN100210,7207.56,captured,144.15,25.95,7037.46
2026-06-27,TXN101210,4816.87,captured,96.34,17.34,4703.19
2026-06-27,TXN101239,9274.56,captured,185.49,33.39,9055.68
2026-06-27,TXN101829,5443.48,captured,108.87,19.6,5315.01
2026-06-27,TXN102132,4553.52,captured,91.07,16.39,4446.06
2026-06-27,TXN102198,9700.16,captured,194.0,34.92,9471.24
2026-06-27,TXN102415,19686.68,captured,393.73,70.87,19222.08
2026-06-27,TXN102450,18999.04,captured,379.98,68.4,18550.66
2026-06-27,TXN102578,20863.18,captured,417.26,75.11,20370.81
2026-06-27,TXN102668,19860.3,captured,397.21,71.5,19391.59
2026-06-27,TXN102714,18725.15,captured,374.5,67.41,18283.24
2026-06-27,TXN102866,18592.36,captured,371.85,66.93,18153.58
2026-06-27,TXN103221,24095.13,captured,481.9,86.74,23526.49
2026-06-27,TXN103510,4877.02,captured,97.54,17.56,4761.92
2026-06-27,TXN103941,8195.18,captured,163.9,29.5,8001.78
2026-06-27,TXN104173,20232.62,captured,404.65,72.84,19755.13
2026-06-27,TXN104175,19152.75,captured,383.06,68.95,18700.74
2026-06-27,TXN104671,9877.36,captured,197.55,35.56,9644.25
2026-06-27,TXN104739,7796.37,captured,155.93,28.07,7612.37
2026-06-27,TXN104989,4260.39,captured,85.21,15.34,4159.84
2026-06-28,TXN100411,10918.87,captured,218.38,39.31,10661.18
2026-06-28,TXN100630,23878.84,captured,477.58,85.96,23315.3
2026-06-28,TXN100771,1626.3,captured,32.53,5.86,1587.91
2026-06-28,TXN100822,24943.26,captured,498.87,89.8,24354.59
2026-06-28,TXN101012,22843.12,captured,456.86,82.23,22304.03
2026-06-28,TXN101047,24564.78,captured,491.3,88.43,23985.05
2026-06-28,TXN101079,20262.05,captured,405.24,72.94,19783.87
2026-06-28,TXN101339,5529.9,captured,110.6,19.91,5399.39
2026-06-28,TXN101382,12325.48,captured,246.51,44.37,12034.6
2026-06-28,TXN101428,19422.6,captured,388.45,69.92,18964.23
2026-06-28,TXN101450,24093.21,captured,481.86,86.73,23524.62
2026-06-28,TXN101892,1641.85,captured,32.84,5.91,1603.1
2026-06-28,TXN102050,10677.21,captured,213.54,38.44,10425.23
2026-06-28,TXN102399,11121.33,captured,222.43,40.04,10858.86
2026-06-28,TXN102810,20411.43,captured,408.23,73.48,19929.72
2026-06-28,TXN103293,12252.6,captured,245.05,44.11,11963.44
2026-06-28,TXN103799,18293.74,captured,365.87,65.86,17862.01
2026-06-28,TXN103946,2352.37,captured,47.05,8.47,2296.85
2026-06-28,TXN104010,16203.13,captured,324.06,58.33,15820.74
2026-06-28,TXN104400,24509.24,captured,490.18,88.23,23930.83
2026-06-28,TXN104469,18062.19,captured,361.24,65.02,17635.93
2026-06-28,TXN104497,18465.45,captured,369.31,66.48,18029.66
2026-06-28,TXN104500,22596.53,captured,451.93,81.35,22063.25
2026-06-29,TXN100184,5838.29,captured,116.77,21.02,5700.5
2026-06-29,TXN101300,5763.59,captured,115.27,20.75,5627.57
2026-06-29,TXN101805,13869.33,captured,277.39,49.93,13542.01
2026-06-29,TXN101979,10644.01,captured,212.88,38.32,10392.81
2026-06-29,TXN102461,7690.28,captured,153.81,27.69,7508.78
2026-06-29,TXN102794,12887.33,captured,257.75,46.39,12583.19
2026-06-29,TXN102993,22287.85,captured,445.76,80.24,21761.85
2026-06-29,TXN103031,17876.16,captured,357.52,64.35,17454.29
2026-06-29,TXN103571,23449.43,captured,468.99,84.42,22896.02
2026-06-29,TXN103841,19377.55,captured,387.55,69.76,18920.24
2026-06-29,TXN104279,18023.84,captured,360.48,64.89,17598.47
2026-06-29,TXN104307,24645.21,captured,492.9,88.72,24063.59
2026-06-29,TXN104675,1066.7,captured,21.33,3.84,1041.53
2026-06-29,TXN104749,24316.81,captured,486.34,87.54,23742.93
2026-06-30,TXN100171,7675.73,captured,153.51,27.63,7494.59
2026-06-30,TXN100324,5709.41,captured,114.19,20.55,5574.67
2026-06-30,TXN100529,15486.83,captured,309.74,55.75,15121.34
2026-06-30,TXN100736,4480.86,captured,89.62,16.13,4375.11
2026-06-30,TXN101504,8329.73,captured,166.59,29.99,8133.15
2026-06-30,TXN101780,1935.46,captured,38.71,6.97,1889.78
2026-06-30,TXN101875,24026.36,captured,480.53,86.5,23459.33
2026-06-30,TXN102273,10695.5,captured,213.91,38.5,10443.09
2026-06-30,TXN102306,24919.46,captured,498.39,89.71,24331.36
2026-06-30,TXN102364,6595.05,captured,131.9,23.74,6439.41
2026-06-30,TXN102931,15272.45,captured,305.45,54.98,14912.02
2026-06-30,TXN102994,518.93,captured,10.38,1.87,506.68
2026-06-30,TXN103105,16487.51,captured,329.75,59.35,16098.41
2026-06-30,TXN103600,13648.9,captured,272.98,49.14,13326.78
2026-06-30,TXN103672,20149.93,captured,403.0,72.54,19674.39
2026-06-30,TXN103711,19241.0,captured,384.82,69.27,18786.91
2026-06-30,TXN104059,20782.01,captured,415.64,74.82,20291.55
2026-06-30,TXN104185,13281.69,captured,265.63,47.81,12968.25
2026-06-30,TXN104346,24115.42,captured,482.31,86.82,23546.29
2026-07-01,TXN100011,21233.11,captured,424.66,76.44,20732.01
2026-07-01,TXN100985,24126.48,captured,482.53,86.86,23557.09
2026-07-01,TXN101011,12148.21,captured,242.96,43.73,11861.52
2026-07-01,TXN101356,19436.74,captured,388.73,69.97,18978.04
2026-07-01,TXN101471,4153.09,captured,83.06,14.95,4055.08
2026-07-01,TXN101848,3009.55,captured,60.19,10.83,2938.53
2026-07-01,TXN101943,12316.64,captured,246.33,44.34,12025.97
2026-07-01,TXN102199,10474.66,captured,209.49,37.71,10227.46
2026-07-01,TXN102349,16738.35,captured,334.77,60.26,16343.32
2026-07-01,TXN103109,2184.36,captured,43.69,7.86,2132.81
2026-07-01,TXN103408,12596.46,captured,251.93,45.35,12299.18
2026-07-01,TXN103443,11868.96,captured,237.38,42.73,11588.85
2026-07-01,TXN103856,7865.01,captured,157.3,28.31,7679.4
2026-07-01,TXN104432,5314.27,captured,106.29,19.13,5188.85
2026-07-01,TXN104573,8652.5,captured,173.05,31.15,8448.3
2026-07-01,TXN104921,23807.1,captured,476.14,85.71,23245.25
2026-07-01,TXN104984,19788.3,captured,395.77,71.24,19321.29
2026-07-02,TXN100549,12866.27,captured,257.33,46.32,12562.62
2026-07-02,TXN100595,13964.61,captured,279.29,50.27,13635.05
2026-07-02,TXN100672,2229.14,captured,44.58,8.02,2176.54
2026-07-02,TXN100812,17630.37,captured,352.61,63.47,17214.29
2026-07-02,TXN101068,394.24,captured,7.88,1.42,384.94
2026-07-02,TXN101119,17704.46,captured,354.09,63.74,17286.63
2026-07-02,TXN101205,20099.42,captured,401.99,72.36,19625.07
2026-07-02,TXN101374,9885.9,captured,197.72,35.59,9652.59
2026-07-02,TXN101499,9199.57,captured,183.99,33.12,8982.46
2026-07-02,TXN101565,22221.73,captured,444.43,80.0,21697.3
2026-07-02,TXN101600,14083.09,captured,281.66,50.7,13750.73
2026-07-02,TXN102256,12037.98,captured,240.76,43.34,11753.88
2026-07-02,TXN102429,15847.18,captured,316.94,57.05,15473.19
2026-07-02,TXN102464,11521.45,captured,230.43,41.48,11249.54
2026-07-02,TXN102615,544.33,captured,10.89,1.96,531.48
2026-07-02,TXN102618,1384.45,captured,27.69,4.98,1351.78
2026-07-02,TXN102897,18231.15,captured,364.62,65.63,17800.9
2026-07-02,TXN103110,23105.99,captured,462.12,83.18,22560.69
2026-07-02,TXN103160,15198.8,captured,303.98,54.72,14840.1
2026-07-02,TXN103285,22844.16,captured,456.88,82.24,22305.04
2026-07-02,TXN103584,6938.06,captured,138.76,24.98,6774.32
2026-07-02,TXN103606,8574.15,captured,171.48,30.87,8371.8
2026-07-02,TXN103622,6003.0,captured,120.06,21.61,5861.33
2026-07-02,TXN104083,22656.06,captured,453.12,81.56,22121.38
2026-07-02,TXN104445,23294.27,captured,465.89,83.86,22744.52
2026-07-03,TXN100019,4317.56,captured,86.35,15.54,4215.67
2026-07-03,TXN100331,13412.05,captured,268.24,48.28,13095.53
2026-07-03,TXN100593,19167.26,captured,383.35,69.0,18714.91
2026-07-03,TXN100840,8351.83,captured,167.04,30.07,8154.72
2026-07-03,TXN100864,13688.47,captured,273.77,49.28,13365.42
2026-07-03,TXN101365,9994.71,captured,199.89,35.98,9758.84
2026-07-03,TXN101368,12703.53,captured,254.07,45.73,12403.73
2026-07-03,TXN101652,8903.2,captured,178.06,32.05,8693.09
2026-07-03,TXN102030,22233.05,captured,444.66,80.04,21708.35
2026-07-03,TXN102031,11794.22,captured,235.88,42.46,11515.88
2026-07-03,TXN102032,4629.1,captured,92.58,16.66,4519.86
2026-07-03,TXN102982,21033.4,captured,420.67,75.72,20537.01
2026-07-03,TXN103036,8556.77,captured,171.14,30.81,8354.82
2026-07-03,TXN103193,21517.38,captured,430.35,77.46,21009.57
2026-07-03,TXN103195,12958.24,captured,259.16,46.65,12652.43
2026-07-03,TXN103238,699.92,captured,14.0,2.52,683.4
2026-07-03,TXN103555,19571.15,captured,391.42,70.46,19109.27
2026-07-03,TXN103798,21427.7,captured,428.55,77.14,20922.01
2026-07-03,TXN103990,10165.91,captured,203.32,36.6,9925.99
2026-07-03,TXN104138,22013.21,captured,440.26,79.25,21493.7
2026-07-03,TXN104176,10834.91,captured,216.7,39.01,10579.2
2026-07-03,TXN104411,8643.69,captured,172.87,31.12,8439.7
2026-07-03,TXN104703,19920.13,captured,398.4,71.71,19450.02
2026-07-03,TXN104808,1485.07,captured,29.7,5.35,1450.02
2026-07-04,TXN100110,14687.99,captured,293.76,52.88,14341.35
2026-07-04,TXN100339,16918.86,captured,338.38,60.91,16519.57
2026-07-04,TXN100666,15481.25,captured,309.62,55.73,15115.9
2026-07-04,TXN100965,14914.77,captured,298.3,53.69,14562.78
2026-07-04,TXN101750,22468.99,captured,449.38,80.89,21938.72
2026-07-04,TXN101885,20253.67,captured,405.07,72.91,19775.69
2026-07-04,TXN102023,15782.23,captured,315.64,56.82,15409.77
2026-07-04,TXN102065,4857.07,captured,97.14,17.49,4742.44
2026-07-04,TXN102300,14697.71,captured,293.95,52.91,14350.85
2026-07-04,TXN102353,15462.53,captured,309.25,55.66,15097.62
2026-07-04,TXN102651,20171.26,captured,403.43,72.62,19695.21
2026-07-04,TXN102743,1385.29,captured,27.71,4.99,1352.59
2026-07-04,TXN102839,11462.38,captured,229.25,41.27,11191.86
2026-07-04,TXN103116,23342.18,captured,466.84,84.03,22791.31
2026-07-04,TXN103345,20458.85,captured,409.18,73.65,19976.02
2026-07-04,TXN103543,8989.19,captured,179.78,32.36,8777.05
2026-07-04,TXN103648,16945.51,captured,338.91,61.0,16545.6
2026-07-04,TXN104002,14219.42,captured,284.39,51.19,13883.84
2026-07-04,TXN104075,11121.67,captured,222.43,40.04,10859.2
2026-07-04,TXN104405,18578.14,captured,371.56,66.88,18139.7
2026-07-04,TXN104507,12642.46,captured,252.85,45.51,12344.1
2026-07-04,TXN104531,14263.59,captured,285.27,51.35,13926.97
2026-07-04,TXN104564,3801.3,captured,76.03,13.69,3711.58
2026-07-04,TXN104588,12875.97,captured,257.52,46.35,12572.1
2026-07-04,TXN104636,11569.56,captured,231.39,41.65,11296.52
2026-07-04,TXN104821,18163.25,captured,363.26,65.39,17734.6
2026-07-05,TXN100453,22973.04,captured,459.46,82.7,22430.88
2026-07-05,TXN100481,13997.16,captured,279.94,50.39,13666.83
2026-07-05,TXN100488,5846.11,captured,116.92,21.05,5708.14
2026-07-05,TXN100506,6565.16,captured,131.3,23.63,6410.23
2026-07-05,TXN100685,24823.56,captured,496.47,89.36,24237.73
2026-07-05,TXN100848,17427.88,captured,348.56,62.74,17016.58
2026-07-05,TXN100996,17251.25,captured,345.03,62.11,16844.11
2026-07-05,TXN101034,17702.09,captured,354.04,63.73,17284.32
2026-07-05,TXN101155,6735.81,captured,134.72,24.25,6576.84
2026-07-05,TXN101170,23766.69,captured,475.33,85.56,23205.8
2026-07-05,TXN101309,13003.43,captured,260.07,46.81,12696.55
2026-07-05,TXN101474,15630.49,captured,312.61,56.27,15261.61
2026-07-05,TXN101538,4957.7,captured,99.15,17.85,4840.7
2026-07-05,TXN101571,19338.69,captured,386.77,69.62,18882.3
2026-07-05,TXN101615,10484.88,captured,209.7,37.75,10237.43
2026-07-05,TXN102110,12959.39,captured,259.19,46.65,12653.55
2026-07-05,TXN102479,7790.52,captured,155.81,28.05,7606.66
2026-07-05,TXN102640,13279.25,captured,265.58,47.8,12965.87
2026-07-05,TXN102757,12618.54,captured,252.37,45.43,12320.74
2026-07-05,TXN102788,12438.91,captured,248.78,44.78,12145.35
2026-07-05,TXN102816,4904.08,captured,98.08,17.65,4788.35
2026-07-05,TXN102942,14221.96,captured,284.44,51.2,13886.32
2026-07-05,TXN102984,24252.29,captured,485.05,87.31,23679.93
2026-07-05,TXN103139,1635.86,captured,32.72,5.89,1597.25
2026-07-05,TXN103257,19620.24,captured,392.4,70.63,19157.21
2026-07-05,TXN103261,21067.01,captured,421.34,75.84,20569.83
2026-07-05,TXN103500,15281.37,captured,305.63,55.01,14920.73
2026-07-05,TXN103562,18205.3,captured,364.11,65.54,17775.65
2026-07-05,TXN103761,14226.12,captured,284.52,51.21,13890.39
2026-07-05,TXN103852,14225.1,captured,284.5,51.21,13889.39
2026-07-05,TXN103875,422.14,captured,8.44,1.52,412.18
2026-07-05,TXN104416,16206.8,captured,324.14,58.35,15824.31
2026-07-05,TXN104530,20235.97,captured,404.72,72.85,19758.4
2026-07-06,TXN100013,2246.36,captured,44.93,8.09,2193.34
2026-07-06,TXN100193,10097.36,captured,201.95,36.35,9859.06
2026-07-06,TXN100686,9578.44,captured,191.57,34.48,9352.39
2026-07-06,TXN100708,4841.81,captured,96.84,17.43,4727.54
2026-07-06,TXN100775,10966.64,captured,219.33,39.48,10707.83
2026-07-06,TXN101059,4274.34,captured,85.49,15.39,4173.46
2026-07-06,TXN101379,9322.83,captured,186.46,33.56,9102.81
2026-07-06,TXN101403,9820.91,captured,196.42,35.36,9589.13
2026-07-06,TXN101457,14210.26,captured,284.21,51.16,13874.89
2026-07-06,TXN102095,2484.67,captured,49.69,8.94,2426.04
2026-07-06,TXN102186,11231.14,captured,224.62,40.43,10966.09
2026-07-06,TXN102194,15538.41,captured,310.77,55.94,15171.7
2026-07-06,TXN102462,13135.77,captured,262.72,47.29,12825.76
2026-07-06,TXN102545,20738.43,captured,414.77,74.66,20249.0
2026-07-06,TXN102630,17450.54,captured,349.01,62.82,17038.71
2026-07-06,TXN102758,5348.32,captured,106.97,19.25,5222.1
2026-07-06,TXN102777,4443.82,captured,88.88,16.0,4338.94
2026-07-06,TXN102899,23774.83,captured,475.5,85.59,23213.74
2026-07-06,TXN102962,14318.75,captured,286.38,51.55,13980.82
2026-07-06,TXN103138,18407.11,captured,368.14,66.27,17972.7
2026-07-06,TXN103153,24454.78,captured,489.1,88.04,23877.64
2026-07-06,TXN103279,19328.67,captured,386.57,69.58,18872.52
2026-07-06,TXN103488,24075.11,captured,481.5,86.67,23506.94
2026-07-06,TXN103613,20818.95,captured,416.38,74.95,20327.62
2026-07-06,TXN103952,23053.05,captured,461.06,82.99,22509.0
2026-07-06,TXN104226,15283.71,captured,305.67,55.02,14923.02
2026-07-06,TXN104565,13888.14,captured,277.76,50.0,13560.38
2026-07-06,TXN104831,3656.84,captured,73.14,13.17,3570.53
2026-07-06,TXN104841,7698.09,captured,153.96,27.71,7516.42
2026-07-07,TXN100018,7165.95,captured,143.32,25.8,6996.83
2026-07-07,TXN100023,6967.71,captured,139.35,25.08,6803.28
2026-07-07,TXN100292,9836.15,captured,196.72,35.41,9604.02
2026-07-07,TXN100300,23867.25,captured,477.35,85.92,23303.98
2026-07-07,TXN100310,15606.85,captured,312.14,56.19,15238.52
2026-07-07,TXN100318,14426.49,captured,288.53,51.94,14086.02
2026-07-07,TXN100724,11816.39,captured,236.33,42.54,11537.52
2026-07-07,TXN100789,4486.69,captured,89.73,16.15,4380.81
2026-07-07,TXN101075,9424.22,captured,188.48,33.93,9201.81
2026-07-07,TXN101491,5142.76,captured,102.86,18.51,5021.39
2026-07-07,TXN101851,11049.19,captured,220.98,39.78,10788.43
2026-07-07,TXN101895,17182.7,captured,343.65,61.86,16777.19
2026-07-07,TXN102154,10775.07,captured,215.5,38.79,10520.78
2026-07-07,TXN102652,910.54,captured,18.21,3.28,889.05
2026-07-07,TXN102679,5343.85,captured,106.88,19.24,5217.73
2026-07-07,TXN102766,13180.36,captured,263.61,47.45,12869.3
2026-07-07,TXN102808,14776.17,captured,295.52,53.19,14427.46
2026-07-07,TXN102863,16451.82,captured,329.04,59.23,16063.55
2026-07-07,TXN102945,939.97,captured,18.8,3.38,917.79
2026-07-07,TXN103245,7340.19,captured,146.8,26.42,7166.97
2026-07-07,TXN103253,3128.18,captured,62.56,11.26,3054.36
2026-07-07,TXN103350,6966.83,captured,139.34,25.08,6802.41
2026-07-07,TXN103376,18380.44,captured,367.61,66.17,17946.66
2026-07-07,TXN103569,4855.34,captured,97.11,17.48,4740.75
2026-07-07,TXN104117,1515.59,captured,30.31,5.46,1479.82
2026-07-07,TXN104126,20144.27,captured,402.89,72.52,19668.86
2026-07-07,TXN104383,4081.51,captured,81.63,14.69,3985.19
2026-07-07,TXN104443,11978.48,captured,239.57,43.12,11695.79
2026-07-07,TXN104465,9893.41,captured,197.87,35.62,9659.92
2026-07-07,TXN104802,806.2,captured,16.12,2.9,787.18
2026-07-08,TXN100290,6068.99,captured,121.38,21.85,5925.76
2026-07-08,TXN100317,21377.39,captured,427.55,76.96,20872.88
2026-07-08,TXN100521,8674.2,captured,173.48,31.23,8469.49
2026-07-08,TXN100786,604.81,captured,12.1,2.18,590.53
2026-07-08,TXN100856,24106.58,captured,482.13,86.78,23537.67
2026-07-08,TXN100954,23029.6,captured,460.59,82.91,22486.1
2026-07-08,TXN101008,3689.73,captured,73.79,13.28,3602.66
2026-07-08,TXN101169,415.33,captured,8.31,1.5,405.52
2026-07-08,TXN101606,4979.67,captured,99.59,17.93,4862.15
2026-07-08,TXN101810,1628.86,captured,32.58,5.86,1590.42
2026-07-08,TXN101853,21130.19,captured,422.6,76.07,20631.52
2026-07-08,TXN101890,6177.3,captured,123.55,22.24,6031.51
2026-07-08,TXN101941,16620.13,captured,332.4,59.83,16227.9
2026-07-08,TXN102796,23185.01,captured,463.7,83.47,22637.84
2026-07-08,TXN103126,10640.89,captured,212.82,38.31,10389.76
2026-07-08,TXN103361,4941.56,captured,98.83,17.79,4824.94
2026-07-08,TXN103474,17532.02,captured,350.64,63.12,17118.26
2026-07-08,TXN103497,18968.6,captured,379.37,68.29,18520.94
2026-07-08,TXN103567,12535.33,captured,250.71,45.13,12239.49
2026-07-08,TXN103568,11267.29,captured,225.35,40.56,11001.38
2026-07-08,TXN103966,14629.9,captured,292.6,52.67,14284.63
2026-07-08,TXN104006,6655.45,captured,133.11,23.96,6498.38
2026-07-08,TXN104421,23446.91,captured,468.94,84.41,22893.56
2026-07-08,TXN104541,18829.75,captured,376.6,67.79,18385.36
2026-07-08,TXN104780,5317.59,captured,106.35,19.14,5192.1
2026-07-08,TXN104787,11320.28,captured,226.41,40.75,11053.12
2026-07-09,TXN100168,22649.51,captured,452.99,81.54,22114.98
2026-07-09,TXN101013,6979.76,captured,139.6,25.13,6815.03
2026-07-09,TXN101081,20514.61,captured,410.29,73.85,20030.47
2026-07-09,TXN101282,10589.19,captured,211.78,38.12,10339.29
2026-07-09,TXN101562,17131.63,captured,342.63,61.67,16727.33
2026-07-09,TXN101783,4928.26,captured,98.57,17.74,4811.95
2026-07-09,TXN101930,6880.98,captured,137.62,24.77,6718.59
2026-07-09,TXN101942,22442.58,captured,448.85,80.79,21912.94
2026-07-09,TXN102249,20204.29,captured,404.09,72.74,19727.46
2026-07-09,TXN102351,12068.06,captured,241.36,43.44,11783.26
2026-07-09,TXN102511,2738.98,captured,54.78,9.86,2674.34
2026-07-09,TXN102728,17351.56,captured,347.03,62.47,16942.06
2026-07-09,TXN102741,5555.37,captured,111.11,20.0,5424.26
2026-07-09,TXN102957,4762.61,captured,95.25,17.14,4650.22
2026-07-09,TXN103639,22635.23,captured,452.7,81.49,22101.04
2026-07-09,TXN103879,3474.01,captured,69.48,12.51,3392.02
2026-07-09,TXN104271,18745.78,captured,374.92,67.49,18303.37
2026-07-09,TXN104302,20181.37,captured,403.63,72.65,19705.09
2026-07-09,TXN104404,24978.77,captured,499.58,89.92,24389.27
2026-07-09,TXN104605,18083.24,captured,361.66,65.1,17656.48
2026-07-09,TXN104696,19460.78,captured,389.22,70.06,19001.5
2026-07-09,TXN104985,20223.07,captured,404.46,72.8,19745.81
2026-07-09,TXN104992,19878.83,captured,397.58,71.56,19409.69
2026-07-10,TXN100605,24768.21,captured,495.36,89.16,24183.69
2026-07-10,TXN100843,14799.02,captured,295.98,53.28,14449.76
2026-07-10,TXN100980,17607.92,captured,352.16,63.39,17192.37
2026-07-10,TXN101043,21313.7,captured,426.27,76.73,20810.7
2026-07-10,TXN101641,24284.69,captured,485.69,87.42,23711.58
2026-07-10,TXN102264,23209.43,captured,464.19,83.55,22661.69
2026-07-10,TXN102388,1557.78,captured,31.16,5.61,1521.01
2026-07-10,TXN102689,4178.78,captured,83.58,15.04,4080.16
2026-07-10,TXN102705,17556.53,captured,351.13,63.2,17142.2
2026-07-10,TXN102722,4460.8,captured,89.22,16.06,4355.52
2026-07-10,TXN102889,9959.26,captured,199.19,35.85,9724.22
2026-07-10,TXN103155,4837.24,captured,96.74,17.41,4723.09
2026-07-10,TXN103264,5058.71,captured,101.17,18.21,4939.33
2026-07-10,TXN103270,21122.86,captured,422.46,76.04,20624.36
2026-07-10,TXN103384,10004.27,captured,200.09,36.02,9768.16
2026-07-10,TXN103692,15066.7,captured,301.33,54.24,14711.13
2026-07-10,TXN103790,9619.55,captured,192.39,34.63,9392.53
2026-07-10,TXN103882,13492.64,captured,269.85,48.57,13174.22
2026-07-10,TXN103961,5859.95,captured,117.2,21.1,5721.65
2026-07-10,TXN104200,19721.93,captured,394.44,71.0,19256.49
2026-07-10,TXN104201,14907.99,captured,298.16,53.67,14556.16
2026-07-10,TXN104231,18041.74,captured,360.83,64.95,17615.96
2026-07-10,TXN104335,18996.01,captured,379.92,68.39,18547.7
2026-07-10,TXN104606,15164.78,captured,303.3,54.59,14806.89
2026-07-10,TXN104657,5711.06,captured,114.22,20.56,5576.28
2026-07-10,TXN104730,11410.76,captured,228.22,41.08,11141.46
2026-07-10,TXN104759,12263.28,captured,245.27,44.15,11973.86
2026-07-10,TXN104825,3633.24,captured,72.66,13.08,3547.5
2026-07-11,TXN100428,21801.95,captured,436.04,78.49,21287.42
2026-07-11,TXN100539,8065.32,captured,161.31,29.04,7874.97
2026-07-11,TXN100647,19762.63,captured,395.25,71.14,19296.24
2026-07-11,TXN100795,8505.77,captured,170.12,30.62,8305.03
2026-07-11,TXN100930,12813.28,captured,256.27,46.13,12510.88
2026-07-11,TXN100990,12982.45,captured,259.65,46.74,12676.06
2026-07-11,TXN101002,12554.32,captured,251.09,45.2,12258.03
2026-07-11,TXN101104,22272.48,captured,445.45,80.18,21746.85
2026-07-11,TXN101447,10314.64,captured,206.29,37.13,10071.22
2026-07-11,TXN101517,2844.33,captured,56.89,10.24,2777.2
2026-07-11,TXN101619,304.83,captured,6.1,1.1,297.63
2026-07-11,TXN101770,18192.6,captured,363.85,65.49,17763.26
2026-07-11,TXN102243,23596.1,captured,471.92,84.95,23039.23
2026-07-11,TXN102469,21838.77,captured,436.78,78.62,21323.37
2026-07-11,TXN102555,3040.38,captured,60.81,10.95,2968.62
2026-07-11,TXN102665,5921.19,captured,118.42,21.32,5781.45
2026-07-11,TXN102715,1233.03,captured,24.66,4.44,1203.93
2026-07-11,TXN102789,24271.17,captured,485.42,87.38,23698.37
2026-07-11,TXN103206,19274.95,captured,385.5,69.39,18820.06
2026-07-11,TXN103315,1039.52,captured,20.79,3.74,1014.99
2026-07-11,TXN103807,1384.76,captured,27.7,4.99,1352.07
2026-07-11,TXN103989,20759.2,captured,415.18,74.73,20269.29
2026-07-11,TXN104259,3585.9,captured,71.72,12.91,3501.27
2026-07-11,TXN104290,5615.54,captured,112.31,20.22,5483.01
2026-07-11,TXN104589,5555.62,captured,111.11,20.0,5424.51
2026-07-11,TXN104729,983.33,captured,19.67,3.54,960.12
2026-07-11,TXN104845,6338.95,captured,126.78,22.82,6189.35
2026-07-11,TXN104900,14834.05,captured,296.68,53.4,14483.97
2026-07-11,TXN104963,355.59,captured,7.11,1.28,347.2
2026-07-12,TXN100026,6913.2,captured,138.26,24.89,6750.05
2026-07-12,TXN100374,10828.96,captured,216.58,38.98,10573.4
2026-07-12,TXN100520,18659.7,captured,373.19,67.17,18219.34
2026-07-12,TXN100579,3529.92,captured,70.6,12.71,3446.61
2026-07-12,TXN100594,1563.59,captured,31.27,5.63,1526.69
2026-07-12,TXN100932,2335.97,captured,46.72,8.41,2280.84
2026-07-12,TXN101488,7206.85,captured,144.14,25.95,7036.76
2026-07-12,TXN102344,2502.95,captured,50.06,9.01,2443.88
2026-07-12,TXN102503,14845.66,captured,296.91,53.44,14495.31
2026-07-12,TXN103366,4942.45,captured,98.85,17.79,4825.81
2026-07-12,TXN103640,17514.14,captured,350.28,63.05,17100.81
2026-07-12,TXN103758,528.69,captured,10.57,1.9,516.22
2026-07-12,TXN103880,19399.53,captured,387.99,69.84,18941.7
2026-07-12,TXN103932,22770.74,captured,455.41,81.97,22233.36
2026-07-12,TXN103956,13886.74,captured,277.73,49.99,13559.02
2026-07-12,TXN104193,7623.46,captured,152.47,27.44,7443.55
2026-07-12,TXN104234,20385.07,captured,407.7,73.39,19903.98
2026-07-12,TXN104425,14504.21,captured,290.08,52.21,14161.92
2026-07-12,TXN104847,11818.82,captured,236.38,42.55,11539.89
2026-07-13,TXN100138,17521.05,captured,350.42,63.08,17107.55
2026-07-13,TXN100268,21663.29,captured,433.27,77.99,21152.03
2026-07-13,TXN100657,20726.65,captured,414.53,74.62,20237.5
2026-07-13,TXN101179,772.38,captured,15.45,2.78,754.15
2026-07-13,TXN101362,19299.25,captured,385.99,69.48,18843.78
2026-07-13,TXN101452,14500.2,captured,290.0,52.2,14158.0
2026-07-13,TXN102169,3332.23,captured,66.64,12.0,3253.59
2026-07-13,TXN102663,23661.63,captured,473.23,85.18,23103.22
2026-07-13,TXN103217,2318.22,captured,46.36,8.34,2263.52
2026-07-13,TXN103822,10584.55,captured,211.69,38.1,10334.76
2026-07-13,TXN103944,1096.98,captured,21.94,3.95,1071.09
2026-07-13,TXN104140,15745.22,captured,314.9,56.68,15373.64
2026-07-13,TXN104338,11047.93,captured,220.96,39.77,10787.2
2026-07-13,TXN104409,10702.17,captured,214.04,38.53,10449.6
2026-07-13,TXN104511,11751.51,captured,235.03,42.31,11474.17
2026-07-13,TXN104664,7780.58,captured,155.61,28.01,7596.96
2026-07-13,TXN104670,561.04,captured,11.22,2.02,547.8
2026-07-13,TXN104836,18865.29,captured,377.31,67.92,18420.06
2026-07-13,TXN104887,1566.78,captured,31.34,5.64,1529.8
2026-07-14,TXN100263,8532.72,captured,170.65,30.72,8331.35
2026-07-14,TXN100807,16922.55,captured,338.45,60.92,16523.18
2026-07-14,TXN101196,7595.17,captured,151.9,27.34,7415.93
2026-07-14,TXN101322,9884.41,captured,197.69,35.58,9651.14
2026-07-14,TXN101418,6667.78,captured,133.36,24.0,6510.42
2026-07-14,TXN101453,12804.08,captured,256.08,46.09,12501.91
2026-07-14,TXN102242,22450.3,captured,449.01,80.82,21920.47
2026-07-14,TXN102509,17061.63,captured,341.23,61.42,16658.98
2026-07-14,TXN102566,7068.68,captured,141.37,25.45,6901.86
2026-07-14,TXN102711,11438.12,captured,228.76,41.18,11168.18
2026-07-14,TXN102821,11186.04,captured,223.72,40.27,10922.05
2026-07-14,TXN103313,7548.8,captured,150.98,27.18,7370.64
2026-07-14,TXN103509,14336.89,captured,286.74,51.61,13998.54
2026-07-14,TXN103590,1747.05,captured,34.94,6.29,1705.82
2026-07-14,TXN103624,9238.46,captured,184.77,33.26,9020.43
2026-07-14,TXN103629,16950.4,captured,339.01,61.02,16550.37
2026-07-14,TXN103701,1801.84,captured,36.04,6.49,1759.31
2026-07-14,TXN103706,5766.36,captured,115.33,20.76,5630.27
2026-07-14,TXN103970,23653.58,captured,473.07,85.15,23095.36
2026-07-14,TXN104144,1448.54,captured,28.97,5.21,1414.36
2026-07-14,TXN104293,3862.56,captured,77.25,13.9,3771.41
2026-07-14,TXN104361,17349.95,captured,347.0,62.46,16940.49
2026-07-14,TXN104468,17769.83,captured,355.4,63.97,17350.46
2026-07-14,TXN104733,16257.21,captured,325.14,58.53,15873.54
2026-07-14,TXN104783,5758.05,captured,115.16,20.73,5622.16
2026-07-14,TXN104837,4422.32,captured,88.45,15.92,4317.95
2026-07-14,TXN104930,3328.68,captured,66.57,11.98,3250.13
2026-07-15,TXN100065,11835.51,captured,236.71,42.61,11556.19
2026-07-15,TXN100270,1638.84,captured,32.78,5.9,1600.16
2026-07-15,TXN100617,17355.36,captured,347.11,62.48,16945.77
2026-07-15,TXN100702,7722.37,captured,154.45,27.8,7540.12
2026-07-15,TXN100740,3696.04,captured,73.92,13.31,3608.81
2026-07-15,TXN100913,15517.08,captured,310.34,55.86,15150.88
2026-07-15,TXN101053,12479.13,captured,249.58,44.92,12184.63
2026-07-15,TXN101101,6824.17,captured,136.48,24.57,6663.12
2026-07-15,TXN101219,11184.99,captured,223.7,40.27,10921.02
2026-07-15,TXN101390,854.42,captured,17.09,3.08,834.25
2026-07-15,TXN101462,23899.51,captured,477.99,86.04,23335.48
2026-07-15,TXN101694,7792.7,captured,155.85,28.05,7608.8
2026-07-15,TXN101776,23216.41,captured,464.33,83.58,22668.5
2026-07-15,TXN101827,6192.81,captured,123.86,22.29,6046.66
2026-07-15,TXN101864,23186.14,captured,463.72,83.47,22638.95
2026-07-15,TXN102229,8170.73,captured,163.41,29.41,7977.91
2026-07-15,TXN102363,2633.76,captured,52.68,9.48,2571.6
2026-07-15,TXN102744,7747.9,captured,154.96,27.89,7565.05
2026-07-15,TXN103124,15163.05,captured,303.26,54.59,14805.2
2026-07-15,TXN103241,8987.71,captured,179.75,32.35,8775.61
2026-07-15,TXN103249,2860.78,captured,57.22,10.3,2793.26
2026-07-15,TXN103407,21449.76,captured,429.0,77.22,20943.54
2026-07-15,TXN104077,20660.47,captured,413.21,74.38,20172.88
2026-07-15,TXN104362,9615.15,captured,192.3,34.61,9388.24
2026-07-15,TXN104892,18640.33,captured,372.81,67.11,18200.41
2026-07-16,TXN100151,22187.58,captured,443.75,79.88,21663.95
2026-07-16,TXN100166,10367.7,captured,207.35,37.32,10123.03
2026-07-16,TXN100167,1837.96,captured,36.76,6.62,1794.58
2026-07-16,TXN100283,8694.92,captured,173.9,31.3,8489.72
2026-07-16,TXN100350,16476.57,captured,329.53,59.32,16087.72
2026-07-16,TXN100731,7591.25,captured,151.83,27.33,7412.09
2026-07-16,TXN100957,22921.61,captured,458.43,82.52,22380.66
2026-07-16,TXN101111,15242.98,captured,304.86,54.87,14883.25
2026-07-16,TXN101299,13714.08,captured,274.28,49.37,13390.43
2026-07-16,TXN101601,20604.05,captured,412.08,74.17,20117.8
2026-07-16,TXN101635,23277.08,captured,465.54,83.8,22727.74
2026-07-16,TXN101685,6236.91,captured,124.74,22.45,6089.72
2026-07-16,TXN101966,4450.86,captured,89.02,16.02,4345.82
2026-07-16,TXN102013,24510.55,captured,490.21,88.24,23932.1
2026-07-16,TXN102104,4730.5,captured,94.61,17.03,4618.86
2026-07-16,TXN102128,11674.14,captured,233.48,42.03,11398.63
2026-07-16,TXN102331,23034.21,captured,460.68,82.92,22490.61
2026-07-16,TXN102390,21260.82,captured,425.22,76.54,20759.06
2026-07-16,TXN102403,20877.09,captured,417.54,75.16,20384.39
2026-07-16,TXN102408,23593.45,captured,471.87,84.94,23036.64
2026-07-16,TXN102426,19299.72,captured,385.99,69.48,18844.25
2026-07-16,TXN102670,5476.74,captured,109.53,19.72,5347.49
2026-07-16,TXN103103,3803.33,captured,76.07,13.69,3713.57
2026-07-16,TXN103143,3998.02,captured,79.96,14.39,3903.67
2026-07-16,TXN103259,16930.53,captured,338.61,60.95,16530.97
2026-07-16,TXN103260,1107.06,captured,22.14,3.99,1080.93
2026-07-16,TXN103475,20393.29,captured,407.87,73.42,19912.0
2026-07-16,TXN103912,732.72,captured,14.65,2.64,715.43
2026-07-16,TXN103934,16533.16,captured,330.66,59.52,16142.98
2026-07-16,TXN104061,440.11,captured,8.8,1.58,429.73
2026-07-16,TXN104455,24795.03,captured,495.9,89.26,24209.87
2026-07-16,TXN104871,20046.95,captured,400.94,72.17,19573.84
2026-07-16,TXN104956,23247.5,captured,464.95,83.69,22698.86
2026-07-17,TXN100172,13594.05,captured,271.88,48.94,13273.23
2026-07-17,TXN100182,6531.11,captured,130.62,23.51,6376.98
2026-07-17,TXN100404,11505.05,captured,230.1,41.42,11233.53
2026-07-17,TXN100849,15031.72,captured,300.63,54.11,14676.98
2026-07-17,TXN100927,9325.69,captured,186.51,33.57,9105.61
2026-07-17,TXN101097,3079.22,captured,61.58,11.08,3006.56
2026-07-17,TXN101508,15892.45,captured,317.85,57.21,15517.39
2026-07-17,TXN102440,10229.47,captured,204.59,36.83,9988.05
2026-07-17,TXN102609,8416.89,captured,168.34,30.3,8218.25
2026-07-17,TXN102674,10815.27,captured,216.31,38.94,10560.02
2026-07-17,TXN103129,13315.56,captured,266.31,47.94,13001.31
2026-07-17,TXN103325,17148.66,captured,342.97,61.73,16743.96
2026-07-17,TXN103328,3245.7,captured,64.91,11.68,3169.11
2026-07-17,TXN103444,24047.74,captured,480.95,86.57,23480.22
2026-07-17,TXN103526,6743.76,captured,134.88,24.28,6584.6
2026-07-17,TXN103627,5975.15,captured,119.5,21.51,5834.14
2026-07-17,TXN103892,4734.09,captured,94.68,17.04,4622.37
2026-07-17,TXN103967,10434.26,captured,208.69,37.56,10188.01
2026-07-17,TXN104194,22375.49,captured,447.51,80.55,21847.43
2026-07-17,TXN104218,1699.32,captured,33.99,6.12,1659.21
2026-07-17,TXN104513,23755.96,captured,475.12,85.52,23195.32
2026-07-18,TXN100009,8704.19,captured,174.08,31.33,8498.78
2026-07-18,TXN100035,15031.3,captured,300.63,54.11,14676.56
2026-07-18,TXN100391,21741.88,captured,434.84,78.27,21228.77
2026-07-18,TXN100409,12295.84,captured,245.92,44.27,12005.65
2026-07-18,TXN100524,2249.5,captured,44.99,8.1,2196.41
2026-07-18,TXN100850,4888.12,captured,97.76,17.6,4772.76
2026-07-18,TXN100906,17442.57,captured,348.85,62.79,17030.93
2026-07-18,TXN101133,22418.43,captured,448.37,80.71,21889.35
2026-07-18,TXN101478,12114.51,captured,242.29,43.61,11828.61
2026-07-18,TXN102015,13418.71,captured,268.37,48.31,13102.03
2026-07-18,TXN102091,18296.56,captured,365.93,65.87,17864.76
2026-07-18,TXN102254,12028.9,captured,240.58,43.3,11745.02
2026-07-18,TXN102352,2528.49,captured,50.57,9.1,2468.82
2026-07-18,TXN102453,24677.78,captured,493.56,88.84,24095.38
2026-07-18,TXN102465,20762.41,captured,415.25,74.74,20272.42
2026-07-18,TXN102773,4657.96,captured,93.16,16.77,4548.03
2026-07-18,TXN102927,24434.45,captured,488.69,87.96,23857.8
2026-07-18,TXN102974,17022.72,captured,340.45,61.28,16620.99
2026-07-18,TXN103113,4010.43,captured,80.21,14.44,3915.78
2026-07-18,TXN103729,12955.18,captured,259.1,46.64,12649.44
2026-07-18,TXN103756,12531.06,captured,250.62,45.11,12235.33
2026-07-18,TXN103788,16721.6,captured,334.43,60.2,16326.97
2026-07-18,TXN104113,24777.79,captured,495.56,89.2,24193.03
2026-07-18,TXN104192,21499.89,captured,430.0,77.4,20992.49
2026-07-18,TXN104359,17105.77,captured,342.12,61.58,16702.07
2026-07-18,TXN104817,22404.57,captured,448.09,80.66,21875.82
2026-07-19,TXN100198,16639.58,captured,332.79,59.9,16246.89
2026-07-19,TXN100500,338.64,captured,6.77,1.22,330.65
2026-07-19,TXN100916,8068.24,captured,161.36,29.04,7877.84
2026-07-19,TXN101003,4568.34,captured,91.37,16.45,4460.52
2026-07-19,TXN101352,4465.4,captured,89.31,16.08,4360.01
2026-07-19,TXN101422,16393.93,captured,327.88,59.02,16007.03
2026-07-19,TXN101751,21129.75,captured,422.6,76.07,20631.08
2026-07-19,TXN101757,15338.46,captured,306.77,55.22,14976.47
2026-07-19,TXN101918,17397.87,captured,347.96,62.63,16987.28
2026-07-19,TXN101961,8632.37,captured,172.65,31.08,8428.64
2026-07-19,TXN102086,9429.86,captured,188.6,33.95,9207.31
2026-07-19,TXN102161,4962.99,captured,99.26,17.87,4845.86
2026-07-19,TXN102354,2595.8,captured,51.92,9.35,2534.53
2026-07-19,TXN102431,10511.21,captured,210.22,37.84,10263.15
2026-07-19,TXN102631,24431.44,captured,488.63,87.95,23854.86
2026-07-19,TXN102650,11443.43,captured,228.87,41.2,11173.36
2026-07-19,TXN102999,22337.18,captured,446.74,80.41,21810.03
2026-07-19,TXN103016,6419.36,captured,128.39,23.11,6267.86
2026-07-19,TXN103242,13222.29,captured,264.45,47.6,12910.24
2026-07-19,TXN103667,18382.61,captured,367.65,66.18,17948.78
2026-07-19,TXN103775,14736.37,captured,294.73,53.05,14388.59
2026-07-19,TXN104066,19835.72,captured,396.71,71.41,19367.6
2026-07-19,TXN104088,10088.81,captured,201.78,36.32,9850.71
2026-07-19,TXN104672,15595.67,captured,311.91,56.14,15227.62
2026-07-19,TXN104767,15814.38,captured,316.29,56.93,15441.16
2026-07-19,TXN104872,13812.28,captured,276.25,49.73,13486.3
2026-07-20,TXN100382,11453.41,captured,229.07,41.23,11183.11
2026-07-20,TXN100417,4639.66,captured,92.79,16.7,4530.17
2026-07-20,TXN101255,21018.76,captured,420.38,75.67,20522.71
2026-07-20,TXN101323,8115.18,captured,162.3,29.21,7923.67
2026-07-20,TXN101650,8288.27,captured,165.77,29.84,8092.66
2026-07-20,TXN101901,15378.99,captured,307.58,55.36,15016.05
2026-07-20,TXN101925,5694.15,captured,113.88,20.5,5559.77
2026-07-20,TXN102189,3621.86,captured,72.44,13.04,3536.38
2026-07-20,TXN102413,3115.04,captured,62.3,11.21,3041.53
2026-07-20,TXN102585,1925.02,captured,38.5,6.93,1879.59
2026-07-20,TXN102692,20502.03,captured,410.04,73.81,20018.18
2026-07-20,TXN103373,5538.03,captured,110.76,19.94,5407.33
2026-07-20,TXN103374,12845.79,captured,256.92,46.25,12542.62
2026-07-20,TXN103379,2996.86,captured,59.94,10.79,2926.13
2026-07-20,TXN103541,17623.04,captured,352.46,63.44,17207.14
2026-07-20,TXN103637,891.11,captured,17.82,3.21,870.08
2026-07-20,TXN103656,13122.63,captured,262.45,47.24,12812.94
2026-07-20,TXN103670,12483.41,captured,249.67,44.94,12188.8
2026-07-20,TXN103925,24139.45,captured,482.79,86.9,23569.76
2026-07-20,TXN103950,10560.21,captured,211.2,38.02,10310.99
2026-07-20,TXN104235,16825.99,captured,336.52,60.57,16428.9
2026-07-20,TXN104305,22012.89,captured,440.26,79.25,21493.38
2026-07-20,TXN104460,8636.69,captured,172.73,31.09,8432.87
2026-07-20,TXN104501,2274.8,captured,45.5,8.19,2221.11
2026-07-20,TXN104626,20812.15,captured,416.24,74.92,20320.99
2026-07-20,TXN104643,2435.21,captured,48.7,8.77,2377.74
2026-07-20,TXN104728,1359.85,captured,27.2,4.9,1327.75
2026-07-21,TXN100427,14845.12,captured,296.9,53.44,14494.78
2026-07-21,TXN100759,16229.21,captured,324.58,58.42,15846.21
2026-07-21,TXN100791,7116.26,captured,142.33,25.62,6948.31
2026-07-21,TXN101317,16270.06,captured,325.4,58.57,15886.09
2026-07-21,TXN101539,10050.38,captured,201.01,36.18,9813.19
2026-07-21,TXN101567,8315.48,captured,166.31,29.94,8119.23
2026-07-21,TXN101830,14310.12,captured,286.2,51.52,13972.4
2026-07-21,TXN101843,18029.44,captured,360.59,64.91,17603.94
2026-07-21,TXN101997,3880.05,captured,77.6,13.97,3788.48
2026-07-21,TXN102358,2255.82,captured,45.12,8.12,2202.58
2026-07-21,TXN102598,12974.21,captured,259.48,46.71,12668.02
2026-07-21,TXN102864,20268.65,captured,405.37,72.97,19790.31
2026-07-21,TXN103002,443.51,captured,8.87,1.6,433.04
2026-07-21,TXN103051,1972.4,captured,39.45,7.1,1925.85
2026-07-21,TXN103273,584.99,captured,11.7,2.11,571.18
2026-07-21,TXN103303,12962.62,captured,259.25,46.66,12656.71
2026-07-21,TXN103441,2672.24,captured,53.44,9.62,2609.18
2026-07-21,TXN103645,7445.49,captured,148.91,26.8,7269.78
2026-07-21,TXN103685,1961.35,captured,39.23,7.06,1915.06
2026-07-21,TXN103859,18354.59,captured,367.09,66.08,17921.42
2026-07-21,TXN104812,7179.28,captured,143.59,25.85,7009.84
2026-07-21,TXN104843,19444.28,captured,388.89,70.0,18985.39
2026-07-21,TXN104951,19311.88,captured,386.24,69.52,18856.12
2026-07-22,TXN100055,22520.47,captured,450.41,81.07,21988.99
2026-07-22,TXN100162,2213.84,captured,44.28,7.97,2161.59
2026-07-22,TXN100295,2762.88,captured,55.26,9.95,2697.67
2026-07-22,TXN100472,1379.2,captured,27.58,4.96,1346.66
2026-07-22,TXN100827,18133.25,captured,362.67,65.28,17705.3
2026-07-22,TXN101329,9720.92,captured,194.42,35.0,9491.5
2026-07-22,TXN101384,4390.46,captured,87.81,15.81,4286.84
2026-07-22,TXN101717,10131.59,captured,202.63,36.47,9892.49
2026-07-22,TXN101944,18462.51,captured,369.25,66.47,18026.79
2026-07-22,TXN102965,24660.28,captured,493.21,88.78,24078.29
2026-07-22,TXN103001,4297.31,captured,85.95,15.47,4195.89
2026-07-22,TXN103514,10859.54,captured,217.19,39.09,10603.26
2026-07-22,TXN103659,5823.74,captured,116.47,20.96,5686.31
2026-07-22,TXN103755,21782.8,captured,435.66,78.42,21268.72
2026-07-22,TXN104004,16929.98,captured,338.6,60.95,16530.43
2026-07-22,TXN104268,10538.79,captured,210.78,37.94,10290.07
2026-07-22,TXN104386,2013.76,captured,40.28,7.25,1966.23
2026-07-23,TXN100070,20258.15,captured,405.16,72.93,19780.06
2026-07-23,TXN100107,13926.51,captured,278.53,50.14,13597.84
2026-07-23,TXN100144,11221.35,captured,224.43,40.4,10956.52
2026-07-23,TXN100158,15432.51,captured,308.65,55.56,15068.3
2026-07-23,TXN100305,4409.21,captured,88.18,15.87,4305.16
2026-07-23,TXN100353,23778.71,captured,475.57,85.6,23217.54
2026-07-23,TXN100375,2115.22,captured,42.3,7.61,2065.31
2026-07-23,TXN100546,24932.38,captured,498.65,89.76,24343.97
2026-07-23,TXN100781,9189.96,captured,183.8,33.08,8973.08
2026-07-23,TXN100858,12370.88,captured,247.42,44.54,12078.92
2026-07-23,TXN101110,19418.56,captured,388.37,69.91,18960.28
2026-07-23,TXN101112,5521.35,captured,110.43,19.88,5391.04
2026-07-23,TXN101285,20800.59,captured,416.01,74.88,20309.7
2026-07-23,TXN101512,19590.06,captured,391.8,70.52,19127.74
2026-07-23,TXN101655,15692.6,captured,313.85,56.49,15322.26
2026-07-23,TXN101926,17970.39,captured,359.41,64.69,17546.29
2026-07-23,TXN101991,14939.85,captured,298.8,53.78,14587.27
2026-07-23,TXN102056,11612.78,captured,232.26,41.81,11338.71
2026-07-23,TXN102089,18615.73,captured,372.31,67.02,18176.4
2026-07-23,TXN102090,7429.26,captured,148.59,26.75,7253.92
2026-07-23,TXN102131,22276.24,captured,445.52,80.19,21750.53
2026-07-23,TXN102263,9895.23,captured,197.9,35.62,9661.71
2026-07-23,TXN102584,1653.28,captured,33.07,5.95,1614.26
2026-07-23,TXN102648,13114.87,captured,262.3,47.21,12805.36
2026-07-23,TXN102909,9372.88,captured,187.46,33.74,9151.68
2026-07-23,TXN103098,20441.98,captured,408.84,73.59,19959.55
2026-07-23,TXN103191,16362.21,captured,327.24,58.9,15976.07
2026-07-23,TXN103464,9950.63,captured,199.01,35.82,9715.8
2026-07-23,TXN103602,3095.61,captured,61.91,11.14,3022.56
2026-07-23,TXN103703,10802.42,captured,216.05,38.89,10547.48
2026-07-23,TXN104038,19501.68,captured,390.03,70.21,19041.44
2026-07-23,TXN104049,8758.06,captured,175.16,31.53,8551.37
2026-07-23,TXN104205,3817.49,captured,76.35,13.74,3727.4
2026-07-23,TXN104320,1049.44,captured,20.99,3.78,1024.67
2026-07-23,TXN104422,888.73,captured,17.77,3.2,867.76
2026-07-23,TXN104442,2697.6,captured,53.95,9.71,2633.94
2026-07-23,TXN104489,4867.72,captured,97.35,17.52,4752.85
2026-07-24,TXN100007,14854.86,captured,297.1,53.48,14504.28
2026-07-24,TXN100068,3762.5,captured,75.25,13.54,3673.71
2026-07-24,TXN100214,19885.44,captured,397.71,71.59,19416.14
2026-07-24,TXN100474,6079.87,captured,121.6,21.89,5936.38
2026-07-24,TXN100527,15184.75,captured,303.69,54.66,14826.4
2026-07-24,TXN100820,9540.75,captured,190.81,34.35,9315.59
2026-07-24,TXN101049,581.47,captured,11.63,2.09,567.75
2026-07-24,TXN101505,22273.92,captured,445.48,80.19,21748.25
2026-07-24,TXN101734,7432.88,captured,148.66,26.76,7257.46
2026-07-24,TXN102078,9127.62,captured,182.55,32.86,8912.21
2026-07-24,TXN102088,21895.25,captured,437.91,78.82,21378.52
2026-07-24,TXN102489,3979.87,captured,79.6,14.33,3885.94
2026-07-24,TXN102569,8111.18,captured,162.22,29.2,7919.76
2026-07-24,TXN103044,23159.87,captured,463.2,83.38,22613.29
2026-07-24,TXN103050,15857.66,captured,317.15,57.09,15483.42
2026-07-24,TXN103081,6023.56,captured,120.47,21.68,5881.41
2026-07-24,TXN103178,19698.19,captured,393.96,70.91,19233.32
2026-07-24,TXN103644,22793.65,captured,455.87,82.06,22255.72
2026-07-24,TXN104327,23617.07,captured,472.34,85.02,23059.71
2026-07-24,TXN104435,12034.66,captured,240.69,43.32,11750.65
2026-07-24,TXN104595,15203.19,captured,304.06,54.73,14844.4
2026-07-24,TXN104803,22756.94,captured,455.14,81.93,22219.87
2026-07-25,TXN100237,22740.06,captured,454.8,81.86,22203.4
2026-07-25,TXN100537,23735.94,captured,474.72,85.45,23175.77
2026-07-25,TXN100714,21224.19,captured,424.48,76.41,20723.3
2026-07-25,TXN100774,12417.91,captured,248.36,44.7,12124.85
2026-07-25,TXN100836,14927.42,captured,298.55,53.74,14575.13
2026-07-25,TXN100882,2165.25,captured,43.3,7.79,2114.16
2026-07-25,TXN100981,7017.31,captured,140.35,25.26,6851.7
2026-07-25,TXN100992,14032.06,captured,280.64,50.52,13700.9
2026-07-25,TXN101056,2120.62,captured,42.41,7.63,2070.58
2026-07-25,TXN101242,3116.38,captured,62.33,11.22,3042.83
2026-07-25,TXN101252,11597.48,captured,231.95,41.75,11323.78
2026-07-25,TXN101262,20178.48,captured,403.57,72.64,19702.27
2026-07-25,TXN101713,11585.44,captured,231.71,41.71,11312.02
2026-07-25,TXN101839,13422.02,captured,268.44,48.32,13105.26
2026-07-25,TXN101948,24174.38,captured,483.49,87.03,23603.86
2026-07-25,TXN102281,12115.63,captured,242.31,43.62,11829.7
2026-07-25,TXN102644,21620.26,captured,432.41,77.83,21110.02
2026-07-25,TXN102818,14307.18,captured,286.14,51.51,13969.53
2026-07-25,TXN103218,21820.84,captured,436.42,78.56,21305.86
2026-07-25,TXN103365,21736.11,captured,434.72,78.25,21223.14
2026-07-25,TXN103413,24687.09,captured,493.74,88.87,24104.48
2026-07-25,TXN103900,12700.92,captured,254.02,45.72,12401.18
2026-07-25,TXN103999,17579.17,captured,351.58,63.28,17164.31
2026-07-25,TXN104410,11264.15,captured,225.28,40.55,10998.32
2026-07-25,TXN104418,7717.91,captured,154.36,27.78,7535.77
2026-07-25,TXN104471,22993.77,captured,459.88,82.78,22451.11
2026-07-25,TXN104506,9145.38,captured,182.91,32.92,8929.55
2026-07-25,TXN104512,4071.32,captured,81.43,14.66,3975.23
2026-07-25,TXN104692,7546.72,captured,150.93,27.17,7368.62
2026-07-25,TXN104811,3981.02,captured,79.62,14.33,3887.07
2026-07-25,TXN104981,8636.99,captured,172.74,31.09,8433.16
2026-07-26,TXN100357,2564.33,captured,51.29,9.23,2503.81
2026-07-26,TXN100679,14228.61,captured,284.57,51.22,13892.82
2026-07-26,TXN100884,23771.28,captured,475.43,85.58,23210.27
2026-07-26,TXN101211,7014.28,captured,140.29,25.25,6848.74
2026-07-26,TXN101402,15034.37,captured,300.69,54.12,14679.56
2026-07-26,TXN101528,15886.87,captured,317.74,57.19,15511.94
2026-07-26,TXN101725,2527.44,captured,50.55,9.1,2467.79
2026-07-26,TXN101748,18808.57,captured,376.17,67.71,18364.69
2026-07-26,TXN101821,12341.42,captured,246.83,44.43,12050.16
2026-07-26,TXN101859,22371.49,captured,447.43,80.54,21843.52
2026-07-26,TXN101988,1369.94,captured,27.4,4.93,1337.61
2026-07-26,TXN101998,4698.1,captured,93.96,16.91,4587.23
2026-07-26,TXN102021,11754.89,captured,235.1,42.32,11477.47
2026-07-26,TXN102174,2968.51,captured,59.37,10.69,2898.45
2026-07-26,TXN102274,17471.69,captured,349.43,62.9,17059.36
2026-07-26,TXN102292,20733.26,captured,414.67,74.64,20243.95
2026-07-26,TXN102337,15820.41,captured,316.41,56.95,15447.05
2026-07-26,TXN102589,9782.82,captured,195.66,35.22,9551.94
2026-07-26,TXN102687,1719.09,captured,34.38,6.19,1678.52
2026-07-26,TXN102700,8865.51,captured,177.31,31.92,8656.28
2026-07-26,TXN102784,7295.68,captured,145.91,26.26,7123.51
2026-07-26,TXN102800,23623.35,captured,472.47,85.04,23065.84
2026-07-26,TXN102876,3941.41,captured,78.83,14.19,3848.39
2026-07-26,TXN103150,13987.65,captured,279.75,50.35,13657.55
2026-07-26,TXN103276,15971.24,captured,319.42,57.5,15594.32
2026-07-26,TXN103339,12485.41,captured,249.71,44.95,12190.75
2026-07-26,TXN103668,7585.06,captured,151.7,27.31,7406.05
2026-07-26,TXN104170,15646.42,captured,312.93,56.33,15277.16
2026-07-26,TXN104682,9682.32,captured,193.65,34.86,9453.81
2026-07-26,TXN104952,24114.32,captured,482.29,86.81,23545.22
2026-07-27,TXN100090,8109.58,captured,162.19,29.19,7918.2
2026-07-27,TXN100122,8936.56,captured,178.73,32.17,8725.66
2026-07-27,TXN100425,20851.04,captured,417.02,75.06,20358.96
2026-07-27,TXN100513,1213.5,captured,24.27,4.37,1184.86
2026-07-27,TXN100654,16312.65,captured,326.25,58.72,15927.68
2026-07-27,TXN100692,8850.15,captured,177.0,31.86,8641.29
2026-07-27,TXN100794,2942.22,captured,58.84,10.59,2872.79
2026-07-27,TXN100844,15548.86,captured,310.98,55.98,15181.9
2026-07-27,TXN101095,22953.9,captured,459.08,82.63,22412.19
2026-07-27,TXN101134,6524.37,captured,130.49,23.49,6370.39
2026-07-27,TXN101162,3837.64,captured,76.75,13.81,3747.08
2026-07-27,TXN101249,20666.49,captured,413.33,74.4,20178.76
2026-07-27,TXN101458,17135.39,captured,342.71,61.69,16730.99
2026-07-27,TXN101708,22223.4,captured,444.47,80.0,21698.93
2026-07-27,TXN101999,18079.58,captured,361.59,65.09,17652.9
2026-07-27,TXN102418,24077.38,captured,481.55,86.68,23509.15
2026-07-27,TXN102432,23810.46,captured,476.21,85.72,23248.53
2026-07-27,TXN102473,3495.81,captured,69.92,12.59,3413.3
2026-07-27,TXN102874,8103.38,captured,162.07,29.17,7912.14
2026-07-27,TXN103370,4919.64,captured,98.39,17.71,4803.54
2026-07-27,TXN103403,634.96,captured,12.7,2.29,619.97
2026-07-27,TXN103485,17965.0,captured,359.3,64.67,17541.03
2026-07-27,TXN104085,9246.43,captured,184.93,33.29,9028.21
2026-07-27,TXN104178,20802.93,captured,416.06,74.89,20311.98
2026-07-27,TXN104479,15885.77,captured,317.72,57.19,15510.86
2026-07-28,TXN100069,6470.22,captured,129.4,23.29,6317.53
2026-07-28,TXN100207,14375.29,captured,287.51,51.75,14036.03
2026-07-28,TXN100477,19305.13,captured,386.1,69.5,18849.53
2026-07-28,TXN100511,24526.23,captured,490.52,88.29,23947.42
2026-07-28,TXN100690,16935.45,captured,338.71,60.97,16535.77
2026-07-28,TXN100805,23591.48,captured,471.83,84.93,23034.72
2026-07-28,TXN101120,12776.62,captured,255.53,46.0,12475.09
2026-07-28,TXN101367,12677.74,captured,253.55,45.64,12378.55
2026-07-28,TXN101720,20798.37,captured,415.97,74.87,20307.53
2026-07-28,TXN102101,5845.65,captured,116.91,21.04,5707.7
2026-07-28,TXN102355,17008.07,captured,340.16,61.23,16606.68
2026-07-28,TXN102383,3959.69,captured,79.19,14.25,3866.25
2026-07-28,TXN102526,24039.53,captured,480.79,86.54,23472.2
2026-07-28,TXN102717,1985.46,captured,39.71,7.15,1938.6
2026-07-28,TXN102990,22344.6,captured,446.89,80.44,21817.27
2026-07-28,TXN103255,10499.49,captured,209.99,37.8,10251.7
2026-07-28,TXN103696,23920.99,captured,478.42,86.12,23356.45
2026-07-28,TXN103751,17809.04,captured,356.18,64.11,17388.75
2026-07-28,TXN103962,7371.2,captured,147.42,26.54,7197.24
2026-07-28,TXN103965,16507.91,captured,330.16,59.43,16118.32
2026-07-28,TXN104159,16808.4,captured,336.17,60.51,16411.72
2026-07-28,TXN104415,13840.68,captured,276.81,49.83,13514.04
2026-07-28,TXN104755,14669.2,captured,293.38,52.81,14323.01
2026-07-28,TXN104936,16560.74,captured,331.21,59.62,16169.91
2026-07-29,TXN100984,8056.62,captured,161.13,29.0,7866.49
2026-07-29,TXN101293,17829.33,captured,356.59,64.19,17408.55
2026-07-29,TXN101815,14324.4,captured,286.49,51.57,13986.34
2026-07-29,TXN101868,13068.65,captured,261.37,47.05,12760.23
2026-07-29,TXN102224,6918.02,captured,138.36,24.9,6754.76
2026-07-29,TXN102312,3558.41,captured,71.17,12.81,3474.43
2026-07-29,TXN102772,7993.14,captured,159.86,28.77,7804.51
2026-07-29,TXN102852,4450.91,captured,89.02,16.02,4345.87
2026-07-29,TXN103320,14316.49,captured,286.33,51.54,13978.62
2026-07-29,TXN104510,22035.37,captured,440.71,79.33,21515.33
2026-07-29,TXN104645,11433.99,captured,228.68,41.16,11164.15
2026-07-30,TXN100439,11222.54,captured,224.45,40.4,10957.69
2026-07-30,TXN100475,22628.17,captured,452.56,81.46,22094.15
2026-07-30,TXN100491,17492.98,captured,349.86,62.97,17080.15
2026-07-30,TXN100505,1375.3,captured,27.51,4.95,1342.84
2026-07-30,TXN100727,19112.24,captured,382.24,68.8,18661.2
2026-07-30,TXN101158,22268.82,captured,445.38,80.17,21743.27
2026-07-30,TXN101227,21341.22,captured,426.82,76.83,20837.57
2026-07-30,TXN101485,23975.61,captured,479.51,86.31,23409.79
2026-07-30,TXN101752,3623.28,captured,72.47,13.04,3537.77
2026-07-30,TXN101874,14476.94,captured,289.54,52.12,14135.28
2026-07-30,TXN101996,14751.78,captured,295.04,53.11,14403.63
2026-07-30,TXN102014,18416.86,captured,368.34,66.3,17982.22
2026-07-30,TXN102270,18502.47,captured,370.05,66.61,18065.81
2026-07-30,TXN102322,6727.53,captured,134.55,24.22,6568.76
2026-07-30,TXN102404,20053.95,captured,401.08,72.19,19580.68
2026-07-30,TXN102637,19837.63,captured,396.75,71.41,19369.47
2026-07-30,TXN102719,20564.54,captured,411.29,74.03,20079.22
2026-07-30,TXN102786,5134.18,captured,102.68,18.48,5013.02
2026-07-30,TXN102998,10065.36,captured,201.31,36.24,9827.81
2026-07-30,TXN103034,7219.94,captured,144.4,25.99,7049.55
2026-07-30,TXN103145,10464.61,captured,209.29,37.67,10217.65
2026-07-30,TXN103335,2649.46,captured,52.99,9.54,2586.93
2026-07-30,TXN103877,16810.39,captured,336.21,60.52,16413.66
2026-07-30,TXN104076,3616.83,captured,72.34,13.02,3531.47
2026-07-30,TXN104518,4002.53,captured,80.05,14.41,3908.07
2026-07-30,TXN104741,12932.57,captured,258.65,46.56,12627.36
2026-07-30,TXN104744,8625.76,captured,172.52,31.05,8422.19
2026-07-30,TXN104799,24028.18,captured,480.56,86.5,23461.12
2026-07-30,TXN104879,23905.01,captured,478.1,86.06,23340.85
2026-07-31,TXN100051,23687.16,captured,473.74,85.27,23128.15
2026-07-31,TXN100063,20245.18,captured,404.9,72.88,19767.4
2026-07-31,TXN100150,15398.47,captured,307.97,55.43,15035.07
2026-07-31,TXN100160,11416.72,captured,228.33,41.1,11147.29
2026-07-31,TXN100386,1958.19,captured,39.16,7.05,1911.98
2026-07-31,TXN100608,20449.0,captured,408.98,73.62,19966.4
2026-07-31,TXN101123,14795.94,captured,295.92,53.27,14446.75
2026-07-31,TXN101518,13846.31,captured,276.93,49.85,13519.53
2026-07-31,TXN101525,11839.68,captured,236.79,42.62,11560.27
2026-07-31,TXN101739,11507.34,captured,230.15,41.43,11235.76
2026-07-31,TXN101773,19992.18,captured,399.84,71.97,19520.37
2026-07-31,TXN101894,7743.77,captured,154.88,27.88,7561.01
2026-07-31,TXN101985,12588.62,captured,251.77,45.32,12291.53
2026-07-31,TXN102162,23495.33,captured,469.91,84.58,22940.84
2026-07-31,TXN102192,14187.71,captured,283.75,51.07,13852.89
2026-07-31,TXN102396,3188.44,captured,63.77,11.48,3113.19
2026-07-31,TXN102427,8730.61,captured,174.61,31.43,8524.57
2026-07-31,TXN102666,6072.96,captured,121.46,21.86,5929.64
2026-07-31,TXN102846,24675.73,captured,493.51,88.83,24093.39
2026-07-31,TXN102901,4736.93,captured,94.74,17.05,4625.14
2026-07-31,TXN103020,17749.58,captured,354.99,63.9,17330.69
2026-07-31,TXN103046,24744.22,captured,494.88,89.08,24160.26
2026-07-31,TXN103223,13527.01,captured,270.54,48.7,13207.77
2026-07-31,TXN103512,12671.0,captured,253.42,45.62,12371.96
2026-07-31,TXN103791,9068.29,captured,181.37,32.65,8854.27
2026-07-31,TXN103811,18823.42,captured,376.47,67.76,18379.19
2026-07-31,TXN103851,3753.44,captured,75.07,13.51,3664.86
2026-07-31,TXN103929,5615.67,captured,112.31,20.22,5483.14
2026-07-31,TXN103940,23267.86,captured,465.36,83.76,22718.74
2026-07-31,TXN104148,11771.5,captured,235.43,42.38,11493.69
2026-07-31,TXN104303,3721.18,captured,74.42,13.4,3633.36
2026-07-31,TXN104546,6390.66,captured,127.81,23.01,6239.84
2026-07-31,TXN104620,4612.16,captured,92.24,16.6,4503.32
2026-07-31,TXN104680,6528.26,captured,130.57,23.5,6374.19
2026-08-01,TXN100231,3117.95,captured,62.36,11.22,3044.37
2026-08-01,TXN100642,16368.31,captured,327.37,58.93,15982.01
2026-08-01,TXN100810,14681.43,captured,293.63,52.85,14334.95
2026-08-01,TXN100903,2225.09,captured,44.5,8.01,2172.58
2026-08-01,TXN101212,20057.51,captured,401.15,72.21,19584.15
2026-08-01,TXN101536,7700.38,captured,154.01,27.72,7518.65
2026-08-01,TXN101932,11070.62,captured,221.41,39.85,10809.36
2026-08-01,TXN102575,10969.14,captured,219.38,39.49,10710.27
2026-08-01,TXN102797,1152.34,captured,23.05,4.15,1125.14
2026-08-01,TXN102825,12284.3,captured,245.69,44.22,11994.39
2026-08-01,TXN103099,4116.48,captured,82.33,14.82,4019.33
2026-08-01,TXN103173,14783.05,captured,295.66,53.22,14434.17
2026-08-01,TXN103589,16052.25,captured,321.05,57.79,15673.41
2026-08-01,TXN104009,15575.96,captured,311.52,56.07,15208.37
2026-08-01,TXN104034,3175.24,captured,63.5,11.43,3100.31
2026-08-01,TXN104070,23554.91,captured,471.1,84.8,22999.01
2026-08-01,TXN104285,21729.16,captured,434.58,78.22,21216.36
2026-08-01,TXN104331,20329.41,captured,406.59,73.19,19849.63
2026-08-01,TXN104401,23009.84,captured,460.2,82.84,22466.8
2026-08-01,TXN104524,15313.1,captured,306.26,55.13,14951.71
2026-08-01,TXN104855,1973.56,captured,39.47,7.1,1926.99
2026-08-02,TXN100204,11782.38,captured,235.65,42.42,11504.31
2026-08-02,TXN100333,24194.39,captured,483.89,87.1,23623.4
2026-08-02,TXN100577,11771.72,captured,235.43,42.38,11493.91
2026-08-02,TXN100744,16584.32,captured,331.69,59.7,16192.93
2026-08-02,TXN101061,17701.26,captured,354.03,63.73,17283.5
2026-08-02,TXN101215,20115.94,captured,402.32,72.42,19641.2
2026-08-02,TXN101371,23497.63,captured,469.95,84.59,22943.09
2026-08-02,TXN101398,4513.0,captured,90.26,16.25,4406.49
2026-08-02,TXN101413,19802.02,captured,396.04,71.29,19334.69
2026-08-02,TXN101426,4714.37,captured,94.29,16.97,4603.11
2026-08-02,TXN101427,6568.31,captured,131.37,23.65,6413.29
2026-08-02,TXN101774,4138.04,captured,82.76,14.9,4040.38
2026-08-02,TXN102058,9485.99,captured,189.72,34.15,9262.12
2026-08-02,TXN102528,7050.58,captured,141.01,25.38,6884.19
2026-08-02,TXN102751,1967.58,captured,39.35,7.08,1921.15
2026-08-02,TXN102785,2076.91,captured,41.54,7.48,2027.89
2026-08-02,TXN103166,1428.31,captured,28.57,5.14,1394.6
2026-08-02,TXN103356,5878.01,captured,117.56,21.16,5739.29
2026-08-02,TXN103540,1587.87,captured,31.76,5.72,1550.39
2026-08-02,TXN103626,15248.9,captured,304.98,54.9,14889.02
2026-08-02,TXN103698,21050.98,captured,421.02,75.78,20554.18
2026-08-02,TXN103988,20745.52,captured,414.91,74.68,20255.93
2026-08-02,TXN104013,4632.07,captured,92.64,16.68,4522.75
2026-08-02,TXN104199,20614.3,captured,412.29,74.21,20127.8
2026-08-02,TXN104340,15358.68,captured,307.17,55.29,14996.22
2026-08-03,TXN100173,5719.71,captured,114.39,20.59,5584.73
2026-08-03,TXN100209,5539.36,captured,110.79,19.94,5408.63
2026-08-03,TXN100301,21847.86,captured,436.96,78.65,21332.25
2026-08-03,TXN101113,19059.48,captured,381.19,68.61,18609.68
2026-08-03,TXN101310,1383.14,captured,27.66,4.98,1350.5
2026-08-03,TXN101372,6024.22,captured,120.48,21.69,5882.05
2026-08-03,TXN101594,5032.93,captured,100.66,18.12,4914.15
2026-08-03,TXN102123,10476.26,captured,209.53,37.72,10229.01
2026-08-03,TXN102173,12931.94,captured,258.64,46.56,12626.74
2026-08-03,TXN102235,14127.68,captured,282.55,50.86,13794.27
2026-08-03,TXN102393,6028.07,captured,120.56,21.7,5885.81
2026-08-03,TXN102844,10184.08,captured,203.68,36.66,9943.74
2026-08-03,TXN103307,11006.75,captured,220.13,39.62,10747.0
2026-08-03,TXN103423,7420.02,captured,148.4,26.71,7244.91
2026-08-03,TXN103460,15704.5,captured,314.09,56.54,15333.87
2026-08-03,TXN103682,20402.56,captured,408.05,73.45,19921.06
2026-08-03,TXN103719,1344.44,captured,26.89,4.84,1312.71
2026-08-03,TXN103897,16449.29,captured,328.99,59.22,16061.08
2026-08-03,TXN104012,16314.9,captured,326.3,58.73,15929.87
2026-08-03,TXN104225,14148.57,captured,282.97,50.93,13814.67
2026-08-03,TXN104782,3376.71,captured,67.53,12.16,3297.02
2026-08-03,TXN104842,5207.96,captured,104.16,18.75,5085.05
2026-08-03,TXN104863,11005.18,captured,220.1,39.62,10745.46
2026-08-03,TXN104941,21925.37,captured,438.51,78.93,21407.93
2026-08-04,TXN100046,781.08,captured,15.62,2.81,762.65
2026-08-04,TXN100228,2833.91,captured,56.68,10.2,2767.03
2026-08-04,TXN100232,2129.83,captured,42.6,7.67,2079.56
2026-08-04,TXN100262,24235.66,captured,484.71,87.25,23663.7
2026-08-04,TXN100544,5244.41,captured,104.89,18.88,5120.64
2026-08-04,TXN101073,22403.47,captured,448.07,80.65,21874.75
2026-08-04,TXN101122,14972.88,captured,299.46,53.9,14619.52
2026-08-04,TXN101178,9173.5,captured,183.47,33.02,8957.01
2026-08-04,TXN101702,12004.02,captured,240.08,43.21,11720.73
2026-08-04,TXN101924,2978.23,captured,59.56,10.72,2907.95
2026-08-04,TXN102099,1343.15,captured,26.86,4.83,1311.46
2026-08-04,TXN102471,18373.41,captured,367.47,66.14,17939.8
2026-08-04,TXN102483,351.52,captured,7.03,1.27,343.22
2026-08-04,TXN102636,5468.17,captured,109.36,19.68,5339.13
2026-08-04,TXN102698,11667.05,captured,233.34,42.0,11391.71
2026-08-04,TXN102813,338.99,captured,6.78,1.22,330.99
2026-08-04,TXN103007,13888.05,captured,277.76,50.0,13560.29
2026-08-04,TXN103355,24415.83,captured,488.32,87.9,23839.61
2026-08-04,TXN103665,20862.86,captured,417.26,75.11,20370.49
2026-08-04,TXN103908,11668.19,captured,233.36,42.0,11392.83
2026-08-04,TXN103997,18886.81,captured,377.74,67.99,18441.08
2026-08-04,TXN104329,4952.0,captured,99.04,17.83,4835.13
2026-08-04,TXN104447,23681.12,captured,473.62,85.25,23122.25
2026-08-04,TXN104470,7256.54,captured,145.13,26.12,7085.29
2026-08-04,TXN104607,12160.34,captured,243.21,43.78,11873.35
2026-08-04,TXN104655,3187.96,captured,63.76,11.48,3112.72
2026-08-04,TXN104674,24432.23,captured,488.64,87.96,23855.63
2026-08-04,TXN104914,2956.2,captured,59.12,10.64,2886.44
2026-08-05,TXN100293,24131.16,captured,482.62,86.87,23561.67
2026-08-05,TXN100346,3168.18,captured,63.36,11.4,3093.42
2026-08-05,TXN100551,949.22,captured,18.98,3.42,926.82
2026-08-05,TXN100590,15058.71,captured,301.17,54.21,14703.33
2026-08-05,TXN100857,10405.62,captured,208.11,37.46,10160.05
2026-08-05,TXN100862,13878.24,captured,277.56,49.96,13550.72
2026-08-05,TXN101026,13690.48,captured,273.81,49.29,13367.38
2026-08-05,TXN101552,5664.55,captured,113.29,20.39,5530.87
2026-08-05,TXN101738,6175.6,captured,123.51,22.23,6029.86
2026-08-05,TXN102157,19128.16,captured,382.56,68.86,18676.74
2026-08-05,TXN102181,19880.47,captured,397.61,71.57,19411.29
2026-08-05,TXN102552,24192.22,captured,483.84,87.09,23621.29
2026-08-05,TXN102553,22641.34,captured,452.83,81.51,22107.0
2026-08-05,TXN102567,9228.35,captured,184.57,33.22,9010.56
2026-08-05,TXN102641,12001.83,captured,240.04,43.21,11718.58
2026-08-05,TXN102973,20266.17,captured,405.32,72.96,19787.89
2026-08-05,TXN103056,17211.95,captured,344.24,61.96,16805.75
2026-08-05,TXN103457,3669.15,captured,73.38,13.21,3582.56
2026-08-05,TXN103745,6524.99,captured,130.5,23.49,6371.0
2026-08-05,TXN104153,18793.36,captured,375.87,67.66,18349.83
2026-08-05,TXN104454,694.1,captured,13.88,2.5,677.72
2026-08-05,TXN104997,14069.21,captured,281.38,50.65,13737.18
2026-08-06,TXN100498,15039.45,captured,300.79,54.14,14684.52
2026-08-06,TXN100573,22258.22,captured,445.16,80.13,21732.93
2026-08-06,TXN100726,11810.3,captured,236.21,42.52,11531.57
2026-08-06,TXN100924,16060.63,captured,321.21,57.82,15681.6
2026-08-06,TXN100948,11543.39,captured,230.87,41.56,11270.96
2026-08-06,TXN100949,21526.19,captured,430.52,77.49,21018.18
2026-08-06,TXN101046,3773.89,captured,75.48,13.59,3684.82
2026-08-06,TXN101197,22785.81,captured,455.72,82.03,22248.06
2026-08-06,TXN101468,18506.67,captured,370.13,66.62,18069.92
2026-08-06,TXN101553,24949.7,captured,498.99,89.82,24360.89
2026-08-06,TXN101572,2557.62,captured,51.15,9.21,2497.26
2026-08-06,TXN101737,13724.48,captured,274.49,49.41,13400.58
2026-08-06,TXN102170,7179.4,captured,143.59,25.85,7009.96
2026-08-06,TXN102332,17019.64,captured,340.39,61.27,16617.98
2026-08-06,TXN102639,13116.64,captured,262.33,47.22,12807.09
2026-08-06,TXN103240,16328.12,captured,326.56,58.78,15942.78
2026-08-06,TXN103420,23202.66,captured,464.05,83.53,22655.08
2026-08-06,TXN104245,21459.17,captured,429.18,77.25,20952.74
2026-08-06,TXN104249,16095.03,captured,321.9,57.94,15715.19
2026-08-06,TXN104373,5259.47,captured,105.19,18.93,5135.35
2026-08-06,TXN104570,1877.78,captured,37.56,6.76,1833.46
2026-08-06,TXN104967,24725.05,captured,494.5,89.01,24141.54
2026-08-07,TXN100082,23008.86,captured,460.18,82.83,22465.85
2026-08-07,TXN100254,13637.54,captured,272.75,49.09,13315.7
2026-08-07,TXN100448,4026.27,captured,80.53,14.5,3931.24
2026-08-07,TXN100567,16132.39,captured,322.65,58.08,15751.66
2026-08-07,TXN100601,1294.3,captured,25.89,4.66,1263.75
2026-08-07,TXN100931,19247.62,captured,384.95,69.29,18793.38
2026-08-07,TXN101327,2921.55,captured,58.43,10.52,2852.6
2026-08-07,TXN101408,18883.86,captured,377.68,67.98,18438.2
2026-08-07,TXN101479,8878.04,captured,177.56,31.96,8668.52
2026-08-07,TXN101675,24179.75,captured,483.6,87.05,23609.1
2026-08-07,TXN101680,7114.19,captured,142.28,25.61,6946.3
2026-08-07,TXN101721,3095.34,captured,61.91,11.14,3022.29
2026-08-07,TXN102037,17101.6,captured,342.03,61.57,16698.0
2026-08-07,TXN102039,13309.06,captured,266.18,47.91,12994.97
2026-08-07,TXN102146,19585.81,captured,391.72,70.51,19123.58
2026-08-07,TXN102209,20342.99,captured,406.86,73.23,19862.9
2026-08-07,TXN102365,701.84,captured,14.04,2.53,685.27
2026-08-07,TXN102412,1089.66,captured,21.79,3.92,1063.95
2026-08-07,TXN102556,12502.08,captured,250.04,45.01,12207.03
2026-08-07,TXN103009,18232.07,captured,364.64,65.64,17801.79
2026-08-07,TXN103052,19834.86,captured,396.7,71.41,19366.75
2026-08-07,TXN103061,17781.52,captured,355.63,64.01,17361.88
2026-08-07,TXN103171,2794.77,captured,55.9,10.06,2728.81
2026-08-07,TXN103177,13052.63,captured,261.05,46.99,12744.59
2026-08-07,TXN103239,20530.57,captured,410.61,73.91,20046.05
2026-08-07,TXN103482,5506.27,captured,110.13,19.82,5376.32
2026-08-07,TXN103789,19072.18,captured,381.44,68.66,18622.08
2026-08-07,TXN103805,23062.63,captured,461.25,83.02,22518.36
2026-08-07,TXN103969,24973.07,captured,499.46,89.9,24383.71
2026-08-07,TXN103980,16142.07,captured,322.84,58.11,15761.12
2026-08-07,TXN104011,8063.12,captured,161.26,29.03,7872.83
2026-08-07,TXN104688,4776.46,captured,95.53,17.2,4663.73
2026-08-07,TXN104947,5282.32,captured,105.65,19.02,5157.65
2026-08-08,TXN100137,7939.33,captured,158.79,28.58,7751.96
2026-08-08,TXN100393,5554.65,captured,111.09,20.0,5423.56
2026-08-08,TXN100504,13987.55,captured,279.75,50.35,13657.45
2026-08-08,TXN100588,11593.6,captured,231.87,41.74,11319.99
2026-08-08,TXN100596,11423.75,captured,228.47,41.12,11154.16
2026-08-08,TXN100742,11563.44,captured,231.27,41.63,11290.54
2026-08-08,TXN101181,4473.92,captured,89.48,16.11,4368.33
2026-08-08,TXN101253,3625.51,captured,72.51,13.05,3539.95
2026-08-08,TXN101612,8636.57,captured,172.73,31.09,8432.75
2026-08-08,TXN102147,14384.81,captured,287.7,51.79,14045.32
2026-08-08,TXN102151,21327.03,captured,426.54,76.78,20823.71
2026-08-08,TXN102455,9055.49,captured,181.11,32.6,8841.78
2026-08-08,TXN102515,9810.7,captured,196.21,35.32,9579.17
2026-08-08,TXN102712,1402.49,captured,28.05,5.05,1369.39
2026-08-08,TXN102778,15352.04,captured,307.04,55.27,14989.73
2026-08-08,TXN103625,2188.16,captured,43.76,7.88,2136.52
2026-08-08,TXN103724,18136.19,captured,362.72,65.29,17708.18
2026-08-08,TXN103863,2964.03,captured,59.28,10.67,2894.08
2026-08-08,TXN103896,9784.56,captured,195.69,35.22,9553.65
2026-08-08,TXN104042,12237.01,captured,244.74,44.05,11948.22
2026-08-08,TXN104124,9188.5,captured,183.77,33.08,8971.65
2026-08-08,TXN104254,17595.64,captured,351.91,63.34,17180.39
2026-08-08,TXN104277,17796.34,captured,355.93,64.07,17376.34
2026-08-08,TXN104793,15506.25,captured,310.12,55.82,15140.31
2026-08-09,TXN100033,12489.84,captured,249.8,44.96,12195.08
2026-08-09,TXN100952,363.44,captured,7.27,1.31,354.86
2026-08-09,TXN101192,18053.53,captured,361.07,64.99,17627.47
2026-08-09,TXN101201,2153.69,captured,43.07,7.75,2102.87
2026-08-09,TXN101256,19592.71,captured,391.85,70.53,19130.33
2026-08-09,TXN101476,7222.59,captured,144.45,26.0,7052.14
2026-08-09,TXN101624,14041.18,captured,280.82,50.55,13709.81
2026-08-09,TXN101729,15418.19,captured,308.36,55.5,15054.33
2026-08-09,TXN101845,10283.68,captured,205.67,37.02,10040.99
2026-08-09,TXN102328,20617.52,captured,412.35,74.22,20130.95
2026-08-09,TXN102595,6630.27,captured,132.61,23.87,6473.79
2026-08-09,TXN102911,5855.9,captured,117.12,21.08,5717.7
2026-08-09,TXN102943,15242.13,captured,304.84,54.87,14882.42
2026-08-09,TXN103017,4915.45,captured,98.31,17.7,4799.44
2026-08-09,TXN103612,19651.64,captured,393.03,70.75,19187.86
2026-08-09,TXN103653,21148.42,captured,422.97,76.13,20649.32
2026-08-09,TXN104047,11921.51,captured,238.43,42.92,11640.16
2026-08-09,TXN104183,5113.49,captured,102.27,18.41,4992.81
2026-08-09,TXN104348,9459.35,captured,189.19,34.05,9236.11
2026-08-09,TXN104569,1679.72,captured,33.59,6.05,1640.08
2026-08-09,TXN104724,3891.44,captured,77.83,14.01,3799.6
2026-08-10,TXN100370,14963.55,captured,299.27,53.87,14610.41
2026-08-10,TXN100499,14503.67,captured,290.07,52.21,14161.39
2026-08-10,TXN100532,20087.07,captured,401.74,72.31,19613.02
2026-08-10,TXN100586,11830.33,captured,236.61,42.59,11551.13
2026-08-10,TXN100875,24641.56,captured,492.83,88.71,24060.02
2026-08-10,TXN101290,3248.04,captured,64.96,11.69,3171.39
2026-08-10,TXN101340,3818.64,captured,76.37,13.75,3728.52
2026-08-10,TXN101369,3767.16,captured,75.34,13.56,3678.26
2026-08-10,TXN101392,1268.01,captured,25.36,4.56,1238.09
2026-08-10,TXN101455,23930.72,captured,478.61,86.15,23365.96
2026-08-10,TXN102083,10042.26,captured,200.85,36.15,9805.26
2026-08-10,TXN102139,14951.45,captured,299.03,53.83,14598.59
2026-08-10,TXN102221,11494.75,captured,229.9,41.38,11223.47
2026-08-10,TXN102350,5236.82,captured,104.74,18.85,5113.23
2026-08-10,TXN102736,2959.79,captured,59.2,10.66,2889.93
2026-08-10,TXN102840,10504.23,captured,210.08,37.81,10256.34
2026-08-10,TXN102902,16357.42,captured,327.15,58.89,15971.38
2026-08-10,TXN102961,17916.6,captured,358.33,64.5,17493.77
2026-08-10,TXN103922,24512.58,captured,490.25,88.24,23934.09
2026-08-10,TXN103927,13617.19,captured,272.34,49.02,13295.83
2026-08-10,TXN104090,9524.82,captured,190.5,34.29,9300.03
2026-08-10,TXN104467,21384.58,captured,427.69,76.98,20879.91
2026-08-10,TXN104725,24749.71,captured,494.99,89.1,24165.62
2026-08-10,TXN104993,19463.8,captured,389.28,70.07,19004.45
2026-08-11,TXN100482,21323.8,captured,426.48,76.77,20820.55
2026-08-11,TXN100523,6888.0,captured,137.76,24.8,6725.44
2026-08-11,TXN100541,9858.59,captured,197.17,35.49,9625.93
2026-08-11,TXN100558,8809.52,captured,176.19,31.71,8601.62
2026-08-11,TXN100819,14082.44,captured,281.65,50.7,13750.09
2026-08-11,TXN100904,17095.57,captured,341.91,61.54,16692.12
2026-08-11,TXN101394,23968.49,captured,479.37,86.29,23402.83
2026-08-11,TXN101442,7364.36,captured,147.29,26.51,7190.56
2026-08-11,TXN101481,11663.74,captured,233.27,41.99,11388.48
2026-08-11,TXN101542,19184.1,captured,383.68,69.06,18731.36
2026-08-11,TXN102602,14785.07,captured,295.7,53.23,14436.14
2026-08-11,TXN102805,22775.74,captured,455.51,81.99,22238.24
2026-08-11,TXN103406,18286.92,captured,365.74,65.83,17855.35
2026-08-11,TXN103451,11667.45,captured,233.35,42.0,11392.1
2026-08-11,TXN103516,7666.21,captured,153.32,27.6,7485.29
2026-08-11,TXN103684,21471.77,captured,429.44,77.3,20965.03
2026-08-11,TXN103893,20905.54,captured,418.11,75.26,20412.17
2026-08-11,TXN104056,24534.51,captured,490.69,88.32,23955.5
2026-08-11,TXN104133,4147.23,captured,82.94,14.93,4049.36
2026-08-11,TXN104137,24142.91,captured,482.86,86.91,23573.14
2026-08-11,TXN104270,14648.12,captured,292.96,52.73,14302.43
2026-08-11,TXN104525,23600.45,captured,472.01,84.96,23043.48
2026-08-11,TXN104862,14764.84,captured,295.3,53.15,14416.39
2026-08-12,TXN100133,23161.71,captured,463.23,83.38,22615.1
2026-08-12,TXN100161,12269.55,captured,245.39,44.17,11979.99
2026-08-12,TXN100826,12228.27,captured,244.57,44.02,11939.68
2026-08-12,TXN100943,13075.4,captured,261.51,47.07,12766.82
2026-08-12,TXN101176,15030.34,captured,300.61,54.11,14675.62
2026-08-12,TXN101190,6968.44,captured,139.37,25.09,6803.98
2026-08-12,TXN101195,24336.06,captured,486.72,87.61,23761.73
2026-08-12,TXN101298,1983.96,captured,39.68,7.14,1937.14
2026-08-12,TXN101561,16750.39,captured,335.01,60.3,16355.08
2026-08-12,TXN101777,7693.79,captured,153.88,27.7,7512.21
2026-08-12,TXN101905,8633.94,captured,172.68,31.08,8430.18
2026-08-12,TXN102245,16706.16,captured,334.12,60.14,16311.9
2026-08-12,TXN102448,24800.52,captured,496.01,89.28,24215.23
2026-08-12,TXN102478,4086.62,captured,81.73,14.71,3990.18
2026-08-12,TXN102560,18303.8,captured,366.08,65.89,17871.83
2026-08-12,TXN102967,23559.42,captured,471.19,84.81,23003.42
2026-08-12,TXN103417,17635.34,captured,352.71,63.49,17219.14
2026-08-12,TXN103677,8142.92,captured,162.86,29.31,7950.75
2026-08-12,TXN103754,18779.27,captured,375.59,67.61,18336.07
2026-08-12,TXN103780,14806.73,captured,296.13,53.3,14457.3
2026-08-12,TXN103984,24889.7,captured,497.79,89.6,24302.31
2026-08-12,TXN104001,7424.23,captured,148.48,26.73,7249.02
2026-08-12,TXN104457,22635.71,captured,452.71,81.49,22101.51
2026-08-12,TXN104835,9042.21,captured,180.84,32.55,8828.82
2026-08-12,TXN104859,9470.28,captured,189.41,34.09,9246.78
2026-08-13,TXN100452,13211.88,captured,264.24,47.56,12900.08
2026-08-13,TXN100502,24373.97,captured,487.48,87.75,23798.74
2026-08-13,TXN100503,13738.82,captured,274.78,49.46,13414.58
2026-08-13,TXN100555,10446.64,captured,208.93,37.61,10200.1
2026-08-13,TXN100947,1877.64,captured,37.55,6.76,1833.33
2026-08-13,TXN101116,22019.52,captured,440.39,79.27,21499.86
2026-08-13,TXN101649,6382.27,captured,127.65,22.98,6231.64
2026-08-13,TXN101758,14506.02,captured,290.12,52.22,14163.68
2026-08-13,TXN101792,7965.86,captured,159.32,28.68,7777.86
2026-08-13,TXN102127,21197.92,captured,423.96,76.31,20697.65
2026-08-13,TXN102246,6519.66,captured,130.39,23.47,6365.8
2026-08-13,TXN102468,10248.02,captured,204.96,36.89,10006.17
2026-08-13,TXN102981,22623.83,captured,452.48,81.45,22089.9
2026-08-13,TXN103027,7869.21,captured,157.38,28.33,7683.5
2026-08-13,TXN103090,3691.09,captured,73.82,13.29,3603.98
2026-08-13,TXN103399,12727.72,captured,254.55,45.82,12427.35
2026-08-13,TXN103483,9948.42,captured,198.97,35.81,9713.64
2026-08-13,TXN103718,2832.26,captured,56.65,10.2,2765.41
2026-08-13,TXN103757,12333.68,captured,246.67,44.4,12042.61
2026-08-13,TXN103919,14355.99,captured,287.12,51.68,14017.19
2026-08-13,TXN104019,22483.93,captured,449.68,80.94,21953.31
2026-08-13,TXN104575,10583.92,captured,211.68,38.1,10334.14
2026-08-13,TXN104704,22472.93,captured,449.46,80.9,21942.57
2026-08-13,TXN104792,8754.53,captured,175.09,31.52,8547.92
2026-08-13,TXN104834,11825.52,captured,236.51,42.57,11546.44
2026-08-14,TXN100045,22986.79,captured,459.74,82.75,22444.3
2026-08-14,TXN100052,21849.1,captured,436.98,78.66,21333.46
2026-08-14,TXN100637,5874.09,captured,117.48,21.15,5735.46
2026-08-14,TXN100712,3612.09,captured,72.24,13.0,3526.85
2026-08-14,TXN100746,18138.16,captured,362.76,65.3,17710.1
2026-08-14,TXN100911,14213.29,captured,284.27,51.17,13877.85
2026-08-14,TXN101016,9128.59,captured,182.57,32.86,8913.16
2026-08-14,TXN101171,5007.24,captured,100.14,18.03,4889.07
2026-08-14,TXN101254,18484.48,captured,369.69,66.54,18048.25
2026-08-14,TXN101887,21591.76,captured,431.84,77.73,21082.19
2026-08-14,TXN102217,12039.13,captured,240.78,43.34,11755.01
2026-08-14,TXN102313,10993.36,captured,219.87,39.58,10733.91
2026-08-14,TXN102430,10716.54,captured,214.33,38.58,10463.63
2026-08-14,TXN102838,7202.85,captured,144.06,25.93,7032.86
2026-08-14,TXN102918,12367.51,captured,247.35,44.52,12075.64
2026-08-14,TXN102954,8917.84,captured,178.36,32.1,8707.38
2026-08-14,TXN103112,8570.65,captured,171.41,30.85,8368.39
2026-08-14,TXN103354,6240.93,captured,124.82,22.47,6093.64
2026-08-14,TXN103689,16526.44,captured,330.53,59.5,16136.41
2026-08-14,TXN104052,11955.33,captured,239.11,43.04,11673.18
2026-08-14,TXN104081,20487.56,captured,409.75,73.75,20004.06
2026-08-14,TXN104188,4418.81,captured,88.38,15.91,4314.52
2026-08-14,TXN104387,7408.82,captured,148.18,26.67,7233.97
2026-08-14,TXN104412,5386.1,captured,107.72,19.39,5258.99
2026-08-14,TXN104832,20031.3,captured,400.63,72.11,19558.56
2026-08-14,TXN104949,9950.05,captured,199.0,35.82,9715.23
2026-08-15,TXN100022,18309.43,captured,366.19,65.91,17877.33
2026-08-15,TXN100050,19216.11,captured,384.32,69.18,18762.61
2026-08-15,TXN100607,12399.21,captured,247.98,44.64,12106.59
2026-08-15,TXN100622,8755.48,captured,175.11,31.52,8548.85
2026-08-15,TXN100691,9668.13,captured,193.36,34.8,9439.97
2026-08-15,TXN100745,13925.6,captured,278.51,50.13,13596.96
2026-08-15,TXN101530,7948.63,captured,158.97,28.61,7761.05
2026-08-15,TXN101544,20277.57,captured,405.55,73.0,19799.02
2026-08-15,TXN101782,21107.42,captured,422.15,75.99,20609.28
2026-08-15,TXN102040,17054.21,captured,341.08,61.39,16651.74
2026-08-15,TXN102372,742.51,captured,14.85,2.67,724.99
2026-08-15,TXN102680,9844.92,captured,196.9,35.44,9612.58
2026-08-15,TXN102859,15948.64,captured,318.97,57.41,15572.26
2026-08-15,TXN103127,12467.25,captured,249.34,44.88,12173.03
2026-08-15,TXN103204,22533.12,captured,450.66,81.12,22001.34
2026-08-15,TXN103577,11748.51,captured,234.97,42.29,11471.25
2026-08-15,TXN103903,19062.39,captured,381.25,68.62,18612.52
2026-08-15,TXN103943,17533.82,captured,350.68,63.12,17120.02
2026-08-15,TXN104022,21211.16,captured,424.22,76.36,20710.58
2026-08-15,TXN104109,15167.46,captured,303.35,54.6,14809.51
2026-08-15,TXN104187,9257.61,captured,185.15,33.33,9039.13
2026-08-15,TXN104745,13069.84,captured,261.4,47.05,12761.39
2026-08-15,TXN104820,3366.19,captured,67.32,12.12,3286.75
2026-08-15,TXN104982,11792.84,captured,235.86,42.45,11514.53
2026-08-16,TXN100287,12263.23,captured,245.26,44.15,11973.82
2026-08-16,TXN100347,3650.9,captured,73.02,13.14,3564.74
2026-08-16,TXN100634,6996.98,captured,139.94,25.19,6831.85
2026-08-16,TXN100669,20109.28,captured,402.19,72.39,19634.7
2026-08-16,TXN100688,10008.55,captured,200.17,36.03,9772.35
2026-08-16,TXN101082,17270.58,captured,345.41,62.17,16863.0
2026-08-16,TXN101313,13470.18,captured,269.4,48.49,13152.29
2026-08-16,TXN101316,20770.09,captured,415.4,74.77,20279.92
2026-08-16,TXN101337,13823.88,captured,276.48,49.77,13497.63
2026-08-16,TXN101359,5151.87,captured,103.04,18.55,5030.28
2026-08-16,TXN101423,10761.97,captured,215.24,38.74,10507.99
2026-08-16,TXN101503,4611.11,captured,92.22,16.6,4502.29
2026-08-16,TXN101588,20530.53,captured,410.61,73.91,20046.01
2026-08-16,TXN101775,22429.44,captured,448.59,80.75,21900.1
2026-08-16,TXN102150,406.92,captured,8.14,1.47,397.31
2026-08-16,TXN102382,5015.59,captured,100.31,18.06,4897.22
2026-08-16,TXN102447,8561.98,captured,171.24,30.82,8359.92
2026-08-16,TXN102633,7566.31,captured,151.33,27.24,7387.74
2026-08-16,TXN102690,10634.81,captured,212.7,38.29,10383.82
2026-08-16,TXN102916,4866.78,captured,97.34,17.52,4751.92
2026-08-16,TXN103075,16535.74,captured,330.71,59.53,16145.5
2026-08-16,TXN103707,5393.16,captured,107.86,19.41,5265.89
2026-08-16,TXN103713,5201.46,captured,104.03,18.73,5078.7
2026-08-16,TXN103714,10069.5,captured,201.39,36.25,9831.86
2026-08-16,TXN103986,3288.25,captured,65.77,11.84,3210.64
2026-08-16,TXN104149,11178.27,captured,223.57,40.24,10914.46
2026-08-16,TXN104291,17520.99,captured,350.42,63.08,17107.49
2026-08-16,TXN104316,5693.83,captured,113.88,20.5,5559.45
2026-08-16,TXN104321,22239.37,captured,444.79,80.06,21714.52
2026-08-16,TXN104402,22022.27,captured,440.45,79.28,21502.54
2026-08-16,TXN104550,5241.44,captured,104.83,18.87,5117.74
2026-08-16,TXN104676,19313.75,captured,386.28,69.53,18857.94
2026-08-17,TXN100468,20927.46,captured,418.55,75.34,20433.57
2026-08-17,TXN100769,8493.73,captured,169.87,30.58,8293.28
2026-08-17,TXN101065,6852.04,captured,137.04,24.67,6690.33
2026-08-17,TXN101268,17449.51,captured,348.99,62.82,17037.7
2026-08-17,TXN101278,1097.97,captured,21.96,3.95,1072.06
2026-08-17,TXN101364,11960.97,captured,239.22,43.06,11678.69
2026-08-17,TXN101473,23962.43,captured,479.25,86.27,23396.91
2026-08-17,TXN101531,5910.07,captured,118.2,21.28,5770.59
2026-08-17,TXN101639,14253.35,captured,285.07,51.31,13916.97
2026-08-17,TXN101687,3554.77,captured,71.1,12.8,3470.87
2026-08-17,TXN101947,16192.17,captured,323.84,58.29,15810.04
2026-08-17,TXN101982,12836.26,captured,256.73,46.21,12533.32
2026-08-17,TXN102183,8787.31,captured,175.75,31.63,8579.93
2026-08-17,TXN102497,14548.33,captured,290.97,52.37,14204.99
2026-08-17,TXN102507,4453.45,captured,89.07,16.03,4348.35
2026-08-17,TXN102738,10058.08,captured,201.16,36.21,9820.71
2026-08-17,TXN103664,13586.52,captured,271.73,48.91,13265.88
2026-08-17,TXN103709,792.02,captured,15.84,2.85,773.33
2026-08-17,TXN103911,6900.72,captured,138.01,24.84,6737.87
2026-08-17,TXN104491,14513.22,captured,290.26,52.25,14170.71
2026-08-17,TXN104754,13956.71,captured,279.13,50.24,13627.34
2026-08-17,TXN104905,10885.0,captured,217.7,39.19,10628.11
2026-08-18,TXN100003,2447.39,captured,48.95,8.81,2389.63
2026-08-18,TXN100288,9617.09,captured,192.34,34.62,9390.13
2026-08-18,TXN100516,11992.97,captured,239.86,43.17,11709.94
2026-08-18,TXN100651,13250.67,captured,265.01,47.7,12937.96
2026-08-18,TXN100764,14218.69,captured,284.37,51.19,13883.13
2026-08-18,TXN100804,4744.2,captured,94.88,17.08,4632.24
2026-08-18,TXN100865,5697.99,captured,113.96,20.51,5563.52
2026-08-18,TXN101054,9571.08,captured,191.42,34.46,9345.2
2026-08-18,TXN101332,7585.97,captured,151.72,27.31,7406.94
2026-08-18,TXN101378,14382.96,captured,287.66,51.78,14043.52
2026-08-18,TXN101581,8887.32,captured,177.75,31.99,8677.58
2026-08-18,TXN101662,13224.67,captured,264.49,47.61,12912.57
2026-08-18,TXN102184,736.46,captured,14.73,2.65,719.08
2026-08-18,TXN102655,16198.26,captured,323.97,58.31,15815.98
2026-08-18,TXN102661,22835.85,captured,456.72,82.21,22296.92
2026-08-18,TXN103045,15589.56,captured,311.79,56.12,15221.65
2026-08-18,TXN103294,423.86,captured,8.48,1.53,413.85
2026-08-18,TXN103736,17950.09,captured,359.0,64.62,17526.47
2026-08-18,TXN103812,20243.54,captured,404.87,72.88,19765.79
2026-08-18,TXN104080,19140.84,captured,382.82,68.91,18689.11
2026-08-18,TXN104177,3417.84,captured,68.36,12.3,3337.18
2026-08-18,TXN104508,24977.71,captured,499.55,89.92,24388.24
2026-08-18,TXN104652,1336.87,captured,26.74,4.81,1305.32
2026-08-18,TXN104705,2926.3,captured,58.53,10.54,2857.23
2026-08-18,TXN104712,9520.93,captured,190.42,34.28,9296.23
2026-08-18,TXN104965,23515.95,captured,470.32,84.66,22960.97
2026-08-19,TXN100159,11314.07,captured,226.28,40.73,11047.06
2026-08-19,TXN100218,8470.55,captured,169.41,30.49,8270.65
2026-08-19,TXN100266,1206.42,captured,24.13,4.34,1177.95
2026-08-19,TXN100640,24454.39,captured,489.09,88.04,23877.26
2026-08-19,TXN101007,12132.06,captured,242.64,43.68,11845.74
2026-08-19,TXN101067,21044.41,captured,420.89,75.76,20547.76
2026-08-19,TXN101344,11693.25,captured,233.87,42.1,11417.28
2026-08-19,TXN101730,9700.99,captured,194.02,34.92,9472.05
2026-08-19,TXN101741,7169.39,captured,143.39,25.81,7000.19
2026-08-19,TXN102647,2393.55,captured,47.87,8.62,2337.06
2026-08-19,TXN103048,17876.6,captured,357.53,64.36,17454.71
2026-08-19,TXN103185,21728.08,captured,434.56,78.22,21215.3
2026-08-19,TXN104174,11571.01,captured,231.42,41.66,11297.93
2026-08-19,TXN104388,24115.16,captured,482.3,86.81,23546.05
2026-08-19,TXN104520,7158.44,captured,143.17,25.77,6989.5
2026-08-19,TXN104585,1978.65,captured,39.57,7.12,1931.96
2026-08-19,TXN104656,23442.12,captured,468.84,84.39,22888.89
2026-08-19,TXN104765,14714.52,captured,294.29,52.97,14367.26
2026-08-19,TXN104833,13674.28,captured,273.49,49.23,13351.56
2026-08-20,TXN100037,21561.26,captured,431.23,77.62,21052.41
2026-08-20,TXN100100,4139.56,captured,82.79,14.9,4041.87
2026-08-20,TXN100361,5416.79,captured,108.34,19.5,5288.95
2026-08-20,TXN100559,16102.91,captured,322.06,57.97,15722.88
2026-08-20,TXN100757,12057.33,captured,241.15,43.41,11772.77
2026-08-20,TXN101094,8355.33,captured,167.11,30.08,8158.14
2026-08-20,TXN101265,15924.81,captured,318.5,57.33,15548.98
2026-08-20,TXN101335,21906.74,captured,438.13,78.86,21389.75
2026-08-20,TXN101861,20555.76,captured,411.12,74.0,20070.64
2026-08-20,TXN102191,17228.74,captured,344.57,62.02,16822.15
2026-08-20,TXN102260,9801.85,captured,196.04,35.29,9570.52
2026-08-20,TXN102519,24097.82,captured,481.96,86.75,23529.11
2026-08-20,TXN102621,6375.32,captured,127.51,22.95,6224.86
2026-08-20,TXN102667,19013.25,captured,380.26,68.45,18564.54
2026-08-20,TXN102683,4687.61,captured,93.75,16.88,4576.98
2026-08-20,TXN102709,3294.4,captured,65.89,11.86,3216.65
2026-08-20,TXN103135,24303.94,captured,486.08,87.49,23730.37
2026-08-20,TXN103244,14993.83,captured,299.88,53.98,14639.97
2026-08-20,TXN103533,12125.66,captured,242.51,43.65,11839.5
2026-08-20,TXN103635,17871.13,captured,357.42,64.34,17449.37
2026-08-20,TXN103662,21018.11,captured,420.36,75.66,20522.09
2026-08-20,TXN103847,20797.48,captured,415.95,74.87,20306.66
2026-08-20,TXN104280,20580.62,captured,411.61,74.09,20094.92
2026-08-20,TXN104462,1074.93,captured,21.5,3.87,1049.56
2026-08-20,TXN104638,13656.95,captured,273.14,49.17,13334.64
2026-08-21,TXN100078,16648.22,captured,332.96,59.93,16255.33
2026-08-21,TXN100213,19026.67,captured,380.53,68.5,18577.64
2026-08-21,TXN100235,19181.75,captured,383.63,69.05,18729.07
2026-08-21,TXN100337,9334.64,captured,186.69,33.6,9114.35
2026-08-21,TXN100783,14002.08,captured,280.04,50.41,13671.63
2026-08-21,TXN101225,22333.93,captured,446.68,80.4,21806.85
2026-08-21,TXN101576,19777.48,captured,395.55,71.2,19310.73
2026-08-21,TXN101608,18805.1,captured,376.1,67.7,18361.3
2026-08-21,TXN101778,13536.37,captured,270.73,48.73,13216.91
2026-08-21,TXN102286,16283.54,captured,325.67,58.62,15899.25
2026-08-21,TXN102520,16393.31,captured,327.87,59.02,16006.42
2026-08-21,TXN102525,11458.03,captured,229.16,41.25,11187.62
2026-08-21,TXN102533,24970.88,captured,499.42,89.9,24381.56
2026-08-21,TXN102616,3145.18,captured,62.9,11.32,3070.96
2026-08-21,TXN102671,1043.57,captured,20.87,3.76,1018.94
2026-08-21,TXN102922,11346.65,captured,226.93,40.85,11078.87
2026-08-21,TXN104243,19338.98,captured,386.78,69.62,18882.58
2026-08-21,TXN104310,1760.91,captured,35.22,6.34,1719.35
2026-08-21,TXN104591,9545.22,captured,190.9,34.36,9319.96
2026-08-21,TXN104880,13833.76,captured,276.68,49.8,13507.28
2026-08-22,TXN100114,22138.13,captured,442.76,79.7,21615.67
2026-08-22,TXN100342,8401.76,captured,168.04,30.25,8203.47
2026-08-22,TXN100389,14173.58,captured,283.47,51.02,13839.09
2026-08-22,TXN100580,2922.74,captured,58.45,10.52,2853.77
2026-08-22,TXN100620,8328.72,captured,166.57,29.98,8132.17
2026-08-22,TXN100711,10493.13,captured,209.86,37.77,10245.5
2026-08-22,TXN101138,16289.35,captured,325.79,58.64,15904.92
2026-08-22,TXN101647,5193.28,captured,103.87,18.7,5070.71
2026-08-22,TXN101804,12997.3,captured,259.95,46.79,12690.56
2026-08-22,TXN102126,15451.68,captured,309.03,55.63,15087.02
2026-08-22,TXN102310,1315.79,captured,26.32,4.74,1284.73
2026-08-22,TXN102325,12284.43,captured,245.69,44.22,11994.52
2026-08-22,TXN102414,5835.16,captured,116.7,21.01,5697.45
2026-08-22,TXN102563,22112.62,captured,442.25,79.61,21590.76
2026-08-22,TXN102737,15781.62,captured,315.63,56.81,15409.18
2026-08-22,TXN103049,24385.62,captured,487.71,87.79,23810.12
2026-08-22,TXN103058,19550.49,captured,391.01,70.38,19089.1
2026-08-22,TXN103323,7167.8,captured,143.36,25.8,6998.64
2026-08-22,TXN103429,4129.41,captured,82.59,14.87,4031.95
2026-08-22,TXN103445,952.63,captured,19.05,3.43,930.15
2026-08-22,TXN103513,21379.51,captured,427.59,76.97,20874.95
2026-08-22,TXN103733,7180.38,captured,143.61,25.85,7010.92
2026-08-22,TXN103749,19928.99,captured,398.58,71.74,19458.67
2026-08-22,TXN103777,13663.12,captured,273.26,49.19,13340.67
2026-08-22,TXN103795,11208.68,captured,224.17,40.35,10944.16
2026-08-22,TXN103800,21944.48,captured,438.89,79.0,21426.59
2026-08-22,TXN104067,18553.72,captured,371.07,66.79,18115.86
2026-08-22,TXN104255,13594.88,captured,271.9,48.94,13274.04
2026-08-22,TXN104284,11377.17,captured,227.54,40.96,11108.67
2026-08-22,TXN104548,3909.17,captured,78.18,14.07,3816.92
2026-08-23,TXN100197,19631.09,captured,392.62,70.67,19167.8
2026-08-23,TXN100360,5368.58,captured,107.37,19.33,5241.88
2026-08-23,TXN100569,1317.5,captured,26.35,4.74,1286.41
2026-08-23,TXN100729,21642.9,captured,432.86,77.91,21132.13
2026-08-23,TXN100891,21354.84,captured,427.1,76.88,20850.86
2026-08-23,TXN101351,14301.49,captured,286.03,51.49,13963.97
2026-08-23,TXN101370,23733.18,captured,474.66,85.44,23173.08
2026-08-23,TXN101395,16049.28,captured,320.99,57.78,15670.51
2026-08-23,TXN101529,11043.94,captured,220.88,39.76,10783.3
2026-08-23,TXN101731,21821.24,captured,436.42,78.56,21306.26
2026-08-23,TXN101877,6732.95,captured,134.66,24.24,6574.05
2026-08-23,TXN102074,18295.03,captured,365.9,65.86,17863.27
2026-08-23,TXN102108,11070.89,captured,221.42,39.86,10809.61
2026-08-23,TXN102226,18247.39,captured,364.95,65.69,17816.75
2026-08-23,TXN102459,17951.78,captured,359.04,64.63,17528.11
2026-08-23,TXN102608,24087.7,captured,481.75,86.72,23519.23
2026-08-23,TXN103530,22636.8,captured,452.74,81.49,22102.57
2026-08-23,TXN103652,13086.64,captured,261.73,47.11,12777.8
2026-08-23,TXN104186,21540.18,captured,430.8,77.54,21031.84
2026-08-23,TXN104334,14504.64,captured,290.09,52.22,14162.33
2026-08-23,TXN104633,20934.19,captured,418.68,75.36,20440.15
2026-08-23,TXN104689,9888.0,captured,197.76,35.6,9654.64
2026-08-24,TXN100027,21946.28,captured,438.93,79.01,21428.34
2026-08-24,TXN100048,23689.65,captured,473.79,85.28,23130.58
2026-08-24,TXN100086,6381.52,captured,127.63,22.97,6230.92
2026-08-24,TXN100141,7733.46,captured,154.67,27.84,7550.95
2026-08-24,TXN100406,15026.73,captured,300.53,54.1,14672.1
2026-08-24,TXN100536,1099.92,captured,22.0,3.96,1073.96
2026-08-24,TXN100649,15188.74,captured,303.77,54.68,14830.29
2026-08-24,TXN100762,12044.86,captured,240.9,43.36,11760.6
2026-08-24,TXN100768,20915.87,captured,418.32,75.3,20422.25
2026-08-24,TXN100978,1838.39,captured,36.77,6.62,1795.0
2026-08-24,TXN101044,1099.85,captured,22.0,3.96,1073.89
2026-08-24,TXN101098,14821.97,captured,296.44,53.36,14472.17
2026-08-24,TXN102097,18954.52,captured,379.09,68.24,18507.19
2026-08-24,TXN102204,13014.57,captured,260.29,46.85,12707.43
2026-08-24,TXN102291,3198.56,captured,63.97,11.51,3123.08
2026-08-24,TXN102340,3494.21,captured,69.88,12.58,3411.75
2026-08-24,TXN102498,13187.32,captured,263.75,47.48,12876.09
2026-08-24,TXN102521,10346.62,captured,206.93,37.25,10102.44
2026-08-24,TXN103165,14250.48,captured,285.01,51.3,13914.17
2026-08-24,TXN103578,19294.61,captured,385.89,69.46,18839.26
2026-08-24,TXN103744,19086.37,captured,381.73,68.71,18635.93
2026-08-24,TXN104018,22843.75,captured,456.88,82.24,22304.63
2026-08-24,TXN104024,13216.84,captured,264.34,47.58,12904.92
2026-08-24,TXN104236,4764.22,captured,95.28,17.15,4651.79
2026-08-24,TXN104269,5048.31,captured,100.97,18.17,4929.17
2026-08-24,TXN104371,6759.03,captured,135.18,24.33,6599.52
2026-08-24,TXN104394,3255.16,captured,65.1,11.72,3178.34
2026-08-24,TXN104423,16774.74,captured,335.49,60.39,16378.86
2026-08-24,TXN104505,6782.2,captured,135.64,24.42,6622.14
2026-08-24,TXN104760,11639.26,captured,232.79,41.9,11364.57
2026-08-24,TXN104766,10686.18,captured,213.72,38.47,10433.99
2026-08-24,TXN104939,21742.91,captured,434.86,78.27,21229.78
2026-08-25,TXN100062,14532.43,captured,290.65,52.32,14189.46
2026-08-25,TXN100422,10289.25,captured,205.78,37.04,10046.43
2026-08-25,TXN100501,10589.22,captured,211.78,38.12,10339.32
2026-08-25,TXN100572,10589.69,captured,211.79,38.12,10339.78
2026-08-25,TXN100615,23720.67,captured,474.41,85.39,23160.87
2026-08-25,TXN100662,582.46,captured,11.65,2.1,568.71
2026-08-25,TXN100951,16950.77,captured,339.02,61.02,16550.73
2026-08-25,TXN101083,22076.85,captured,441.54,79.48,21555.83
2026-08-25,TXN101086,17035.11,captured,340.7,61.33,16633.08
2026-08-25,TXN101232,11368.04,captured,227.36,40.92,11099.76
2026-08-25,TXN101296,13888.96,captured,277.78,50.0,13561.18
2026-08-25,TXN101391,14930.99,captured,298.62,53.75,14578.62
2026-08-25,TXN101644,18709.28,captured,374.19,67.35,18267.74
2026-08-25,TXN101648,5143.65,captured,102.87,18.52,5022.26
2026-08-25,TXN101711,14967.0,captured,299.34,53.88,14613.78
2026-08-25,TXN101755,18324.29,captured,366.49,65.97,17891.83
2026-08-25,TXN101832,20967.68,captured,419.35,75.48,20472.85
2026-08-25,TXN102207,2713.82,captured,54.28,9.77,2649.77
2026-08-25,TXN102214,10230.08,captured,204.6,36.83,9988.65
2026-08-25,TXN102457,18500.41,captured,370.01,66.6,18063.8
2026-08-25,TXN102485,7949.64,captured,158.99,28.62,7762.03
2026-08-25,TXN102849,19686.09,captured,393.72,70.87,19221.5
2026-08-25,TXN102912,12143.61,captured,242.87,43.72,11857.02
2026-08-25,TXN103060,5679.85,captured,113.6,20.45,5545.8
2026-08-25,TXN103151,12696.25,captured,253.93,45.71,12396.61
2026-08-25,TXN103225,9911.71,captured,198.23,35.68,9677.8
2026-08-25,TXN103263,24822.88,captured,496.46,89.36,24237.06
2026-08-25,TXN103275,9745.4,captured,194.91,35.08,9515.41
2026-08-25,TXN103583,10046.65,captured,200.93,36.17,9809.55
2026-08-25,TXN103926,6746.1,captured,134.92,24.29,6586.89
2026-08-25,TXN103955,7446.92,captured,148.94,26.81,7271.17
2026-08-25,TXN104053,16895.61,captured,337.91,60.82,16496.88
2026-08-25,TXN104167,12175.18,captured,243.5,43.83,11887.85
2026-08-25,TXN104233,21626.26,captured,432.53,77.86,21115.87
2026-08-25,TXN104318,4670.13,captured,93.4,16.81,4559.92
2026-08-25,TXN104397,16226.32,captured,324.53,58.42,15843.37
2026-08-26,TXN100015,5049.53,captured,100.99,18.18,4930.36
2026-08-26,TXN100170,9695.41,captured,193.91,34.9,9466.6
2026-08-26,TXN100258,14801.94,captured,296.04,53.29,14452.61
2026-08-26,TXN100571,6837.0,captured,136.74,24.61,6675.65
2026-08-26,TXN100699,8176.92,captured,163.54,29.44,7983.94
2026-08-26,TXN100801,19614.77,captured,392.3,70.61,19151.86
2026-08-26,TXN101020,21208.68,captured,424.17,76.35,20708.16
2026-08-26,TXN101055,16378.95,captured,327.58,58.96,15992.41
2026-08-26,TXN101321,20594.0,captured,411.88,74.14,20107.98
2026-08-26,TXN101456,6478.49,captured,129.57,23.32,6325.6
2026-08-26,TXN101475,21758.59,captured,435.17,78.33,21245.09
2026-08-26,TXN101477,3467.67,captured,69.35,12.48,3385.84
2026-08-26,TXN101633,9724.19,captured,194.48,35.01,9494.7
2026-08-26,TXN101824,3446.63,captured,68.93,12.41,3365.29
2026-08-26,TXN101840,11344.85,captured,226.9,40.84,11077.11
2026-08-26,TXN101863,12604.48,captured,252.09,45.38,12307.01
2026-08-26,TXN101931,391.48,captured,7.83,1.41,382.24
2026-08-26,TXN102006,24262.36,captured,485.25,87.34,23689.77
2026-08-26,TXN102027,19923.63,captured,398.47,71.72,19453.44
2026-08-26,TXN102438,1727.9,captured,34.56,6.22,1687.12
2026-08-26,TXN102861,19228.53,captured,384.57,69.22,18774.74
2026-08-26,TXN102930,12413.94,captured,248.28,44.69,12120.97
2026-08-26,TXN103237,23891.08,captured,477.82,86.01,23327.25
2026-08-26,TXN103330,825.34,captured,16.51,2.97,805.86
2026-08-26,TXN103331,24702.48,captured,494.05,88.93,24119.5
2026-08-26,TXN103368,16315.06,captured,326.3,58.73,15930.03
2026-08-26,TXN103521,6262.54,captured,125.25,22.54,6114.75
2026-08-26,TXN103632,12506.75,captured,250.14,45.03,12211.58
2026-08-26,TXN103737,24387.21,captured,487.74,87.79,23811.68
2026-08-26,TXN103781,19367.87,captured,387.36,69.72,18910.79
2026-08-26,TXN104093,8543.69,captured,170.87,30.76,8342.06
2026-08-26,TXN104107,4069.34,captured,81.39,14.65,3973.3
2026-08-26,TXN104160,24694.78,captured,493.9,88.9,24111.98
2026-08-27,TXN100080,18472.71,captured,369.45,66.5,18036.76
2026-08-27,TXN100143,15284.54,captured,305.69,55.02,14923.83
2026-08-27,TXN100328,9312.07,captured,186.24,33.52,9092.31
2026-08-27,TXN100445,13991.61,captured,279.83,50.37,13661.41
2026-08-27,TXN100508,18459.12,captured,369.18,66.45,18023.49
2026-08-27,TXN100568,4108.6,captured,82.17,14.79,4011.64
2026-08-27,TXN100612,14567.57,captured,291.35,52.44,14223.78
2026-08-27,TXN101878,4476.26,captured,89.53,16.12,4370.61
2026-08-27,TXN101953,6054.75,captured,121.09,21.8,5911.86
2026-08-27,TXN102121,8985.25,captured,179.71,32.35,8773.19
2026-08-27,TXN102145,8891.56,captured,177.83,32.01,8681.72
2026-08-27,TXN102148,19152.13,captured,383.04,68.95,18700.14
2026-08-27,TXN103140,2122.13,captured,42.44,7.64,2072.05
2026-08-27,TXN103233,2706.92,captured,54.14,9.75,2643.03
2026-08-27,TXN103597,8138.16,captured,162.76,29.3,7946.1
2026-08-27,TXN103993,18913.37,captured,378.27,68.09,18467.01
2026-08-27,TXN104037,10914.96,captured,218.3,39.29,10657.37
2026-08-27,TXN104120,18195.6,captured,363.91,65.5,17766.19
2026-08-28,TXN100031,10882.32,captured,217.65,39.18,10625.49
2026-08-28,TXN100311,3835.01,captured,76.7,13.81,3744.5
2026-08-28,TXN100589,9016.51,captured,180.33,32.46,8803.72
2026-08-28,TXN101136,2827.11,captured,56.54,10.18,2760.39
2026-08-28,TXN101157,14633.73,captured,292.67,52.68,14288.38
2026-08-28,TXN101270,14394.76,captured,287.9,51.82,14055.04
2026-08-28,TXN101292,21196.55,captured,423.93,76.31,20696.31
2026-08-28,TXN101627,6471.47,captured,129.43,23.3,6318.74
2026-08-28,TXN101665,22679.2,captured,453.58,81.64,22143.98
2026-08-28,TXN102100,7806.69,captured,156.13,28.1,7622.46
2026-08-28,TXN102197,964.43,captured,19.29,3.47,941.67
2026-08-28,TXN102752,11388.12,captured,227.76,41.0,11119.36
2026-08-28,TXN102919,13612.85,captured,272.26,49.01,13291.58
2026-08-28,TXN103076,2929.14,captured,58.58,10.54,2860.02
2026-08-28,TXN103431,22981.02,captured,459.62,82.73,22438.67
2026-08-28,TXN103492,15551.63,captured,311.03,55.99,15184.61
2026-08-28,TXN103524,11933.17,captured,238.66,42.96,11651.55
2026-08-28,TXN103688,6097.48,captured,121.95,21.95,5953.58
2026-08-28,TXN103843,9826.31,captured,196.53,35.38,9594.4
2026-08-28,TXN103949,4418.34,captured,88.37,15.91,4314.06
2026-08-28,TXN104031,19113.51,captured,382.27,68.81,18662.43
2026-08-28,TXN104204,23625.23,captured,472.5,85.05,23067.68
2026-08-28,TXN104223,12525.91,captured,250.52,45.09,12230.3
2026-08-28,TXN104699,21184.8,captured,423.7,76.27,20684.83
2026-08-28,TXN104806,16231.72,captured,324.63,58.43,15848.66
2026-08-29,TXN100057,13981.86,captured,279.64,50.34,13651.88
2026-08-29,TXN100222,24422.19,captured,488.44,87.92,23845.83
2026-08-29,TXN100238,24753.77,captured,495.08,89.11,24169.58
2026-08-29,TXN100349,18634.04,captured,372.68,67.08,18194.28
2026-08-29,TXN100636,6210.27,captured,124.21,22.36,6063.7
2026-08-29,TXN101040,20417.02,captured,408.34,73.5,19935.18
2026-08-29,TXN101080,5919.57,captured,118.39,21.31,5779.87
2026-08-29,TXN101287,13801.39,captured,276.03,49.69,13475.67
2026-08-29,TXN101366,18410.7,captured,368.21,66.28,17976.21
2026-08-29,TXN101414,20174.14,captured,403.48,72.63,19698.03
2026-08-29,TXN101513,13167.11,captured,263.34,47.4,12856.37
2026-08-29,TXN102092,15069.01,captured,301.38,54.25,14713.38
2026-08-29,TXN102252,1681.36,captured,33.63,6.05,1641.68
2026-08-29,TXN102400,22754.03,captured,455.08,81.91,22217.04
2026-08-29,TXN102953,20587.18,captured,411.74,74.11,20101.33
2026-08-29,TXN103039,13362.89,captured,267.26,48.11,13047.52
2026-08-29,TXN103306,7996.15,captured,159.92,28.79,7807.44
2026-08-29,TXN103473,12476.21,captured,249.52,44.91,12181.78
2026-08-29,TXN103650,7198.7,captured,143.97,25.91,7028.82
2026-08-29,TXN103727,19877.71,captured,397.55,71.56,19408.6
2026-08-29,TXN104078,7681.73,captured,153.63,27.65,7500.45
2026-08-29,TXN104343,18771.93,captured,375.44,67.58,18328.91
2026-08-29,TXN104503,19353.24,captured,387.06,69.67,18896.51
2026-08-29,TXN104509,4512.66,captured,90.25,16.25,4406.16
2026-08-29,TXN104677,15619.72,captured,312.39,56.23,15251.1
2026-08-29,TXN104883,13145.19,captured,262.9,47.32,12834.97
2026-08-29,TXN104995,18769.04,captured,375.38,67.57,18326.09
2026-08-30,TXN100177,14240.48,captured,284.81,51.27,13904.4
2026-08-30,TXN100194,17358.18,captured,347.16,62.49,16948.53
2026-08-30,TXN100205,6929.37,captured,138.59,24.95,6765.83
2026-08-30,TXN100294,8500.27,captured,170.01,30.6,8299.66
2026-08-30,TXN100606,8608.42,captured,172.17,30.99,8405.26
2026-08-30,TXN100703,22028.93,captured,440.58,79.3,21509.05
2026-08-30,TXN100846,2393.37,captured,47.87,8.62,2336.88
2026-08-30,TXN101724,22446.45,captured,448.93,80.81,21916.71
2026-08-30,TXN102201,2398.06,captured,47.96,8.63,2341.47
2026-08-30,TXN102216,8619.9,captured,172.4,31.03,8416.47
2026-08-30,TXN102392,18197.97,captured,363.96,65.51,17768.5
2026-08-30,TXN102913,4773.09,captured,95.46,17.18,4660.45
2026-08-30,TXN102960,3451.03,captured,69.02,12.42,3369.59
2026-08-30,TXN103425,3348.86,captured,66.98,12.06,3269.82
2026-08-30,TXN103573,5648.64,captured,112.97,20.33,5515.34
2026-08-30,TXN103610,930.72,captured,18.61,3.35,908.76
2026-08-30,TXN103742,6474.24,captured,129.48,23.31,6321.45
2026-08-30,TXN103778,4064.82,captured,81.3,14.63,3968.89
2026-08-30,TXN103905,6668.56,captured,133.37,24.01,6511.18
2026-08-30,TXN104228,21003.68,captured,420.07,75.61,20508.0
2026-08-30,TXN104332,2739.88,captured,54.8,9.86,2675.22
2026-08-30,TXN104844,19825.95,captured,396.52,71.37,19358.06
2026-08-30,TXN104903,9608.14,captured,192.16,34.59,9381.39
2026-08-30,TXN104950,15427.86,captured,308.56,55.54,15063.76
2026-08-30,TXN104958,5805.62,captured,116.11,20.9,5668.61
2026-08-31,TXN100036,24904.2,captured,498.08,89.65,24316.47
2026-08-31,TXN100363,370.04,captured,7.4,1.33,361.31
2026-08-31,TXN100785,15071.68,captured,301.43,54.26,14715.99
2026-08-31,TXN100813,16063.06,captured,321.26,57.83,15683.97
2026-08-31,TXN100873,13607.58,captured,272.15,48.99,13286.44
2026-08-31,TXN101014,5709.8,captured,114.2,20.56,5575.04
2026-08-31,TXN101439,1719.34,captured,34.39,6.19,1678.76
2026-08-31,TXN101537,6011.02,captured,120.22,21.64,5869.16
2026-08-31,TXN101632,16163.69,captured,323.27,58.19,15782.23
2026-08-31,TXN101653,16488.62,captured,329.77,59.36,16099.49
2026-08-31,TXN101674,13429.55,captured,268.59,48.35,13112.61
2026-08-31,TXN101797,21835.31,captured,436.71,78.61,21319.99
2026-08-31,TXN101833,11733.84,captured,234.68,42.24,11456.92
2026-08-31,TXN102514,14774.92,captured,295.5,53.19,14426.23
2026-08-31,TXN102782,13568.78,captured,271.38,48.85,13248.55
2026-08-31,TXN102959,22085.92,captured,441.72,79.51,21564.69
2026-08-31,TXN103014,18514.56,captured,370.29,66.65,18077.62
2026-08-31,TXN103226,5204.43,captured,104.09,18.74,5081.6
2026-08-31,TXN103308,18752.86,captured,375.06,67.51,18310.29
2026-08-31,TXN103387,7413.07,captured,148.26,26.69,7238.12
2026-08-31,TXN103395,8997.95,captured,179.96,32.39,8785.6
2026-08-31,TXN103405,12263.56,captured,245.27,44.15,11974.14
2026-08-31,TXN103435,7975.17,captured,159.5,28.71,7786.96
2026-08-31,TXN104000,1182.89,captured,23.66,4.26,1154.97
2026-08-31,TXN104884,19523.91,captured,390.48,70.29,19063.14
2026-09-01,TXN100255,1284.56,captured,25.69,4.62,1254.25
2026-09-01,TXN100392,8017.49,captured,160.35,28.86,7828.28
2026-09-01,TXN100414,1653.11,captured,33.06,5.95,1614.1
2026-09-01,TXN100918,15120.19,captured,302.4,54.43,14763.36
2026-09-01,TXN101143,10281.23,captured,205.62,37.01,10038.6
2026-09-01,TXN101399,3824.99,captured,76.5,13.77,3734.72
2026-09-01,TXN101407,1264.2,captured,25.28,4.55,1234.37
2026-09-01,TXN101443,12910.53,captured,258.21,46.48,12605.84
2026-09-01,TXN101582,22887.51,captured,457.75,82.39,22347.37
2026-09-01,TXN101613,11242.4,captured,224.85,40.47,10977.08
2026-09-01,TXN101740,15122.52,captured,302.45,54.44,14765.63
2026-09-01,TXN101912,16060.65,captured,321.21,57.82,15681.62
2026-09-01,TXN102107,18715.47,captured,374.31,67.38,18273.78
2026-09-01,TXN102307,17826.28,captured,356.53,64.18,17405.57
2026-09-01,TXN102580,15603.29,captured,312.07,56.17,15235.05
2026-09-01,TXN102588,19750.63,captured,395.01,71.1,19284.52
2026-09-01,TXN102607,17402.62,captured,348.05,62.65,16991.92
2026-09-01,TXN102729,415.24,captured,8.3,1.49,405.45
2026-09-01,TXN102747,8311.55,captured,166.23,29.92,8115.4
2026-09-01,TXN102759,24717.22,captured,494.34,88.98,24133.9
2026-09-01,TXN103212,19422.88,captured,388.46,69.92,18964.5
2026-09-01,TXN103262,8141.53,captured,162.83,29.31,7949.39
2026-09-01,TXN103329,8373.81,captured,167.48,30.15,8176.18
2026-09-01,TXN103532,18560.45,captured,371.21,66.82,18122.42
2026-09-01,TXN103699,10476.47,captured,209.53,37.72,10229.22
2026-09-01,TXN103909,17253.77,captured,345.08,62.11,16846.58
2026-09-01,TXN103973,22122.76,captured,442.46,79.64,21600.66
2026-09-01,TXN104036,12334.6,captured,246.69,44.4,12043.51
2026-09-01,TXN104145,18146.31,captured,362.93,65.33,17718.05
2026-09-01,TXN104208,11936.4,captured,238.73,42.97,11654.7
2026-09-01,TXN104257,22893.02,captured,457.86,82.41,22352.75
2026-09-01,TXN104364,557.61,captured,11.15,2.01,544.45
2026-09-01,TXN104529,3496.87,captured,69.94,12.59,3414.34
2026-09-01,TXN104839,24869.45,captured,497.39,89.53,24282.53
2026-09-02,TXN100005,955.44,captured,19.11,3.44,932.89
2026-09-02,TXN100716,15192.17,captured,303.84,54.69,14833.64
2026-09-02,TXN101263,17590.35,captured,351.81,63.33,17175.21
2026-09-02,TXN101383,462.96,captured,9.26,1.67,452.03
2026-09-02,TXN102142,5373.41,captured,107.47,19.34,5246.6
2026-09-02,TXN102371,6705.15,captured,134.1,24.14,6546.91
2026-09-02,TXN102401,21380.31,captured,427.61,76.97,20875.73
2026-09-02,TXN102417,16836.3,captured,336.73,60.61,16438.96
2026-09-02,TXN102684,12368.75,captured,247.38,44.53,12076.84
2026-09-02,TXN102693,14504.76,captured,290.1,52.22,14162.44
2026-09-02,TXN103042,3272.75,captured,65.45,11.78,3195.52
2026-09-02,TXN103078,13906.68,captured,278.13,50.06,13578.49
2026-09-02,TXN103091,2763.33,captured,55.27,9.95,2698.11
2026-09-02,TXN103148,18852.98,captured,377.06,67.87,18408.05
2026-09-02,TXN103208,12311.49,captured,246.23,44.32,12020.94
2026-09-02,TXN103322,5540.73,captured,110.81,19.95,5409.97
2026-09-02,TXN103549,16483.66,captured,329.67,59.34,16094.65
2026-09-02,TXN103726,22998.67,captured,459.97,82.79,22455.91
2026-09-02,TXN103764,6505.61,captured,130.11,23.42,6352.08
2026-09-02,TXN104216,24005.44,captured,480.11,86.42,23438.91
2026-09-02,TXN104683,24604.81,captured,492.1,88.58,24024.13
2026-09-02,TXN104702,14200.44,captured,284.01,51.12,13865.31
2026-09-02,TXN104943,12535.33,captured,250.71,45.13,12239.49
2026-09-03,TXN100043,5213.1,captured,104.26,18.77,5090.07
2026-09-03,TXN100190,15299.01,captured,305.98,55.08,14937.95
2026-09-03,TXN100322,18705.75,captured,374.12,67.34,18264.29
2026-09-03,TXN100376,3963.85,captured,79.28,14.27,3870.3
2026-09-03,TXN100668,9528.53,captured,190.57,34.3,9303.66
2026-09-03,TXN101194,5233.81,captured,104.68,18.84,5110.29
2026-09-03,TXN101260,22922.98,captured,458.46,82.52,22382.0
2026-09-03,TXN101451,24087.51,captured,481.75,86.72,23519.04
2026-09-03,TXN102079,16140.42,captured,322.81,58.11,15759.5
2026-09-03,TXN102258,1159.79,captured,23.2,4.18,1132.41
2026-09-03,TXN102487,3580.4,captured,71.61,12.89,3495.9
2026-09-03,TXN102540,12070.27,captured,241.41,43.45,11785.41
2026-09-03,TXN102678,14474.8,captured,289.5,52.11,14133.19
2026-09-03,TXN102980,11381.71,captured,227.63,40.97,11113.11
2026-09-03,TXN103182,2152.46,captured,43.05,7.75,2101.66
2026-09-03,TXN103728,21524.79,captured,430.5,77.49,21016.8
2026-09-03,TXN103810,15916.33,captured,318.33,57.3,15540.7
2026-09-03,TXN103938,20726.28,captured,414.53,74.62,20237.13
2026-09-03,TXN103953,23735.83,captured,474.72,85.45,23175.66
2026-09-03,TXN104073,14777.02,captured,295.54,53.2,14428.28
2026-09-03,TXN104521,18176.11,captured,363.52,65.43,17747.16
2026-09-03,TXN104561,11497.34,captured,229.95,41.39,11226.0
2026-09-03,TXN104794,5375.1,captured,107.5,19.35,5248.25
2026-09-03,TXN104827,20906.71,captured,418.13,75.26,20413.32
2026-09-03,TXN104830,18936.49,captured,378.73,68.17,18489.59
2026-09-03,TXN104917,21354.17,captured,427.08,76.87,20850.22
2026-09-03,TXN104957,14425.87,captured,288.52,51.93,14085.42
2026-09-04,TXN100543,7353.75,captured,147.08,26.47,7180.2
2026-09-04,TXN100618,23036.87,captured,460.74,82.93,22493.2
2026-09-04,TXN100870,15929.43,captured,318.59,57.35,15553.49
2026-09-04,TXN101045,5756.11,captured,115.12,20.72,5620.27
2026-09-04,TXN101216,9679.84,captured,193.6,34.85,9451.39
2026-09-04,TXN101590,7293.29,captured,145.87,26.26,7121.16
2026-09-04,TXN101719,23000.11,captured,460.0,82.8,22457.31
2026-09-04,TXN101761,6048.22,captured,120.96,21.77,5905.49
2026-09-04,TXN101869,2484.62,captured,49.69,8.94,2425.99
2026-09-04,TXN101872,1603.52,captured,32.07,5.77,1565.68
2026-09-04,TXN101958,4516.03,captured,90.32,16.26,4409.45
2026-09-04,TXN102419,15358.5,captured,307.17,55.29,14996.04
2026-09-04,TXN102834,1713.87,captured,34.28,6.17,1673.42
2026-09-04,TXN103338,1462.7,captured,29.25,5.26,1428.19
2026-09-04,TXN103467,17128.62,captured,342.57,61.66,16724.39
2026-09-04,TXN103522,12651.16,captured,253.02,45.54,12352.6
2026-09-04,TXN104295,1608.38,captured,32.17,5.79,1570.42
2026-09-04,TXN104325,23023.98,captured,460.48,82.89,22480.61
2026-09-04,TXN104352,685.14,captured,13.7,2.47,668.97
2026-09-04,TXN104428,23345.6,captured,466.91,84.04,22794.65
2026-09-04,TXN104567,20951.01,captured,419.02,75.42,20456.57
2026-09-04,TXN104752,22296.59,captured,445.93,80.27,21770.39
2026-09-04,TXN104916,7325.79,captured,146.52,26.37,7152.9
2026-09-05,TXN100203,20262.52,captured,405.25,72.94,19784.33
2026-09-05,TXN100444,14973.77,captured,299.48,53.91,14620.38
2026-09-05,TXN100933,4071.21,captured,81.42,14.66,3975.13
2026-09-05,TXN101039,19738.7,captured,394.77,71.06,19272.87
2026-09-05,TXN101341,20918.28,captured,418.37,75.31,20424.6
2026-09-05,TXN101350,16587.73,captured,331.75,59.71,16196.27
2026-09-05,TXN101438,16507.53,captured,330.15,59.43,16117.95
2026-09-05,TXN101697,6891.51,captured,137.83,24.81,6728.87
2026-09-05,TXN101707,12401.59,captured,248.03,44.65,12108.91
2026-09-05,TXN101764,24974.98,captured,499.5,89.91,24385.57
2026-09-05,TXN101819,6673.9,captured,133.48,24.03,6516.39
2026-09-05,TXN101960,5748.14,captured,114.96,20.69,5612.49
2026-09-05,TXN102225,21363.53,captured,427.27,76.91,20859.35
2026-09-05,TXN103468,3342.95,captured,66.86,12.03,3264.06
2026-09-05,TXN103657,8064.87,captured,161.3,29.03,7874.54
2026-09-05,TXN103708,15385.56,captured,307.71,55.39,15022.46
2026-09-05,TXN103743,21000.34,captured,420.01,75.6,20504.73
2026-09-05,TXN103763,23814.29,captured,476.29,85.73,23252.27
2026-09-05,TXN103818,18515.1,captured,370.3,66.65,18078.15
2026-09-05,TXN103858,11574.21,captured,231.48,41.67,11301.06
2026-09-05,TXN103906,18272.43,captured,365.45,65.78,17841.2
2026-09-05,TXN104152,16810.27,captured,336.21,60.52,16413.54
2026-09-05,TXN104157,2899.14,captured,57.98,10.44,2830.72
2026-09-05,TXN104246,13594.4,captured,271.89,48.94,13273.57
2026-09-05,TXN104398,9853.15,captured,197.06,35.47,9620.62
2026-09-05,TXN104609,2949.36,captured,58.99,10.62,2879.75
2026-09-05,TXN104732,23749.88,captured,475.0,85.5,23189.38
2026-09-05,TXN104790,18842.15,captured,376.84,67.83,18397.48
2026-09-05,TXN104915,20970.19,captured,419.4,75.49,20475.3
2026-09-06,TXN100087,2324.99,captured,46.5,8.37,2270.12
2026-09-06,TXN100115,18812.1,captured,376.24,67.72,18368.14
2026-09-06,TXN100236,5874.47,captured,117.49,21.15,5735.83
2026-09-06,TXN100470,3536.91,captured,70.74,12.73,3453.44
2026-09-06,TXN100854,1624.2,captured,32.48,5.85,1585.87
2026-09-06,TXN101103,15333.79,captured,306.68,55.2,14971.91
2026-09-06,TXN101241,15118.79,captured,302.38,54.43,14761.98
2026-09-06,TXN101325,1861.97,captured,37.24,6.7,1818.03
2026-09-06,TXN101586,21463.68,captured,429.27,77.27,20957.14
2026-09-06,TXN101658,23190.22,captured,463.8,83.48,22642.94
2026-09-06,TXN101910,2570.95,captured,51.42,9.26,2510.27
2026-09-06,TXN101955,1431.3,captured,28.63,5.15,1397.52
2026-09-06,TXN102289,10893.91,captured,217.88,39.22,10636.81
2026-09-06,TXN102445,16405.32,captured,328.11,59.06,16018.15
2026-09-06,TXN102587,18873.49,captured,377.47,67.94,18428.08
2026-09-06,TXN102590,15594.99,captured,311.9,56.14,15226.95
2026-09-06,TXN102596,11282.22,captured,225.64,40.62,11015.96
2026-09-06,TXN102703,18411.13,captured,368.22,66.28,17976.63
2026-09-06,TXN103194,22953.36,captured,459.07,82.63,22411.66
2026-09-06,TXN103448,13718.76,captured,274.38,49.39,13394.99
2026-09-06,TXN103595,16502.66,captured,330.05,59.41,16113.2
2026-09-06,TXN103918,6329.29,captured,126.59,22.79,6179.91
2026-09-06,TXN103968,5837.56,captured,116.75,21.02,5699.79
2026-09-06,TXN104068,12722.7,captured,254.45,45.8,12422.45
2026-09-06,TXN104190,5888.56,captured,117.77,21.2,5749.59
2026-09-06,TXN104282,11115.41,captured,222.31,40.02,10853.08
2026-09-06,TXN104438,10419.09,captured,208.38,37.51,10173.2
2026-09-06,TXN104478,2038.45,captured,40.77,7.34,1990.34
2026-09-06,TXN104987,20168.07,captured,403.36,72.6,19692.11
2026-09-07,TXN100176,13492.85,captured,269.86,48.57,13174.42
2026-09-07,TXN100271,18984.15,captured,379.68,68.34,18536.13
2026-09-07,TXN100377,15937.0,captured,318.74,57.37,15560.89
2026-09-07,TXN100397,15455.26,captured,309.11,55.64,15090.51
2026-09-07,TXN100497,11590.71,captured,231.81,41.73,11317.17
2026-09-07,TXN100597,17105.85,captured,342.12,61.58,16702.15
2026-09-07,TXN101209,6927.24,captured,138.54,24.94,6763.76
2026-09-07,TXN101266,17945.3,captured,358.91,64.6,17521.79
2026-09-07,TXN101305,6322.53,captured,126.45,22.76,6173.32
2026-09-07,TXN101860,4741.0,captured,94.82,17.07,4629.11
2026-09-07,TXN102369,20253.5,captured,405.07,72.91,19775.52
2026-09-07,TXN102405,5418.05,captured,108.36,19.5,5290.19
2026-09-07,TXN102490,16713.21,captured,334.26,60.17,16318.78
2026-09-07,TXN102612,5564.52,captured,111.29,20.03,5433.2
2026-09-07,TXN102627,22077.1,captured,441.54,79.48,21556.08
2026-09-07,TXN102936,10723.77,captured,214.48,38.61,10470.68
2026-09-07,TXN103114,20493.79,captured,409.88,73.78,20010.13
2026-09-07,TXN103309,2956.71,captured,59.13,10.64,2886.94
2026-09-07,TXN103422,14086.08,captured,281.72,50.71,13753.65
2026-09-07,TXN103559,12309.33,captured,246.19,44.31,12018.83
2026-09-07,TXN103574,11021.68,captured,220.43,39.68,10761.57
2026-09-07,TXN103776,19244.62,captured,384.89,69.28,18790.45
2026-09-07,TXN104103,20757.1,captured,415.14,74.73,20267.23
2026-09-07,TXN104358,16812.76,captured,336.26,60.53,16415.97
2026-09-07,TXN104419,10479.31,captured,209.59,37.73,10231.99
2026-09-07,TXN104434,22758.37,captured,455.17,81.93,22221.27
2026-09-07,TXN104463,563.74,captured,11.27,2.03,550.44
2026-09-07,TXN104861,8365.65,captured,167.31,30.12,8168.22
2026-09-07,TXN104894,12184.99,captured,243.7,43.87,11897.42
2026-09-08,TXN100014,15577.44,captured,311.55,56.08,15209.81
2026-09-08,TXN100042,7671.59,captured,153.43,27.62,7490.54
2026-09-08,TXN100247,14867.8,captured,297.36,53.52,14516.92
2026-09-08,TXN100326,2699.95,captured,54.0,9.72,2636.23
2026-09-08,TXN100435,12504.69,captured,250.09,45.02,12209.58
2026-09-08,TXN100438,8108.63,captured,162.17,29.19,7917.27
2026-09-08,TXN100566,7779.77,captured,155.6,28.01,7596.16
2026-09-08,TXN100704,17065.13,captured,341.3,61.43,16662.4
2026-09-08,TXN100793,12546.32,captured,250.93,45.17,12250.22
2026-09-08,TXN100893,19662.08,captured,393.24,70.78,19198.06
2026-09-08,TXN101091,3952.59,captured,79.05,14.23,3859.31
2026-09-08,TXN101295,15505.53,captured,310.11,55.82,15139.6
2026-09-08,TXN101523,3422.37,captured,68.45,12.32,3341.6
2026-09-08,TXN101573,1783.29,captured,35.67,6.42,1741.2
2026-09-08,TXN101763,19979.29,captured,399.59,71.93,19507.77
2026-09-08,TXN101850,8157.74,captured,163.15,29.37,7965.22
2026-09-08,TXN101983,16585.38,captured,331.71,59.71,16193.96
2026-09-08,TXN102024,2046.26,captured,40.93,7.37,1997.96
2026-09-08,TXN102048,860.45,captured,17.21,3.1,840.14
2026-09-08,TXN102576,23396.0,captured,467.92,84.23,22843.85
2026-09-08,TXN103175,2604.28,captured,52.09,9.38,2542.81
2026-09-08,TXN103183,24861.79,captured,497.24,89.5,24275.05
2026-09-08,TXN103412,17066.4,captured,341.33,61.44,16663.63
2026-09-08,TXN103440,11690.51,captured,233.81,42.09,11414.61
2026-09-08,TXN104395,1169.32,captured,23.39,4.21,1141.72
2026-09-08,TXN104429,21935.14,captured,438.7,78.97,21417.47
2026-09-08,TXN104485,13374.54,captured,267.49,48.15,13058.9
2026-09-08,TXN104590,18683.07,captured,373.66,67.26,18242.15
2026-09-08,TXN104601,5976.31,captured,119.53,21.52,5835.26
2026-09-08,TXN104955,24137.62,captured,482.75,86.89,23567.98
2026-09-09,TXN100455,16288.44,captured,325.77,58.64,15904.03
2026-09-09,TXN100881,6937.31,captured,138.75,24.97,6773.59
2026-09-09,TXN101164,24670.02,captured,493.4,88.81,24087.81
2026-09-09,TXN101361,1070.5,captured,21.41,3.85,1045.24
2026-09-09,TXN101494,13070.07,captured,261.4,47.05,12761.62
2026-09-09,TXN101498,2678.66,captured,53.57,9.64,2615.45
2026-09-09,TXN101716,24076.03,captured,481.52,86.67,23507.84
2026-09-09,TXN101760,12594.21,captured,251.88,45.34,12296.99
2026-09-09,TXN101812,20953.51,captured,419.07,75.43,20459.01
2026-09-09,TXN101937,24926.29,captured,498.53,89.74,24338.02
2026-09-09,TXN101969,15427.31,captured,308.55,55.54,15063.22
2026-09-09,TXN102275,11252.1,captured,225.04,40.51,10986.55
2026-09-09,TXN102389,21236.45,captured,424.73,76.45,20735.27
2026-09-09,TXN102530,5555.03,captured,111.1,20.0,5423.93
2026-09-09,TXN102767,449.25,captured,8.98,1.62,438.65
2026-09-09,TXN102798,17752.01,captured,355.04,63.91,17333.06
2026-09-09,TXN103080,20251.0,captured,405.02,72.9,19773.08
2026-09-09,TXN103311,20537.74,captured,410.75,73.94,20053.05
2026-09-09,TXN103617,13841.36,captured,276.83,49.83,13514.7
2026-09-09,TXN103740,24402.69,captured,488.05,87.85,23826.79
2026-09-09,TXN103842,17269.88,captured,345.4,62.17,16862.31
2026-09-09,TXN103991,16345.86,captured,326.92,58.85,15960.09
2026-09-09,TXN104164,1486.06,captured,29.72,5.35,1450.99
2026-09-09,TXN104527,4217.48,captured,84.35,15.18,4117.95
2026-09-09,TXN104991,8979.15,captured,179.58,32.32,8767.25
2026-09-10,TXN100102,21366.95,captured,427.34,76.92,20862.69
2026-09-10,TXN100201,22321.9,captured,446.44,80.36,21795.1
2026-09-10,TXN100430,3116.46,captured,62.33,11.22,3042.91
2026-09-10,TXN100437,24667.34,captured,493.35,88.8,24085.19
2026-09-10,TXN100565,23921.89,captured,478.44,86.12,23357.33
2026-09-10,TXN100936,19151.64,captured,383.03,68.95,18699.66
2026-09-10,TXN101251,20985.42,captured,419.71,75.55,20490.16
2026-09-10,TXN101434,430.68,captured,8.61,1.55,420.52
2026-09-10,TXN101838,20303.03,captured,406.06,73.09,19823.88
2026-09-10,TXN101871,13618.17,captured,272.36,49.02,13296.79
2026-09-10,TXN102103,11971.77,captured,239.44,43.1,11689.23
2026-09-10,TXN102114,22828.98,captured,456.58,82.18,22290.22
2026-09-10,TXN102320,20016.04,captured,400.32,72.06,19543.66
2026-09-10,TXN102470,10758.53,captured,215.17,38.73,10504.63
2026-09-10,TXN102488,11685.12,captured,233.7,42.07,11409.35
2026-09-10,TXN102522,12660.68,captured,253.21,45.58,12361.89
2026-09-10,TXN102536,6755.61,captured,135.11,24.32,6596.18
2026-09-10,TXN102941,17511.03,captured,350.22,63.04,17097.77
2026-09-10,TXN103023,3973.53,captured,79.47,14.3,3879.76
2026-09-10,TXN103246,7296.23,captured,145.92,26.27,7124.04
2026-09-10,TXN103250,11269.35,captured,225.39,40.57,11003.39
2026-09-10,TXN103679,15793.94,captured,315.88,56.86,15421.2
2026-09-10,TXN103705,20517.56,captured,410.35,73.86,20033.35
2026-09-10,TXN103899,3164.17,captured,63.28,11.39,3089.5
2026-09-10,TXN103913,1179.69,captured,23.59,4.25,1151.85
2026-09-10,TXN103939,15002.2,captured,300.04,54.01,14648.15
2026-09-10,TXN103960,8149.04,captured,162.98,29.34,7956.72
2026-09-10,TXN104039,15476.01,captured,309.52,55.71,15110.78
2026-09-10,TXN104583,16855.5,captured,337.11,60.68,16457.71
2026-09-10,TXN104673,15485.64,captured,309.71,55.75,15120.18
2026-09-10,TXN104722,15787.64,captured,315.75,56.84,15415.05
2026-09-10,TXN104757,20810.61,captured,416.21,74.92,20319.48
2026-09-11,TXN100001,3049.88,captured,61.0,10.98,2977.9
2026-09-11,TXN100106,24501.01,captured,490.02,88.2,23922.79
2026-09-11,TXN100340,23525.21,captured,470.5,84.69,22970.02
2026-09-11,TXN100358,15049.51,captured,300.99,54.18,14694.34
2026-09-11,TXN100743,16768.84,captured,335.38,60.37,16373.09
2026-09-11,TXN100842,8041.08,captured,160.82,28.95,7851.31
2026-09-11,TXN100977,20553.08,captured,411.06,73.99,20068.03
2026-09-11,TXN101037,24028.35,captured,480.57,86.5,23461.28
2026-09-11,TXN101183,6617.99,captured,132.36,23.82,6461.81
2026-09-11,TXN101237,7823.57,captured,156.47,28.16,7638.94
2026-09-11,TXN101546,11546.97,captured,230.94,41.57,11274.46
2026-09-11,TXN101585,12797.16,captured,255.94,46.07,12495.15
2026-09-11,TXN101891,4431.9,captured,88.64,15.96,4327.3
2026-09-11,TXN101929,321.43,captured,6.43,1.16,313.84
2026-09-11,TXN102005,23833.18,captured,476.66,85.8,23270.72
2026-09-11,TXN102611,5808.72,captured,116.17,20.91,5671.64
2026-09-11,TXN102642,23053.28,captured,461.07,82.99,22509.22
2026-09-11,TXN102713,17453.8,captured,349.08,62.83,17041.89
2026-09-11,TXN102841,23951.41,captured,479.03,86.23,23386.15
2026-09-11,TXN102948,2497.66,captured,49.95,8.99,2438.72
2026-09-11,TXN102963,24370.15,captured,487.4,87.73,23795.02
2026-09-11,TXN103065,3959.05,captured,79.18,14.25,3865.62
2026-09-11,TXN103281,24624.51,captured,492.49,88.65,24043.37
2026-09-11,TXN103353,11335.46,captured,226.71,40.81,11067.94
2026-09-11,TXN103411,2965.91,captured,59.32,10.68,2895.91
2026-09-11,TXN103458,21350.72,captured,427.01,76.86,20846.85
2026-09-11,TXN103921,20368.17,captured,407.36,73.32,19887.49
2026-09-11,TXN103923,18806.89,captured,376.14,67.71,18363.04
2026-09-11,TXN104150,317.82,captured,6.36,1.14,310.32
2026-09-11,TXN104220,12843.24,captured,256.86,46.23,12540.15
2026-09-11,TXN104639,8865.66,captured,177.31,31.92,8656.43
2026-09-11,TXN104665,2685.7,captured,53.71,9.67,2622.32
2026-09-11,TXN104850,23091.84,captured,461.84,83.13,22546.87
2026-09-11,TXN104966,19763.45,captured,395.27,71.15,19297.03
2026-09-12,TXN100029,11633.64,captured,232.67,41.88,11359.09
2026-09-12,TXN100178,10886.74,captured,217.73,39.19,10629.82
2026-09-12,TXN100510,4624.7,captured,92.49,16.65,4515.56
2026-09-12,TXN100557,2131.88,captured,42.64,7.68,2081.56
2026-09-12,TXN100574,23929.26,captured,478.59,86.15,23364.52
2026-09-12,TXN100735,18567.97,captured,371.36,66.84,18129.77
2026-09-12,TXN100738,23943.75,captured,478.88,86.2,23378.67
2026-09-12,TXN100937,1933.04,captured,38.66,6.96,1887.42
2026-09-12,TXN101074,13739.91,captured,274.8,49.46,13415.65
2026-09-12,TXN101385,7235.99,captured,144.72,26.05,7065.22
2026-09-12,TXN101595,20956.6,captured,419.13,75.44,20462.03
2026-09-12,TXN102171,23597.66,captured,471.95,84.95,23040.76
2026-09-12,TXN102268,10335.33,captured,206.71,37.21,10091.41
2026-09-12,TXN102341,7288.96,captured,145.78,26.24,7116.94
2026-09-12,TXN102727,16664.74,captured,333.29,59.99,16271.46
2026-09-12,TXN102803,17876.75,captured,357.54,64.36,17454.85
2026-09-12,TXN102862,8777.68,captured,175.55,31.6,8570.53
2026-09-12,TXN102989,13033.57,captured,260.67,46.92,12725.98
2026-09-12,TXN103157,10305.97,captured,206.12,37.1,10062.75
2026-09-12,TXN104737,1286.73,captured,25.73,4.63,1256.37
2026-09-13,TXN100021,2063.64,captured,41.27,7.43,2014.94
2026-09-13,TXN100199,8728.41,captured,174.57,31.42,8522.42
2026-09-13,TXN100249,3980.04,captured,79.6,14.33,3886.11
2026-09-13,TXN100343,1861.46,captured,37.23,6.7,1817.53
2026-09-13,TXN100355,9159.24,captured,183.18,32.97,8943.09
2026-09-13,TXN100432,20431.41,captured,408.63,73.55,19949.23
2026-09-13,TXN100443,21646.98,captured,432.94,77.93,21136.11
2026-09-13,TXN100463,16860.26,captured,337.21,60.7,16462.35
2026-09-13,TXN100517,5020.25,captured,100.41,18.07,4901.77
2026-09-13,TXN100535,9348.31,captured,186.97,33.65,9127.69
2026-09-13,TXN100815,15433.14,captured,308.66,55.56,15068.92
2026-09-13,TXN100816,17033.56,captured,340.67,61.32,16631.57
2026-09-13,TXN100999,11252.75,captured,225.06,40.51,10987.18
2026-09-13,TXN101130,4578.06,captured,91.56,16.48,4470.02
2026-09-13,TXN101280,14163.38,captured,283.27,50.99,13829.12
2026-09-13,TXN101540,9926.16,captured,198.52,35.73,9691.91
2026-09-13,TXN101856,687.98,captured,13.76,2.48,671.74
2026-09-13,TXN101940,5317.08,captured,106.34,19.14,5191.6
2026-09-13,TXN102019,24974.11,captured,499.48,89.91,24384.72
2026-09-13,TXN102054,19734.56,captured,394.69,71.04,19268.83
2026-09-13,TXN102072,17724.65,captured,354.49,63.81,17306.35
2026-09-13,TXN102105,6345.33,captured,126.91,22.84,6195.58
2026-09-13,TXN102236,22669.69,captured,453.39,81.61,22134.69
2026-09-13,TXN102346,18888.2,captured,377.76,68.0,18442.44
2026-09-13,TXN102357,13259.54,captured,265.19,47.73,12946.62
2026-09-13,TXN102397,8865.07,captured,177.3,31.91,8655.86
2026-09-13,TXN102762,20373.95,captured,407.48,73.35,19893.12
2026-09-13,TXN102914,17657.6,captured,353.15,63.57,17240.88
2026-09-13,TXN103089,24268.52,captured,485.37,87.37,23695.78
2026-09-13,TXN103146,17472.6,captured,349.45,62.9,17060.25
2026-09-13,TXN103314,23774.34,captured,475.49,85.59,23213.26
2026-09-13,TXN103845,20329.44,captured,406.59,73.19,19849.66
2026-09-13,TXN103887,5982.81,captured,119.66,21.54,5841.61
2026-09-13,TXN103987,24733.46,captured,494.67,89.04,24149.75
2026-09-13,TXN104043,7701.04,captured,154.02,27.72,7519.3
2026-09-13,TXN104100,14508.03,captured,290.16,52.23,14165.64
2026-09-13,TXN104131,22464.08,captured,449.28,80.87,21933.93
2026-09-13,TXN104232,19766.97,captured,395.34,71.16,19300.47
2026-09-13,TXN104566,8299.94,captured,166.0,29.88,8104.06
2026-09-13,TXN104758,20296.56,captured,405.93,73.07,19817.56
2026-09-13,TXN104800,17530.25,captured,350.61,63.11,17116.53
2026-09-14,TXN100006,17622.73,captured,352.45,63.44,17206.84
2026-09-14,TXN100185,1294.38,captured,25.89,4.66,1263.83
2026-09-14,TXN100447,4949.51,captured,98.99,17.82,4832.7
2026-09-14,TXN100797,24363.37,captured,487.27,87.71,23788.39
2026-09-14,TXN100897,7756.08,captured,155.12,27.92,7573.04
2026-09-14,TXN101182,19865.54,captured,397.31,71.52,19396.71
2026-09-14,TXN101267,24386.93,captured,487.74,87.79,23811.4
2026-09-14,TXN101303,517.45,captured,10.35,1.86,505.24
2026-09-14,TXN101411,10957.97,captured,219.16,39.45,10699.36
2026-09-14,TXN101701,9536.8,captured,190.74,34.33,9311.73
2026-09-14,TXN101726,22706.91,captured,454.14,81.75,22171.02
2026-09-14,TXN101972,14965.14,captured,299.3,53.87,14611.97
2026-09-14,TXN102279,19150.12,captured,383.0,68.94,18698.18
2026-09-14,TXN102381,6271.97,captured,125.44,22.58,6123.95
2026-09-14,TXN102456,23551.17,captured,471.02,84.78,22995.37
2026-09-14,TXN102543,16386.28,captured,327.73,58.99,15999.56
2026-09-14,TXN102908,9737.89,captured,194.76,35.06,9508.07
2026-09-14,TXN102920,3365.01,captured,67.3,12.11,3285.6
2026-09-14,TXN103040,7115.89,captured,142.32,25.62,6947.95
2026-09-14,TXN103478,22362.56,captured,447.25,80.5,21834.81
2026-09-14,TXN103797,8900.06,captured,178.0,32.04,8690.02
2026-09-14,TXN104017,5164.47,captured,103.29,18.59,5042.59
2026-09-14,TXN104097,24825.86,captured,496.52,89.37,24239.97
2026-09-14,TXN104959,21348.47,captured,426.97,76.85,20844.65
2026-09-15,TXN100028,12631.01,captured,252.62,45.47,12332.92
2026-09-15,TXN100097,13364.84,captured,267.3,48.11,13049.43
2026-09-15,TXN100297,24257.93,captured,485.16,87.33,23685.44
2026-09-15,TXN100381,16377.64,captured,327.55,58.96,15991.13
2026-09-15,TXN100641,23395.29,captured,467.91,84.22,22843.16
2026-09-15,TXN100687,21549.08,captured,430.98,77.58,21040.52
2026-09-15,TXN100866,18858.23,captured,377.16,67.89,18413.18
2026-09-15,TXN100956,10658.42,captured,213.17,38.37,10406.88
2026-09-15,TXN101062,4375.43,captured,87.51,15.75,4272.17
2026-09-15,TXN101153,2505.71,captured,50.11,9.02,2446.58
2026-09-15,TXN101220,8061.68,captured,161.23,29.02,7871.43
2026-09-15,TXN101234,738.9,captured,14.78,2.66,721.46
2026-09-15,TXN101521,23310.26,captured,466.21,83.92,22760.13
2026-09-15,TXN101598,12437.72,captured,248.75,44.77,12144.2
2026-09-15,TXN101668,23645.86,captured,472.92,85.13,23087.81
2026-09-15,TXN101743,8920.79,captured,178.42,32.12,8710.25
2026-09-15,TXN101951,16782.72,captured,335.65,60.42,16386.65
2026-09-15,TXN102339,15672.41,captured,313.45,56.42,15302.54
2026-09-15,TXN102527,24310.42,captured,486.21,87.52,23736.69
2026-09-15,TXN102624,19749.13,captured,394.98,71.1,19283.05
2026-09-15,TXN102664,593.7,captured,11.87,2.14,579.69
2026-09-15,TXN102894,4343.25,captured,86.86,15.63,4240.76
2026-09-15,TXN102906,18706.45,captured,374.13,67.34,18264.98
2026-09-15,TXN103043,20490.01,captured,409.8,73.76,20006.45
2026-09-15,TXN103077,6656.43,captured,133.13,23.96,6499.34
2026-09-15,TXN103484,4039.65,captured,80.79,14.54,3944.32
2026-09-15,TXN103556,6331.88,captured,126.64,22.8,6182.44
2026-09-15,TXN103585,20313.41,captured,406.27,73.13,19834.01
2026-09-15,TXN103596,1250.99,captured,25.02,4.5,1221.47
2026-09-15,TXN103712,1515.62,captured,30.31,5.46,1479.85
2026-09-15,TXN103722,10198.55,captured,203.97,36.71,9957.87
2026-09-15,TXN103731,14532.17,captured,290.64,52.32,14189.21
2026-09-15,TXN104106,16735.43,captured,334.71,60.25,16340.47
2026-09-15,TXN104498,22296.74,captured,445.93,80.27,21770.54
2026-09-15,TXN104690,18190.97,captured,363.82,65.49,17761.66
2026-09-15,TXN104852,21841.19,captured,436.82,78.63,21325.74
2026-09-15,TXN104922,17729.74,captured,354.59,63.83,17311.32
2026-09-16,TXN100286,12394.12,captured,247.88,44.62,12101.62
2026-09-16,TXN100320,10076.4,captured,201.53,36.28,9838.59
2026-09-16,TXN100372,13179.85,captured,263.6,47.45,12868.8
2026-09-16,TXN101018,6256.47,captured,125.13,22.52,6108.82
2026-09-16,TXN101409,3519.12,captured,70.38,12.67,3436.07
2026-09-16,TXN101670,9197.41,captured,183.95,33.11,8980.35
2026-09-16,TXN101684,3690.34,captured,73.81,13.29,3603.24
2026-09-16,TXN101911,22380.98,captured,447.62,80.57,21852.79
2026-09-16,TXN101914,19167.29,captured,383.35,69.0,18714.94
2026-09-16,TXN102557,18548.73,captured,370.97,66.77,18110.99
2026-09-16,TXN102673,20907.18,captured,418.14,75.27,20413.77
2026-09-16,TXN102704,4831.07,captured,96.62,17.39,4717.06
2026-09-16,TXN102742,20432.6,captured,408.65,73.56,19950.39
2026-09-16,TXN102886,22835.7,captured,456.71,82.21,22296.78
2026-09-16,TXN103470,6244.84,captured,124.9,22.48,6097.46
2026-09-16,TXN103490,13278.22,captured,265.56,47.8,12964.86
2026-09-16,TXN103551,3322.7,captured,66.45,11.96,3244.29
2026-09-16,TXN104112,5457.54,captured,109.15,19.65,5328.74
2026-09-16,TXN104326,13835.12,captured,276.7,49.81,13508.61
2026-09-16,TXN104414,19667.91,captured,393.36,70.8,19203.75
2026-09-16,TXN104461,11614.76,captured,232.3,41.81,11340.65
2026-09-16,TXN104974,7520.22,captured,150.4,27.07,7342.75
2026-09-17,TXN100016,5929.09,captured,118.58,21.34,5789.17
2026-09-17,TXN100098,2858.59,captured,57.17,10.29,2791.13
2026-09-17,TXN100136,21245.98,captured,424.92,76.49,20744.57
2026-09-17,TXN100147,15933.64,captured,318.67,57.36,15557.61
2026-09-17,TXN100216,14664.42,captured,293.29,52.79,14318.34
2026-09-17,TXN100265,23646.28,captured,472.93,85.13,23088.22
2026-09-17,TXN101069,15739.75,captured,314.8,56.66,15368.29
2026-09-17,TXN101137,24172.19,captured,483.44,87.02,23601.73
2026-09-17,TXN101223,18248.3,captured,364.97,65.69,17817.64
2026-09-17,TXN101224,17004.5,captured,340.09,61.22,16603.19
2026-09-17,TXN101387,5989.55,captured,119.79,21.56,5848.2
2026-09-17,TXN101669,7001.37,captured,140.03,25.21,6836.13
2026-09-17,TXN101870,24022.15,captured,480.44,86.48,23455.23
2026-09-17,TXN102182,12598.11,captured,251.96,45.35,12300.8
2026-09-17,TXN102329,14766.23,captured,295.32,53.16,14417.75
2026-09-17,TXN103033,18695.44,captured,373.91,67.3,18254.23
2026-09-17,TXN103371,13412.87,captured,268.26,48.29,13096.32
2026-09-17,TXN103678,20989.59,captured,419.79,75.56,20494.24
2026-09-17,TXN104135,7539.19,captured,150.78,27.14,7361.27
2026-09-17,TXN104333,16473.66,captured,329.47,59.3,16084.89
2026-09-17,TXN104516,22662.45,captured,453.25,81.58,22127.62
2026-09-17,TXN104866,17942.5,captured,358.85,64.59,17519.06
2026-09-17,TXN104968,13943.27,captured,278.87,50.2,13614.2
2026-09-18,TXN100135,23043.04,captured,460.86,82.95,22499.23
2026-09-18,TXN100887,17523.04,captured,350.46,63.08,17109.5
2026-09-18,TXN102055,17512.53,captured,350.25,63.04,17099.24
2026-09-18,TXN102085,9218.3,captured,184.37,33.19,9000.74
2026-09-18,TXN102172,15198.19,captured,303.96,54.71,14839.52
2026-09-18,TXN102406,12227.38,captured,244.55,44.02,11938.81
2026-09-18,TXN102460,13472.23,captured,269.44,48.5,13154.29
2026-09-18,TXN102799,16239.74,captured,324.79,58.46,15856.49
2026-09-18,TXN102877,21273.45,captured,425.47,76.58,20771.4
2026-09-18,TXN103006,24578.34,captured,491.57,88.48,23998.29
2026-09-18,TXN103661,7182.13,captured,143.64,25.86,7012.63
2026-09-18,TXN104020,1111.16,captured,22.22,4.0,1084.94
2026-09-18,TXN104227,9749.9,captured,195.0,35.1,9519.8
2026-09-18,TXN104472,22859.54,captured,457.19,82.29,22320.06
2026-09-18,TXN104480,2914.07,captured,58.28,10.49,2845.3
2026-09-18,TXN104608,21476.77,captured,429.54,77.32,20969.91
2026-09-18,TXN104708,9133.77,captured,182.68,32.88,8918.21
2026-09-18,TXN104864,19548.9,captured,390.98,70.38,19087.54
2026-09-18,TXN104924,8367.26,captured,167.35,30.12,8169.79
2026-09-19,TXN100020,6894.35,captured,137.89,24.82,6731.64
2026-09-19,TXN100061,12289.74,captured,245.79,44.24,11999.71
2026-09-19,TXN100119,21642.38,captured,432.85,77.91,21131.62
2026-09-19,TXN100134,5166.77,captured,103.34,18.6,5044.83
2026-09-19,TXN100348,23749.7,captured,474.99,85.5,23189.21
2026-09-19,TXN100419,20213.14,captured,404.26,72.77,19736.11
2026-09-19,TXN100706,9714.52,captured,194.29,34.97,9485.26
2026-09-19,TXN100718,14103.61,captured,282.07,50.77,13770.77
2026-09-19,TXN101148,9154.88,captured,183.1,32.96,8938.82
2026-09-19,TXN101221,21866.65,captured,437.33,78.72,21350.6
2026-09-19,TXN101705,24709.61,captured,494.19,88.95,24126.47
2026-09-19,TXN101802,3205.98,captured,64.12,11.54,3130.32
2026-09-19,TXN101814,20289.71,captured,405.79,73.04,19810.88
2026-09-19,TXN101855,3401.06,captured,68.02,12.24,3320.8
2026-09-19,TXN102020,7829.46,captured,156.59,28.19,7644.68
2026-09-19,TXN102544,11295.87,captured,225.92,40.67,11029.28
2026-09-19,TXN102858,3340.52,captured,66.81,12.03,3261.68
2026-09-19,TXN102907,16565.42,captured,331.31,59.64,16174.47
2026-09-19,TXN103037,637.44,captured,12.75,2.29,622.4
2026-09-19,TXN103219,22358.91,captured,447.18,80.49,21831.24
2026-09-19,TXN103324,2148.16,captured,42.96,7.73,2097.47
2026-09-19,TXN103507,2676.29,captured,53.53,9.64,2613.12
2026-09-19,TXN103691,12280.98,captured,245.62,44.21,11991.15
2026-09-19,TXN103883,18588.6,captured,371.77,66.92,18149.91
2026-09-19,TXN104451,5169.16,captured,103.38,18.61,5047.17
2026-09-19,TXN104931,13937.37,captured,278.75,50.17,13608.45
2026-09-19,TXN104960,22638.2,captured,452.76,81.5,22103.94
2026-09-19,TXN104983,15474.84,captured,309.5,55.71,15109.63
2026-09-20,TXN100259,20589.1,captured,411.78,74.12,20103.2
2026-09-20,TXN100408,2315.06,captured,46.3,8.33,2260.43
2026-09-20,TXN100591,11923.5,captured,238.47,42.92,11642.11
2026-09-20,TXN100609,3007.23,captured,60.14,10.83,2936.26
2026-09-20,TXN100680,20230.81,captured,404.62,72.83,19753.36
2026-09-20,TXN100700,20514.05,captured,410.28,73.85,20029.92
2026-09-20,TXN100748,10935.16,captured,218.7,39.37,10677.09
2026-09-20,TXN100959,22577.94,captured,451.56,81.28,22045.1
2026-09-20,TXN101271,18772.36,captured,375.45,67.58,18329.33
2026-09-20,TXN101444,1190.71,captured,23.81,4.29,1162.61
2026-09-20,TXN101482,5505.58,captured,110.11,19.82,5375.65
2026-09-20,TXN101610,11630.4,captured,232.61,41.87,11355.92
2026-09-20,TXN101747,7324.2,captured,146.48,26.37,7151.35
2026-09-20,TXN101904,18802.55,captured,376.05,67.69,18358.81
2026-09-20,TXN102042,23650.52,captured,473.01,85.14,23092.37
2026-09-20,TXN102377,10056.43,captured,201.13,36.2,9819.1
2026-09-20,TXN102541,4586.34,captured,91.73,16.51,4478.1
2026-09-20,TXN102591,19638.35,captured,392.77,70.7,19174.88
2026-09-20,TXN102658,8432.26,captured,168.65,30.36,8233.25
2026-09-20,TXN102725,13447.78,captured,268.96,48.41,13130.41
2026-09-20,TXN103230,10337.75,captured,206.75,37.21,10093.79
2026-09-20,TXN103681,5133.25,captured,102.67,18.48,5012.1
2026-09-20,TXN103819,21251.28,captured,425.03,76.51,20749.74
2026-09-20,TXN103881,18340.19,captured,366.8,66.02,17907.37
2026-09-20,TXN103948,11844.29,captured,236.89,42.64,11564.76
2026-09-20,TXN104642,13694.03,captured,273.88,49.3,13370.85
2026-09-21,TXN100126,24534.4,captured,490.69,88.32,23955.39
2026-09-21,TXN100140,18778.92,captured,375.58,67.6,18335.74
2026-09-21,TXN100412,14950.42,captured,299.01,53.82,14597.59
2026-09-21,TXN100821,14838.17,captured,296.76,53.42,14487.99
2026-09-21,TXN100880,9999.71,captured,199.99,36.0,9763.72
2026-09-21,TXN101128,5406.26,captured,108.13,19.46,5278.67
2026-09-21,TXN101135,13159.76,captured,263.2,47.38,12849.18
2026-09-21,TXN101461,17619.05,captured,352.38,63.43,17203.24
2026-09-21,TXN101794,24820.19,captured,496.4,89.35,24234.44
2026-09-21,TXN101952,21793.94,captured,435.88,78.46,21279.6
2026-09-21,TXN101962,10229.61,captured,204.59,36.83,9988.19
2026-09-21,TXN102082,16887.48,captured,337.75,60.79,16488.94
2026-09-21,TXN102165,2399.65,captured,47.99,8.64,2343.02
2026-09-21,TXN102297,4977.27,captured,99.55,17.92,4859.8
2026-09-21,TXN102411,4217.55,captured,84.35,15.18,4118.02
2026-09-21,TXN102562,13463.66,captured,269.27,48.47,13145.92
2026-09-21,TXN102723,7049.33,captured,140.99,25.38,6882.96
2026-09-21,TXN102888,11993.51,captured,239.87,43.18,11710.46
2026-09-21,TXN102898,19701.83,captured,394.04,70.93,19236.86
2026-09-21,TXN102939,10805.98,captured,216.12,38.9,10550.96
2026-09-21,TXN102958,24209.61,captured,484.19,87.15,23638.27
2026-09-21,TXN102964,15334.96,captured,306.7,55.21,14973.05
2026-09-21,TXN102976,22235.59,captured,444.71,80.05,21710.83
2026-09-21,TXN102985,6469.2,captured,129.38,23.29,6316.53
2026-09-21,TXN103013,20796.94,captured,415.94,74.87,20306.13
2026-09-21,TXN103433,16035.0,captured,320.7,57.73,15656.57
2026-09-21,TXN103436,21935.53,captured,438.71,78.97,21417.85
2026-09-21,TXN103495,12067.4,captured,241.35,43.44,11782.61
2026-09-21,TXN103504,7366.41,captured,147.33,26.52,7192.56
2026-09-21,TXN104450,10022.31,captured,200.45,36.08,9785.78
2026-09-21,TXN104488,14917.76,captured,298.36,53.7,14565.7
2026-09-21,TXN104625,9622.4,captured,192.45,34.64,9395.31
2026-09-22,TXN100436,23126.61,captured,462.53,83.26,22580.82
2026-09-22,TXN100623,16189.73,captured,323.79,58.28,15807.66
2026-09-22,TXN100639,19337.92,captured,386.76,69.62,18881.54
2026-09-22,TXN100676,5373.42,captured,107.47,19.34,5246.61
2026-09-22,TXN100892,19127.67,captured,382.55,68.86,18676.26
2026-09-22,TXN101129,519.78,captured,10.4,1.87,507.51
2026-09-22,TXN101159,9727.23,captured,194.54,35.02,9497.67
2026-09-22,TXN101589,12589.46,captured,251.79,45.32,12292.35
2026-09-22,TXN101899,23910.01,captured,478.2,86.08,23345.73
2026-09-22,TXN102049,13673.44,captured,273.47,49.22,13350.75
2026-09-22,TXN102433,9235.83,captured,184.72,33.25,9017.86
2026-09-22,TXN102529,9689.79,captured,193.8,34.88,9461.11
2026-09-22,TXN102659,21182.57,captured,423.65,76.26,20682.66
2026-09-22,TXN103176,16459.24,captured,329.18,59.25,16070.81
2026-09-22,TXN103398,24763.2,captured,495.26,89.15,24178.79
2026-09-22,TXN103539,17184.8,captured,343.7,61.87,16779.23
2026-09-22,TXN103581,23788.89,captured,475.78,85.64,23227.47
2026-09-22,TXN103604,10574.45,captured,211.49,38.07,10324.89
2026-09-22,TXN104189,4391.2,captured,87.82,15.81,4287.57
2026-09-22,TXN104294,14795.75,captured,295.92,53.27,14446.56
2026-09-22,TXN104317,22841.58,captured,456.83,82.23,22302.52
2026-09-22,TXN104424,14215.09,captured,284.3,51.17,13879.62
2026-09-22,TXN104579,14074.81,captured,281.5,50.67,13742.64
2026-09-22,TXN104619,19881.23,captured,397.62,71.57,19412.04
2026-09-22,TXN104646,4357.62,captured,87.15,15.69,4254.78
2026-09-22,TXN104743,15248.56,captured,304.97,54.89,14888.7
2026-09-22,TXN104948,16569.04,captured,331.38,59.65,16178.01
2026-09-23,TXN100196,15130.17,captured,302.6,54.47,14773.1
2026-09-23,TXN100246,6065.57,captured,121.31,21.84,5922.42
2026-09-23,TXN100575,10330.49,captured,206.61,37.19,10086.69
2026-09-23,TXN101177,24888.17,captured,497.76,89.6,24300.81
2026-09-23,TXN101283,8022.55,captured,160.45,28.88,7833.22
2026-09-23,TXN101315,10777.97,captured,215.56,38.8,10523.61
2026-09-23,TXN101318,4097.74,captured,81.95,14.75,4001.04
2026-09-23,TXN101405,10668.94,captured,213.38,38.41,10417.15
2026-09-23,TXN101433,17757.71,captured,355.15,63.93,17338.63
2026-09-23,TXN101779,8493.47,captured,169.87,30.58,8293.02
2026-09-23,TXN101817,16217.14,captured,324.34,58.38,15834.42
2026-09-23,TXN101908,11314.77,captured,226.3,40.73,11047.74
2026-09-23,TXN101963,14526.39,captured,290.53,52.3,14183.56
2026-09-23,TXN102109,12058.21,captured,241.16,43.41,11773.64
2026-09-23,TXN102119,20056.97,captured,401.14,72.21,19583.62
2026-09-23,TXN102280,10434.81,captured,208.7,37.57,10188.54
2026-09-23,TXN102765,17498.07,captured,349.96,62.99,17085.12
2026-09-23,TXN102947,13844.71,captured,276.89,49.84,13517.98
2026-09-23,TXN103087,15313.21,captured,306.26,55.13,14951.82
2026-09-23,TXN103106,9803.17,captured,196.06,35.29,9571.82
2026-09-23,TXN103215,10746.13,captured,214.92,38.69,10492.52
2026-09-23,TXN103796,3269.92,captured,65.4,11.77,3192.75
2026-09-23,TXN103972,2546.87,captured,50.94,9.17,2486.76
2026-09-23,TXN104347,21880.52,captured,437.61,78.77,21364.14
2026-09-23,TXN104389,1908.74,captured,38.17,6.87,1863.7
2026-09-23,TXN104528,15576.46,captured,311.53,56.08,15208.85
2026-09-23,TXN104678,12410.62,captured,248.21,44.68,12117.73
2026-09-23,TXN104686,3471.09,captured,69.42,12.5,3389.17
2026-09-23,TXN104694,4123.47,captured,82.47,14.84,4026.16
2026-09-23,TXN104909,22976.66,captured,459.53,82.72,22434.41
2026-09-23,TXN104971,10908.66,captured,218.17,39.27,10651.22
2026-09-24,TXN100024,14056.66,captured,281.13,50.6,13724.93
2026-09-24,TXN100109,22627.04,captured,452.54,81.46,22093.04
2026-09-24,TXN100528,11264.54,captured,225.29,40.55,10998.7
2026-09-24,TXN100576,1779.85,captured,35.6,6.41,1737.84
2026-09-24,TXN100770,18186.84,captured,363.74,65.47,17757.63
2026-09-24,TXN100919,962.56,captured,19.25,3.46,939.85
2026-09-24,TXN101041,7574.58,captured,151.49,27.27,7395.82
2026-09-24,TXN101125,2532.68,captured,50.65,9.12,2472.91
2026-09-24,TXN101186,3160.01,captured,63.2,11.38,3085.43
2026-09-24,TXN101222,17604.33,captured,352.09,63.38,17188.86
2026-09-24,TXN101570,12039.19,captured,240.78,43.34,11755.07
2026-09-24,TXN101623,20611.74,captured,412.23,74.2,20125.31
2026-09-24,TXN101867,2277.56,captured,45.55,8.2,2223.81
2026-09-24,TXN101934,20504.02,captured,410.08,73.81,20020.13
2026-09-24,TXN102136,19146.69,captured,382.93,68.93,18694.83
2026-09-24,TXN102208,16975.25,captured,339.5,61.11,16574.64
2026-09-24,TXN102259,22961.2,captured,459.22,82.66,22419.32
2026-09-24,TXN102572,10768.36,captured,215.37,38.77,10514.22
2026-09-24,TXN102750,8153.78,captured,163.08,29.35,7961.35
2026-09-24,TXN102795,9394.06,captured,187.88,33.82,9172.36
2026-09-24,TXN102932,2745.53,captured,54.91,9.88,2680.74
2026-09-24,TXN103343,18189.06,captured,363.78,65.48,17759.8
2026-09-24,TXN103687,6797.92,captured,135.96,24.47,6637.49
2026-09-24,TXN103747,14263.22,captured,285.26,51.35,13926.61
2026-09-24,TXN104366,5807.47,captured,116.15,20.91,5670.41
2026-09-24,TXN104440,21245.47,captured,424.91,76.48,20744.08
2026-09-24,TXN104599,16952.9,captured,339.06,61.03,16552.81
2026-09-24,TXN104742,14862.16,captured,297.24,53.5,14511.42
2026-09-24,TXN104753,7586.88,captured,151.74,27.31,7407.83
2026-09-25,TXN100165,4074.29,captured,81.49,14.67,3978.13
2026-09-25,TXN100522,12588.83,captured,251.78,45.32,12291.73
2026-09-25,TXN100811,10632.03,captured,212.64,38.28,10381.11
2026-09-25,TXN100851,23003.28,captured,460.07,82.81,22460.4
2026-09-25,TXN101050,1974.53,captured,39.49,7.11,1927.93
2026-09-25,TXN101257,14590.29,captured,291.81,52.53,14245.95
2026-09-25,TXN101543,17210.62,captured,344.21,61.96,16804.45
2026-09-25,TXN101664,17559.25,captured,351.19,63.21,17144.85
2026-09-25,TXN101831,6133.01,captured,122.66,22.08,5988.27
2026-09-25,TXN101973,20243.07,captured,404.86,72.87,19765.34
2026-09-25,TXN101974,3434.24,captured,68.68,12.36,3353.2
2026-09-25,TXN102001,14346.05,captured,286.92,51.65,14007.48
2026-09-25,TXN102062,22646.37,captured,452.93,81.53,22111.91
2026-09-25,TXN102374,10305.76,captured,206.12,37.1,10062.54
2026-09-25,TXN102474,5552.27,captured,111.05,19.99,5421.23
2026-09-25,TXN102583,1906.2,captured,38.12,6.86,1861.22
2026-09-25,TXN102749,3583.41,captured,71.67,12.9,3498.84
2026-09-25,TXN102860,8520.19,captured,170.4,30.67,8319.12
2026-09-25,TXN103055,4997.72,captured,99.95,17.99,4879.78
2026-09-25,TXN103100,6906.18,captured,138.12,24.86,6743.2
2026-09-25,TXN103156,11870.37,captured,237.41,42.73,11590.23
2026-09-25,TXN103385,6926.19,captured,138.52,24.93,6762.74
2026-09-25,TXN103442,8037.53,captured,160.75,28.93,7847.85
2026-09-25,TXN103928,20034.17,captured,400.68,72.12,19561.37
2026-09-25,TXN104005,3475.26,captured,69.51,12.51,3393.24
2026-09-25,TXN104264,24586.58,captured,491.73,88.51,24006.34
2026-09-25,TXN104274,3621.97,captured,72.44,13.04,3536.49
2026-09-25,TXN104576,4128.11,captured,82.56,14.86,4030.69
2026-09-25,TXN104622,14068.89,captured,281.38,50.65,13736.86
2026-09-25,TXN104624,4086.38,captured,81.73,14.71,3989.94
2026-09-25,TXN104660,22412.29,captured,448.25,80.69,21883.35
2026-09-25,TXN104663,23767.73,captured,475.35,85.56,23206.82
2026-09-26,TXN100152,9784.27,captured,195.69,35.22,9553.36
2026-09-26,TXN100155,13093.56,captured,261.87,47.14,12784.55
2026-09-26,TXN100169,782.44,captured,15.65,2.82,763.97
2026-09-26,TXN100227,23619.01,captured,472.38,85.03,23061.6
2026-09-26,TXN100707,10583.22,captured,211.66,38.1,10333.46
2026-09-26,TXN100722,15228.72,captured,304.57,54.82,14869.33
2026-09-26,TXN100905,8786.28,captured,175.73,31.63,8578.92
2026-09-26,TXN101023,9161.94,captured,183.24,32.98,8945.72
2026-09-26,TXN101078,16786.47,captured,335.73,60.43,16390.31
2026-09-26,TXN101281,7404.67,captured,148.09,26.66,7229.92
2026-09-26,TXN101415,14530.18,captured,290.6,52.31,14187.27
2026-09-26,TXN101527,13620.4,captured,272.41,49.03,13298.96
2026-09-26,TXN101580,12405.27,captured,248.11,44.66,12112.5
2026-09-26,TXN101640,5753.69,captured,115.07,20.71,5617.91
2026-09-26,TXN101646,3520.27,captured,70.41,12.67,3437.19
2026-09-26,TXN101667,15563.73,captured,311.27,56.03,15196.43
2026-09-26,TXN101722,13796.26,captured,275.93,49.67,13470.66
2026-09-26,TXN101754,5463.56,captured,109.27,19.67,5334.62
2026-09-26,TXN101816,11866.41,captured,237.33,42.72,11586.36
2026-09-26,TXN102016,20585.9,captured,411.72,74.11,20100.07
2026-09-26,TXN102120,17302.16,captured,346.04,62.29,16893.83
2026-09-26,TXN102152,14857.7,captured,297.15,53.49,14507.06
2026-09-26,TXN102542,17671.5,captured,353.43,63.62,17254.45
2026-09-26,TXN102814,10620.64,captured,212.41,38.23,10370.0
2026-09-26,TXN102836,10224.67,captured,204.49,36.81,9983.37
2026-09-26,TXN102895,12216.31,captured,244.33,43.98,11928.0
2026-09-26,TXN103224,11088.56,captured,221.77,39.92,10826.87
2026-09-26,TXN103409,24340.28,captured,486.81,87.63,23765.84
2026-09-26,TXN103697,10132.81,captured,202.66,36.48,9893.67
2026-09-26,TXN103829,2426.55,captured,48.53,8.74,2369.28
2026-09-26,TXN104256,2175.6,captured,43.51,7.83,2124.26
2026-09-26,TXN104365,19248.03,captured,384.96,69.29,18793.78
2026-09-26,TXN104466,9566.01,captured,191.32,34.44,9340.25
2026-09-26,TXN104504,17122.7,captured,342.45,61.64,16718.61
2026-09-26,TXN104580,5870.34,captured,117.41,21.13,5731.8
2026-09-27,TXN100189,6629.22,captured,132.58,23.86,6472.78
2026-09-27,TXN100344,7764.1,captured,155.28,27.95,7580.87
2026-09-27,TXN100758,4533.17,captured,90.66,16.32,4426.19
2026-09-27,TXN100901,18954.23,captured,379.08,68.23,18506.92
2026-09-27,TXN100975,22420.78,captured,448.42,80.72,21891.64
2026-09-27,TXN101096,15689.53,captured,313.79,56.48,15319.26
2026-09-27,TXN101264,13830.81,captured,276.62,49.79,13504.4
2026-09-27,TXN101326,21251.81,captured,425.04,76.51,20750.26
2026-09-27,TXN101487,18879.24,captured,377.58,67.96,18433.7
2026-09-27,TXN101516,18818.57,captured,376.37,67.75,18374.45
2026-09-27,TXN101547,15682.02,captured,313.64,56.46,15311.92
2026-09-27,TXN101631,14532.94,captured,290.66,52.32,14189.96
2026-09-27,TXN101886,6134.04,captured,122.68,22.08,5989.28
2026-09-27,TXN102253,23733.16,captured,474.66,85.44,23173.06
2026-09-27,TXN102261,9262.52,captured,185.25,33.34,9043.93
2026-09-27,TXN102288,21340.22,captured,426.8,76.82,20836.6
2026-09-27,TXN102385,11298.07,captured,225.96,40.67,11031.44
2026-09-27,TXN102891,21449.43,captured,428.99,77.22,20943.22
2026-09-27,TXN103021,18342.28,captured,366.85,66.03,17909.4
2026-09-27,TXN103170,16964.75,captured,339.3,61.07,16564.38
2026-09-27,TXN103456,5365.09,captured,107.3,19.31,5238.48
2026-09-27,TXN103471,13803.02,captured,276.06,49.69,13477.27
2026-09-27,TXN103734,13470.14,captured,269.4,48.49,13152.25
2026-09-27,TXN104275,6398.32,captured,127.97,23.03,6247.32
2026-09-27,TXN104623,14211.8,captured,284.24,51.16,13876.4
2026-09-27,TXN104634,12366.63,captured,247.33,44.52,12074.78
2026-09-27,TXN104918,13017.82,captured,260.36,46.86,12710.6
2026-09-28,TXN100418,5983.73,captured,119.67,21.54,5842.52
2026-09-28,TXN100492,11887.02,captured,237.74,42.79,11606.49
2026-09-28,TXN100665,19315.07,captured,386.3,69.53,18859.24
2026-09-28,TXN100837,5605.46,captured,112.11,20.18,5473.17
2026-09-28,TXN100838,20275.63,captured,405.51,72.99,19797.13
2026-09-28,TXN100845,20075.15,captured,401.5,72.27,19601.38
2026-09-28,TXN100874,7528.08,captured,150.56,27.1,7350.42
2026-09-28,TXN101032,22955.44,captured,459.11,82.64,22413.69
2026-09-28,TXN101286,17825.77,captured,356.52,64.17,17405.08
2026-09-28,TXN101579,11106.25,captured,222.12,39.98,10844.15
2026-09-28,TXN101712,19736.92,captured,394.74,71.05,19271.13
2026-09-28,TXN101806,20158.87,captured,403.18,72.57,19683.12
2026-09-28,TXN101866,9403.89,captured,188.08,33.85,9181.96
2026-09-28,TXN102022,10312.4,captured,206.25,37.12,10069.03
2026-09-28,TXN102501,21021.26,captured,420.43,75.68,20525.15
2026-09-28,TXN102804,14778.16,captured,295.56,53.2,14429.4
2026-09-28,TXN102880,14477.11,captured,289.54,52.12,14135.45
2026-09-28,TXN103256,19680.49,captured,393.61,70.85,19216.03
2026-09-28,TXN103553,18459.9,captured,369.2,66.46,18024.24
2026-09-28,TXN103669,23003.84,captured,460.08,82.81,22460.95
2026-09-28,TXN103675,17292.06,captured,345.84,62.25,16883.97
2026-09-28,TXN103878,6295.73,captured,125.91,22.66,6147.16
2026-09-28,TXN104064,5294.66,captured,105.89,19.06,5169.71
2026-09-28,TXN104072,12329.92,captured,246.6,44.39,12038.93
2026-09-28,TXN104086,6697.94,captured,133.96,24.11,6539.87
2026-09-28,TXN104289,19179.82,captured,383.6,69.05,18727.17
2026-09-28,TXN104481,3726.26,captured,74.53,13.42,3638.31
2026-09-28,TXN104487,4895.8,captured,97.92,17.63,4780.25
